index,quest_id,prowler,grade_a,grade_b,grade_c,sets
0,20001,no,300,600,780,0 1 2 8 4
1,20002,no,300,600,900,6 10 7 3 5
2,20003,no,300,600,900,1 12 7 13 9
3,20004,no,300,600,900,1 10 2 3 4
4,20005,no,300,600,900,6 10 11 12 4
5,20006,no,300,600,900,0 1 11 8 5
6,20007,no,300,600,900,0 2 13 8 9
7,20008,no,300,600,780,6 12 13 3 5
8,20009,no,300,600,900,10 2 12 7 9
9,20010,no,420,840,1200,0 11 7 8 4
10,20011,no,420,900,1200,6 11 13 3 9
11,120001,yes,300,600,780,1 2 4 5 6
12,120002,yes,300,600,900,0 1 2 4 6
13,120003,yes,300,600,900,0 1 4 5 6
14,120004,yes,300,540,780,0 2 3 5 7
15,120005,yes,300,600,900,1 3 4 6 7
16,120006,yes,420,840,1200,0 2 3 5 7
