kind,bit,name,category,ingredient_a,ingredient_b
ingredient,0,Larinoth Salami,meat,,
ingredient,1,Anmo Beef,meat,,
ingredient,2,Diced Steak,meat,,
ingredient,3,Rheno Prosciutto,meat,,
ingredient,4,Malfest Roast,meat,,
ingredient,5,Hot Heart,meat,,
ingredient,6,Magma Pork,meat,,
ingredient,7,Dragontail,meat,,
ingredient,8,Larinoth Cuts,meat,,
ingredient,9,Superior Rice,grain,,
ingredient,10,Cheeko Corn,grain,,
ingredient,11,Loc Lac Walnut,grain,,
ingredient,12,Loc Lac Peanut,grain,,
ingredient,13,Spring Rice,grain,,
ingredient,14,Fluffy Waffle,grain,,
ingredient,15,Manygrain Rice,grain,,
ingredient,16,Big Dundor Bean,grain,,
ingredient,17,Megabagel,grain,,
ingredient,18,Chomoran Rice,grain,,
ingredient,19,Bherna Greens,vegetable,,
ingredient,20,Moga Garlic,vegetable,,
ingredient,21,Bamboo Sprouts,vegetable,,
ingredient,22,Bherna Eggplant,vegetable,,
ingredient,23,Cathar Tomato,vegetable,,
ingredient,24,Nibelapple,vegetable,,
ingredient,25,Frozen Mushrooms,vegetable,,
ingredient,26,Emperor Celery,vegetable,,
ingredient,27,Cannon Lettuce,vegetable,,
ingredient,28,King of All Fruits,vegetable,,
ingredient,29,Prime Moga Tuna,fish,,
ingredient,30,Moga Crab,fish,,
ingredient,31,Ancient Seabream,fish,,
ingredient,32,Moga Mussel,fish,,
ingredient,33,Jumbo Fish,fish,,
ingredient,34,Cathar Flying Fish,fish,,
ingredient,35,Ancient Giant Squid,fish,,
ingredient,36,Abalone Cluster,fish,,
ingredient,37,Armorfish Morsel,fish,,
ingredient,38,Natural Blowfish,fish,,
ingredient,39,Master Ale,drink,,
ingredient,40,Blessed Wine,drink,,
ingredient,41,Wyvern Amber Ale,drink,,
ingredient,42,Pokkawokka,drink,,
ingredient,43,Dragonslayer-brand Firewater,drink,,
ingredient,44,Chat-eau de Nya,drink,,
dish,0,Dauntless Pasta,starter,,
dish,1,Vigorous Stir-fry,starter,,
dish,2,Larinoth Salami Roll,,0,1
dish,3,Cheeko Corn Butter Rice,,9,10
dish,4,Moga Garlic Rice,,9,20
dish,5,Moga Deep-fried Crab,,19,30
dish,6,Larinoth Garlic Pizza,,0,20
dish,7,Moga Carpaccio,,29,1
dish,8,Larinoth Quiche,,0,2
dish,9,Desert Fried Rice,,9,11
dish,10,Bamboo Rice,,9,21
dish,11,Bherna Seabream Soup,,19,31
dish,12,Stir-fry Meat 'n Sprouts,,0,21
dish,13,Moga Rolls,,29,2
dish,14,Ardent Crockpot,special,,
dish,15,Anmo Meatballs,,1,3
dish,16,Cheeko Coleslaw,,10,12
dish,17,Bherna Meaty Tofu,,1,22
dish,18,Cheeko BBQ Corn,,10,32
dish,19,Moga Pepperoncino,,20,22
dish,20,Crab 'n Rheno Dumplings,,30,3
dish,21,Prosciutto Meatballs,,2,3
dish,22,Nutty Stir-fry,,11,12
dish,23,Deep-fried Eggplant,,2,22
dish,24,Deep-fried Mussel,,11,32
dish,25,Grilled Shootplant,,21,22
dish,26,Seabream Antipasto,,31,3
dish,27,Spirited Chowder,special,,
dish,28,Diced BBQ,,2,4
dish,29,Loc Lac Rice Tea,,11,13
dish,30,Cathar Tomato Steak,,2,23
dish,31,Chopped Fish 'n Nuts,,11,33
dish,32,Chicken Shoot Rice,,21,23
dish,33,Puréed Seabream,,31,4
dish,34,Roasted Rheno,,3,4
dish,35,Loc Lac Spring Rice,,12,13
dish,36,Prosciutto Salad,,3,23
dish,37,Grounded Peanut Dip,,12,33
dish,38,Eggplant 'n Tomato Pasta,,22,23
dish,39,Mussel 'n Meat Ajillo,,32,4
dish,40,Affectionate Soup,special,,
dish,41,Rheno Heartful Sandwich,,3,5
dish,42,Hot Heart Bowl,,4,5
dish,43,Jumbo Hotpot,,33,5
dish,44,Fried Flying Fish,,12,34
dish,45,Abyssal Fish Bowl,,13,34
dish,46,BBQ Hot Mussels,,32,5
dish,47,Bherna Carbonade,,22,39
dish,48,Creamy Waffles,,12,14
dish,49,Fluffy Spring Omelet,,13,14
dish,50,Ginger Malfest Roast,,4,24
dish,51,Marinated Eggplants,,22,24
dish,52,Cathar Apple Tart,,23,24
dish,53,Nibelapple Ham Rolls,,3,24
dish,54,Master Veggie Stew,,23,39
dish,55,Exquisite Rice,special,,
dish,56,Magma Meat Bowl,,3,6
dish,57,Loc Lac Rice,,12,15
dish,58,Chopped Rheno Ham,,3,25
dish,59,Fried Squid Rings,,12,35
dish,60,Chilled Fried Eggplant,,22,25
dish,61,Moga Spicy Curry,,32,6
dish,62,Eggplant Stew,,22,40
dish,63,Hot Malfest Beef,,4,6
dish,64,Manygrain Riceball,,13,15
dish,65,Steam-boiled Fowl,,4,25
dish,66,Ancient Squid Rice,,13,35
dish,67,Snowy Salad,,23,25
dish,68,Jumbo Fried Pork,,33,6
dish,69,Drizzled Cathar Tomato,,23,40
dish,70,Dragon Salad,,3,41
dish,71,Stir-fry Dragon Peanuts,,12,41
dish,72,Dragon Eggplants,,22,41
dish,73,Shaved Dragon Mussels,,32,41
dish,74,Spring Dragon Sushi,,13,41
dish,75,Cathar Dragon Risotto,,23,41
dish,76,Jumbo Fried Dragon,,33,41
dish,77,Wyvernburger,,4,7
dish,78,Crispy Malfest Marinade,,4,26
dish,79,Ancient Squid Stew,,35,26
dish,80,Steamed Abalone and Eggplant,,22,36
dish,81,Dundor Bean and Squid Noodles,,35,16
dish,82,Steamed Bherna Eggplant,,22,42
dish,83,Lari-Malfest Mixed Grill,,4,8
dish,84,Malfest Ramen,,4,37
dish,85,Grilled Bherna Eggplant,,22,27
dish,86,Master's Fried Squid Burger,,35,17
dish,87,Pickled Bherna Eggplant,,22,43
dish,88,Hearty Larinoth Rice Bowl,,8,18
dish,89,King of All Meat Pies,,8,28
dish,90,Larinoth and Blowfish Soup,,8,38
dish,91,King of All Risottos,,28,18
dish,92,Special Blowfish Porridge,,18,38
dish,93,King of All Blowfish Ceviches,,28,38
dish,94,Larinoth Stroganoff,,44,8
dish,95,Strong Wine Gruel,,44,18
dish,96,King of All Jams,,44,28
dish,97,Blowfish Meunière,,44,38
dish,98,Ultimate Rice,special,,
