item1,item2,result,chance
272,292,9,95
9,271,10,90
1716,271,1717,90
384,292,11,90
11,271,12,75
292,273,13,95
385,279,27,90
298,12,28,65
14,526,29,55
36,433,31,65
385,271,34,75
298,34,14,75
367,34,25,90
34,49,15,75
471,50,16,65
293,271,30,75
473,34,33,65
34,303,17,65
472,17,18,55
14,303,19,75
34,304,20,65
472,20,21,55
14,304,22,75
280,385,24,90
50,280,53,95
322,385,23,90
50,322,52,95
2054,280,282,90
2060,322,283,90
45,295,46,90
45,294,47,90
45,276,48,90
317,277,69,95
69,385,74,95
69,275,75,75
69,295,76,75
69,386,71,75
69,79,78,75
302,277,70,95
69,297,77,95
274,293,35,95
274,86,88,90
35,87,89,75
368,89,90,55
88,542,91,55
370,91,92,55
35,450,72,75
275,81,82,90
80,82,83,65
80,387,84,90
260,389,264,90
260,383,262,95
260,388,263,90
410,317,57,95
410,318,58,75
410,320,59,95
275,410,60,95
275,407,61,75
275,408,62,95
384,432,36,90
36,265,266,65
13,265,267,65
18,408,268,55
21,408,269,55
64,295,65,65
64,276,66,65
64,294,67,65
56,407,63,75
40,1515,41,95
42,1515,43,95
308,98,101,95
367,98,102,95
309,98,103,90
571,99,104,75
365,99,105,75
307,98,106,90
432,98,107,75
432,99,108,75
293,98,109,90
369,98,110,90
370,99,111,75
310,98,112,90
433,99,113,75
368,99,114,75
274,98,115,90
362,98,116,75
281,98,118,75
386,98,117,75
306,99,119,75
272,98,128,90
9,98,129,90
295,98,120,90
616,99,121,75
294,98,122,90
603,99,123,90
276,98,124,90
364,99,125,75
302,98,130,90
296,98,126,75
375,99,127,75
99,56,207,90
295,207,213,90
294,207,214,90
276,207,215,90
274,207,208,90
293,207,209,90
362,207,212,90
302,207,218,90
296,207,216,90
370,207,217,90
385,207,210,90
279,207,211,90
221,219,229,100
222,219,230,100
223,219,231,100
221,220,232,100
222,220,233,100
223,220,234,100
224,219,235,100
225,219,236,100
226,219,237,100
227,219,238,100
228,219,239,100
224,51,240,100
225,51,241,100
226,51,242,100
227,51,243,100
228,51,244,100
276,294,37,65
37,64,68,75
37,69,73,75
37,99,131,90
345,320,346,95
345,392,346,95
345,325,347,95
345,393,347,95
345,329,348,95
345,395,348,95
345,334,349,95
345,396,349,95
449,318,318,100
449,319,319,100
449,320,320,100
449,325,325,100
449,329,329,100
449,334,334,100
449,326,326,100
449,335,335,100
449,321,321,100
449,323,323,100
449,324,324,100
449,332,332,100
449,413,413,100
449,414,414,100
449,415,415,100
449,395,395,100
449,392,392,100
449,393,393,100
449,391,391,100
449,396,396,100
449,427,427,100
250,247,247,100
250,248,248,100
250,249,249,100
250,252,252,100
250,253,253,100
250,254,254,100
345,330,350,95
345,401,350,95
345,331,351,95
345,402,351,95
449,330,330,100
449,331,331,100
449,327,327,100
449,333,333,100
449,401,401,100
449,402,402,100
449,428,428,100
449,338,338,100
449,390,390,100
449,412,412,100
449,290,290,100
449,291,291,100
