item,slots,tree,points
2638,1,1,1
2638,1,4,-1
2639,2,1,3
2639,2,4,-1
2640,1,2,1
2640,1,1,-1
2641,2,2,3
2641,2,1,-1
2642,1,3,1
2642,1,8,-1
2643,2,3,3
2643,2,8,-1
2644,1,4,1
2644,1,2,-1
2645,1,4,2
2646,1,5,1
2646,1,115,-1
2647,3,5,4
2647,3,115,-2
2648,1,6,1
2648,1,135,-1
2649,2,6,3
2649,2,135,-1
2650,1,7,1
2650,1,3,-1
2651,1,7,2
2652,1,8,1
2652,1,3,-1
2653,1,8,2
2654,1,9,2
2655,1,10,2
2656,1,11,1
2656,1,9,-1
2657,3,11,4
2657,3,9,-2
2658,1,12,1
2658,1,10,-1
2659,3,12,4
2659,3,10,-2
2660,1,13,2
2661,1,14,2
2662,1,15,1
2662,1,82,-1
2663,3,15,5
2663,3,82,-1
2664,1,16,1
2664,1,103,-1
2665,1,16,2
2666,1,17,2
2667,1,18,1
2667,1,19,-1
2668,2,18,3
2668,2,19,-1
2669,3,18,5
2669,3,19,-1
2670,1,19,1
2670,1,18,-1
2671,2,19,3
2671,2,18,-1
2672,1,20,2
2673,1,21,1
2673,1,22,-1
2674,1,21,2
2675,1,22,1
2675,1,23,-1
2676,1,22,2
2677,1,23,1
2677,1,24,-1
2678,1,23,2
2679,1,24,1
2679,1,21,-1
2680,1,24,2
2681,1,25,1
2681,1,1,-1
2682,1,25,2
2683,1,26,1
2683,1,20,-1
2684,3,26,4
2684,3,20,-2
2685,1,27,1
2685,1,28,-1
2686,2,27,3
2686,2,28,-1
2687,1,28,1
2687,1,29,-1
2688,2,28,3
2688,2,29,-1
2689,1,29,1
2689,1,30,-1
2690,2,29,3
2690,2,30,-1
2691,1,30,1
2691,1,27,-1
2692,2,30,3
2692,2,27,-1
2693,1,31,1
2693,1,33,-1
2694,2,31,3
2694,2,33,-1
2695,1,32,1
2695,1,33,-1
2696,3,32,4
2696,3,33,-2
2697,1,33,1
2697,1,32,-1
2698,2,33,3
2698,2,32,-1
2699,1,34,2
2700,1,35,1
2700,1,36,-1
2701,3,35,4
2701,3,36,-2
2702,1,36,1
2702,1,35,-1
2703,3,36,4
2703,3,35,-2
2704,1,37,1
2704,1,35,-1
2705,3,37,4
2705,3,35,-2
2706,1,38,1
2706,1,34,-1
2707,3,38,4
2707,3,34,-2
2708,1,39,1
2708,1,18,-1
2709,2,39,3
2709,2,18,-2
2710,1,40,1
2710,1,70,-1
2711,2,40,3
2711,2,70,-1
2712,1,41,1
2712,1,36,-1
2713,3,41,4
2713,3,36,-2
2714,1,42,1
2714,1,34,-1
2715,2,42,3
2715,2,34,-1
2716,1,43,2
2716,1,42,-1
2719,1,44,1
2721,3,44,4
2722,1,45,1
2722,1,46,-1
2723,2,45,3
2723,2,46,-1
2724,1,46,1
2724,1,45,-1
2725,3,46,4
2725,3,45,-2
2726,1,47,2
2727,1,48,1
2727,1,46,-1
2728,3,48,4
2728,3,46,-2
2729,1,49,1
2729,1,46,-1
2730,3,49,4
2730,3,46,-2
2731,1,50,1
2731,1,46,-1
2732,3,50,4
2732,3,46,-2
2733,1,51,1
2733,1,46,-1
2734,3,51,4
2734,3,46,-2
2735,1,52,1
2735,1,45,-1
2736,2,52,3
2736,2,45,-1
2737,1,53,2
2738,1,54,2
2739,1,55,2
2740,1,56,1
2740,1,45,-1
2741,3,56,4
2741,3,45,-2
2742,1,57,2
2743,1,58,1
2743,1,18,-1
2744,2,58,3
2744,2,18,-1
2745,1,59,2
2746,1,60,1
2746,1,70,-1
2747,2,60,3
2747,2,70,-1
2748,1,61,1
2748,1,33,-1
2749,2,61,3
2749,2,33,-1
2750,1,62,2
2751,1,63,2
2752,1,64,2
2753,1,65,1
2753,1,45,-1
2754,3,65,4
2754,3,45,-2
2755,1,66,1
2755,1,67,-1
2756,2,66,3
2756,2,67,-1
2757,1,67,1
2757,1,45,-1
2758,3,67,4
2758,3,45,-2
2759,1,68,2
2760,1,69,1
2760,1,47,-1
2761,2,69,3
2761,2,47,-1
2762,1,70,1
2762,1,25,-1
2763,2,70,3
2763,2,25,-1
2764,3,70,5
2764,3,25,-1
2765,1,71,1
2765,1,20,-1
2766,3,71,4
2766,3,20,-2
2767,1,72,1
2767,1,115,-1
2768,3,72,4
2768,3,115,-2
2769,1,73,1
2769,1,18,-1
2770,2,73,3
2770,2,18,-1
2771,1,74,1
2771,1,18,-1
2772,2,74,3
2772,2,18,-1
2773,1,75,1
2773,1,18,-1
2774,3,75,4
2774,3,18,-2
2775,1,76,1
2775,1,18,-1
2777,3,76,4
2777,3,18,-2
2778,1,77,1
2778,1,79,-1
2779,3,77,4
2779,3,79,-2
2780,1,78,1
2780,1,121,-1
2781,3,78,4
2781,3,121,-2
2782,1,79,1
2782,1,78,-1
2783,2,79,3
2783,2,78,-1
2784,1,80,1
2784,1,82,-1
2785,2,80,3
2785,2,82,-1
2786,1,81,1
2786,1,79,-1
2787,2,81,3
2787,2,79,-1
2789,1,82,1
2789,1,20,-1
2790,2,82,3
2790,2,20,-1
2791,1,83,1
2791,1,20,-1
2792,3,83,4
2792,3,20,-2
2793,1,84,1
2793,1,80,-1
2794,3,84,4
2794,3,80,-2
2795,1,85,1
2795,1,79,-1
2796,2,85,3
2796,2,79,-1
2797,1,86,1
2797,1,78,-1
2798,2,86,3
2798,2,78,-1
2799,1,87,1
2799,1,77,-1
2800,2,87,3
2800,2,77,-1
2801,1,88,1
2801,1,78,-1
2802,2,88,3
2802,2,78,-1
2803,1,89,2
2804,1,90,2
2805,1,91,1
2805,1,70,-1
2806,3,91,4
2806,3,70,-2
2807,1,92,2
2808,1,93,1
2808,1,103,-1
2809,2,93,3
2809,2,103,-1
2810,1,94,1
2810,1,85,-1
2811,2,94,3
2811,2,85,-1
2812,1,95,1
2812,1,118,-1
2813,2,95,3
2813,2,118,-1
2814,1,96,1
2814,1,119,-1
2815,3,96,4
2815,3,119,-2
2816,1,97,1
2816,1,19,-1
2818,3,97,4
2818,3,19,-2
2819,1,98,1
2819,1,115,-1
2820,2,98,3
2820,2,115,-1
2821,1,99,1
2821,1,117,-1
2822,2,99,3
2822,2,117,-1
2823,1,100,1
2823,1,79,-1
2824,2,100,3
2824,2,79,-1
2825,1,101,1
2825,1,1,-1
2826,2,101,3
2826,2,1,-1
2827,1,102,1
2827,1,128,-1
2828,2,102,3
2828,2,128,-1
2829,1,103,2
2830,1,104,1
2830,1,119,-1
2831,1,104,2
2832,1,105,1
2832,1,131,-1
2833,2,105,3
2833,2,131,-1
2834,1,106,2
2835,1,107,2
2836,1,108,1
2836,1,103,-1
2837,3,108,4
2837,3,103,-2
2838,1,109,2
2838,1,108,-1
2841,1,110,1
2841,1,108,-1
2842,2,110,3
2842,2,108,-1
2844,1,111,2
2845,1,112,2
2846,1,113,2
2847,1,114,2
2848,1,115,1
2849,1,115,2
2850,1,116,1
2850,1,135,-1
2851,3,116,4
2851,3,135,-2
2852,1,117,1
2852,1,118,-1
2853,2,117,3
2853,2,118,-1
2854,1,118,1
2854,1,123,-1
2855,2,118,3
2855,2,123,-1
2856,1,119,2
2857,1,120,1
2857,1,103,-1
2858,2,120,3
2858,2,103,-1
2859,1,121,2
2860,1,122,2
2861,1,123,1
2861,1,117,-1
2862,3,123,4
2862,3,117,-2
2863,1,124,2
2863,1,134,-1
2864,1,125,1
2864,1,121,-1
2865,1,125,2
2866,1,126,2
2866,1,125,-1
2867,1,127,2
2868,1,128,2
2869,1,129,2
2870,1,130,2
2871,1,131,2
2872,1,132,1
2872,1,134,-1
2873,1,132,2
2874,1,133,1
2875,3,133,4
2876,1,134,2
2877,1,135,1
2877,1,134,-1
2878,3,135,4
2878,3,134,-2
2879,1,136,1
2879,1,135,-1
2880,3,136,4
2880,3,135,-2
2881,1,137,1
2881,1,135,-1
2882,3,137,4
2882,3,135,-2
2883,1,138,2
2884,1,139,2
2885,1,140,2
2886,1,141,2
2887,1,142,2
2888,1,143,2
