monster,rank,sets,kind,item,count,chance
1,low,1,body,1172,1,40
1,low,1,body,1175,1,30
1,low,1,body,1178,1,15
1,low,1,body,460,1,10
1,low,1,body,1180,1,5
1,low,1,tail,1172,1,62
1,low,1,tail,1180,1,20
1,low,1,tail,1234,1,15
1,low,1,tail,1183,1,3
1,low,1,shiny,2128,1,74
1,low,1,shiny,1172,1,15
1,low,1,shiny,1180,1,10
1,low,1,shiny,1183,1,1
1,high,1,body,1173,1,38
1,high,1,body,1176,1,25
1,high,1,body,1178,1,12
1,high,1,body,461,1,12
1,high,1,body,1181,1,5
1,high,1,body,1180,1,8
1,high,1,tail,1173,1,55
1,high,1,tail,1181,1,15
1,high,1,tail,1172,1,7
1,high,1,tail,1235,1,10
1,high,1,tail,1184,1,3
1,high,1,tail,1183,1,10
1,high,1,shiny,2128,1,38
1,high,1,shiny,2129,1,37
1,high,1,shiny,1173,1,15
1,high,1,shiny,1184,1,2
1,high,1,shiny,1181,1,8
1,g,1,body,1174,1,38
1,g,1,body,1177,1,25
1,g,1,body,1179,1,15
1,g,1,body,462,1,9
1,g,1,body,1182,1,5
1,g,1,body,1181,1,8
1,g,1,tail,1174,1,55
1,g,1,tail,1182,1,15
1,g,1,tail,1173,1,7
1,g,1,tail,1235,1,10
1,g,1,tail,1185,1,3
1,g,1,tail,1184,1,10
1,g,1,shiny,2129,1,75
1,g,1,shiny,1174,1,15
1,g,1,shiny,1185,1,2
1,g,1,shiny,1182,1,8
2,low,1,body,1194,1,30
2,low,1,body,1196,1,25
2,low,1,body,460,1,30
2,low,1,body,1180,1,10
2,low,1,body,1234,1,5
2,high,1,body,1194,1,43
2,high,1,body,1196,1,29
2,high,1,body,461,1,8
2,high,1,body,1198,1,10
2,high,1,body,1236,1,10
2,high,1,tail,1194,1,45
2,high,1,tail,1196,1,30
2,high,1,tail,1198,1,10
2,high,1,tail,1183,1,10
2,high,1,tail,1184,1,5
2,high,1,shiny,2128,1,38
2,high,1,shiny,2129,1,37
2,high,1,shiny,1194,1,11
2,high,1,shiny,1236,1,10
2,high,1,shiny,1184,1,4
2,g,1,body,1195,1,43
2,g,1,body,1197,1,29
2,g,1,body,462,1,8
2,g,1,body,1199,1,10
2,g,1,body,1237,1,10
2,g,1,tail,1195,1,45
2,g,1,tail,1197,1,30
2,g,1,tail,1199,1,10
2,g,1,tail,1184,1,10
2,g,1,tail,1185,1,5
2,g,1,shiny,2129,1,75
2,g,1,shiny,1195,1,11
2,g,1,shiny,1237,1,10
2,g,1,shiny,1185,1,4
3,low,1,body,1188,1,40
3,low,1,body,1191,1,30
3,low,1,body,1178,1,15
3,low,1,body,460,1,10
3,low,1,body,1180,1,5
3,low,1,tail,1188,1,62
3,low,1,tail,1180,1,20
3,low,1,tail,1234,1,15
3,low,1,tail,1183,1,3
3,low,1,shiny,2128,1,74
3,low,1,shiny,1188,1,15
3,low,1,shiny,1180,1,10
3,low,1,shiny,1183,1,1
3,high,3,body,1188,1,38
3,high,3,body,1191,1,25
3,high,3,body,1178,1,12
3,high,3,body,461,1,12
3,high,3,body,1181,1,5
3,high,3,body,1180,1,8
3,high,3,tail,1188,1,62
3,high,3,tail,1181,1,15
3,high,3,tail,1235,1,10
3,high,3,tail,1184,1,3
3,high,3,tail,1183,1,10
3,high,3,shiny,2128,1,38
3,high,3,shiny,2129,1,37
3,high,3,shiny,1188,1,15
3,high,3,shiny,1184,1,2
3,high,3,shiny,1181,1,8
3,g,3,body,1190,1,25
3,g,3,body,1189,1,13
3,g,3,body,1192,1,25
3,g,3,body,1179,1,12
3,g,3,body,462,1,12
3,g,3,body,1182,1,5
3,g,3,body,1181,1,8
3,g,3,tail,1190,1,45
3,g,3,tail,1189,1,17
3,g,3,tail,1182,1,15
3,g,3,tail,1235,1,10
3,g,3,tail,1185,1,3
3,g,3,tail,1184,1,10
3,g,3,shiny,2129,1,75
3,g,3,shiny,1190,1,12
3,g,3,shiny,1189,1,5
3,g,3,shiny,1185,1,2
3,g,3,shiny,1182,1,6
4,low,1,body,1202,1,40
4,low,1,body,1205,1,28
4,low,1,body,1208,1,19
4,low,1,body,460,1,8
4,low,1,body,1234,1,5
4,low,1,tail,1202,1,20
4,low,1,tail,1211,1,70
4,low,1,tail,1234,1,7
4,low,1,tail,1213,1,3
4,low,1,shiny,2128,1,74
4,low,1,shiny,1202,1,24
4,low,1,shiny,1213,1,2
4,high,1,body,1203,1,38
4,high,1,body,1206,1,29
4,high,1,body,1209,1,13
4,high,1,body,461,1,15
4,high,1,body,1235,1,5
4,high,1,tail,1203,1,18
4,high,1,tail,1202,1,7
4,high,1,tail,1211,1,56
4,high,1,tail,1235,1,8
4,high,1,tail,1214,1,3
4,high,1,tail,1213,1,8
4,high,1,shiny,2128,1,38
4,high,1,shiny,2129,1,37
4,high,1,shiny,1203,1,23
4,high,1,shiny,1214,1,2
4,g,1,body,1204,1,38
4,g,1,body,1207,1,29
4,g,1,body,1210,1,13
4,g,1,body,462,1,15
4,g,1,body,1235,1,5
4,g,1,tail,1204,1,12
4,g,1,tail,1203,1,4
4,g,1,tail,1212,1,70
4,g,1,tail,1235,1,3
4,g,1,tail,1215,1,3
4,g,1,tail,1214,1,8
4,g,1,shiny,2129,1,75
4,g,1,shiny,1204,1,23
4,g,1,shiny,1215,1,2
5,low,1,body,1224,1,30
5,low,1,body,1226,1,25
5,low,1,body,1208,1,30
5,low,1,body,460,1,10
5,low,1,body,1234,1,5
5,high,1,body,1224,1,43
5,high,1,body,1226,1,30
5,high,1,body,461,1,12
5,high,1,body,1235,1,3
5,high,1,body,1236,1,12
5,high,1,tail,1224,1,15
5,high,1,tail,1228,1,68
5,high,1,tail,1214,1,5
5,high,1,tail,1213,1,12
5,high,1,shiny,2128,1,38
5,high,1,shiny,2129,1,37
5,high,1,shiny,1224,1,12
5,high,1,shiny,1236,1,10
5,high,1,shiny,1214,1,3
5,g,1,body,1225,1,43
5,g,1,body,1227,1,30
5,g,1,body,462,1,12
5,g,1,body,1235,1,3
5,g,1,body,1237,1,12
5,g,1,tail,1225,1,15
5,g,1,tail,1229,1,68
5,g,1,tail,1215,1,5
5,g,1,tail,1214,1,12
5,g,1,shiny,2129,1,75
5,g,1,shiny,1225,1,12
5,g,1,shiny,1237,1,10
5,g,1,shiny,1215,1,3
6,low,1,body,1218,1,34
6,low,1,body,1221,1,25
6,low,1,body,1208,1,7
6,low,1,body,460,1,14
6,low,1,body,1234,1,20
6,high,3,body,1218,1,38
6,high,3,body,1221,1,29
6,high,3,body,1209,1,13
6,high,3,body,461,1,15
6,high,3,body,1235,1,5
6,high,3,tail,1218,1,20
6,high,3,tail,1211,1,61
6,high,3,tail,1235,1,8
6,high,3,tail,1214,1,3
6,high,3,tail,1213,1,8
6,high,3,shiny,2128,1,38
6,high,3,shiny,2129,1,37
6,high,3,shiny,1218,1,23
6,high,3,shiny,1214,1,2
6,g,3,body,1220,1,18
6,g,3,body,1219,1,20
6,g,3,body,1222,1,29
6,g,3,body,1210,1,13
6,g,3,body,462,1,15
6,g,3,body,1235,1,5
6,g,3,tail,1220,1,12
6,g,3,tail,1219,1,4
6,g,3,tail,1212,1,70
6,g,3,tail,1235,1,3
6,g,3,tail,1215,1,3
6,g,3,tail,1214,1,8
6,g,3,shiny,2129,1,75
6,g,3,shiny,1219,1,23
6,g,3,shiny,1215,1,2
7,low,1,body,1109,1,50
7,low,1,body,472,1,35
7,low,1,body,463,1,15
7,low,1,shiny,2128,1,75
7,low,1,shiny,472,1,20
7,low,1,shiny,1112,1,5
7,high,1,body,1110,1,54
7,high,1,body,472,1,27
7,high,1,body,464,1,15
7,high,1,body,440,1,4
7,high,1,shiny,2128,1,37
7,high,1,shiny,2129,1,38
7,high,1,shiny,472,1,20
7,high,1,shiny,1113,1,5
7,g,1,body,1111,1,50
7,g,1,body,472,1,26
7,g,1,body,465,1,15
7,g,1,body,441,1,4
7,g,1,body,440,1,5
7,g,1,shiny,2129,1,75
7,g,1,shiny,472,1,20
7,g,1,shiny,1114,1,5
113,low,1,body,451,1,25
113,low,1,body,320,1,45
113,low,1,body,1156,1,30
113,high,1,body,452,1,11
113,high,1,body,329,1,23
113,high,1,body,1156,1,30
113,high,1,body,414,1,11
113,high,1,body,1158,1,7
113,high,1,body,1157,1,15
113,high,1,body,440,1,3
113,high,1,tail,1156,1,60
113,high,1,tail,329,1,40
113,high,1,shiny,2128,1,38
113,high,1,shiny,2129,1,37
113,high,1,shiny,1158,1,5
113,high,1,shiny,329,1,20
113,high,1,other,329,1,60
113,high,1,other,325,1,15
113,high,1,other,1156,1,20
113,high,1,other,1158,1,5
113,g,1,body,453,1,11
113,g,1,body,330,1,20
113,g,1,body,1159,1,28
113,g,1,body,416,1,10
113,g,1,body,1158,1,7
113,g,1,body,1160,1,15
113,g,1,body,441,1,3
113,g,1,body,440,1,4
113,g,1,body,1161,1,2
113,g,1,tail,1159,1,60
113,g,1,tail,330,1,37
113,g,1,tail,1161,1,3
113,g,1,shiny,2129,1,75
113,g,1,shiny,1158,1,8
113,g,1,shiny,330,1,17
113,g,1,other,330,1,60
113,g,1,other,329,1,13
113,g,1,other,1159,1,20
113,g,1,other,1158,1,7
114,low,1,body,1163,1,55
114,low,1,body,457,1,28
114,low,1,body,460,1,17
114,high,1,body,1163,1,58
114,high,1,body,458,1,20
114,high,1,body,461,1,10
114,high,1,body,1165,1,5
114,high,1,body,440,1,7
114,high,1,tail,1163,1,66
114,high,1,tail,415,1,20
114,high,1,tail,335,1,2
114,high,1,tail,1169,1,12
114,high,1,shiny,2128,1,47
114,high,1,shiny,2129,1,47
114,high,1,shiny,335,1,6
114,g,1,body,1164,1,56
114,g,1,body,459,1,8
114,g,1,body,462,1,8
114,g,1,body,1166,1,5
114,g,1,body,1169,1,6
114,g,1,body,1170,1,2
114,g,1,body,441,1,7
114,g,1,body,440,1,8
114,g,1,tail,1164,1,64
114,g,1,tail,417,1,20
114,g,1,tail,327,1,2
114,g,1,tail,1169,1,12
114,g,1,tail,1170,1,2
114,g,1,shiny,2129,1,75
114,g,1,shiny,327,1,15
114,g,1,shiny,335,1,10
115,low,1,body,1431,1,34
115,low,1,body,1424,1,50
115,low,1,body,413,1,16
115,high,1,body,1431,1,30
115,high,1,body,1424,1,63
115,high,1,body,1426,1,7
115,high,1,tail,1424,1,30
115,high,1,tail,1432,1,60
115,high,1,tail,1434,1,6
115,high,1,tail,440,1,4
115,high,1,shiny,2128,1,38
115,high,1,shiny,2129,1,37
115,high,1,shiny,1426,1,25
115,g,1,body,1425,1,42
115,g,1,body,1424,1,18
115,g,1,body,1427,1,25
115,g,1,body,1434,1,10
115,g,1,body,441,1,5
115,g,1,tail,1425,1,20
115,g,1,tail,1433,1,55
115,g,1,tail,1432,1,15
115,g,1,tail,1434,1,6
115,g,1,tail,441,1,4
115,g,1,shiny,2129,1,75
115,g,1,shiny,1427,1,23
115,g,1,shiny,441,1,2
116,high,1,body,1436,1,55
116,high,1,body,1426,1,12
116,high,1,body,1431,1,33
116,g,3,body,1436,1,60
116,g,3,body,1427,1,25
116,g,3,body,1434,1,10
116,g,3,body,441,1,5
116,g,3,tail,1436,1,35
116,g,3,tail,1433,1,55
116,g,3,tail,1434,1,6
116,g,3,tail,441,1,4
116,g,3,other,1438,1,100
116,g,3,shiny,2129,1,75
116,g,3,shiny,1427,1,23
116,g,3,shiny,441,1,2
8,low,1,body,685,1,35
8,low,1,body,682,1,45
8,low,1,body,693,1,15
8,low,1,body,691,1,5
8,low,1,shiny,2128,1,75
8,low,1,shiny,682,1,10
8,low,1,shiny,688,1,15
8,high,1,body,686,1,25
8,high,1,body,683,1,50
8,high,1,body,693,1,10
8,high,1,body,691,1,10
8,high,1,body,692,1,5
8,high,1,shiny,2128,1,37
8,high,1,shiny,2129,1,38
8,high,1,shiny,683,1,10
8,high,1,shiny,689,1,15
8,g,1,body,687,1,23
8,g,1,body,684,1,48
8,g,1,body,694,1,14
8,g,1,body,692,1,15
8,g,1,shiny,2129,1,75
8,g,1,shiny,684,1,10
8,g,1,shiny,690,1,15
9,low,1,body,471,1,20
9,low,1,body,697,1,61
9,low,1,body,451,1,10
9,low,1,body,324,1,8
9,low,1,body,703,1,1
9,low,1,shiny,2128,1,74
9,low,1,shiny,471,1,20
9,low,1,shiny,324,1,6
9,low,1,other,2128,1,20
9,low,1,other,471,1,30
9,low,1,other,697,1,25
9,low,1,other,700,1,15
9,low,1,other,451,1,10
9,high,1,body,471,1,23
9,high,1,body,698,1,46
9,high,1,body,452,1,15
9,high,1,body,332,1,8
9,high,1,body,324,1,3
9,high,1,body,703,1,5
9,high,1,shiny,2128,1,35
9,high,1,shiny,2129,1,35
9,high,1,shiny,471,1,25
9,high,1,shiny,332,1,5
9,high,1,other,2128,1,20
9,high,1,other,471,1,30
9,high,1,other,697,1,23
9,high,1,other,702,1,15
9,high,1,other,452,1,12
9,g,1,body,471,1,23
9,g,1,body,699,1,49
9,g,1,body,453,1,15
9,g,1,body,333,1,8
9,g,1,body,332,1,3
9,g,1,body,704,1,2
9,g,1,shiny,2129,1,70
9,g,1,shiny,471,1,25
9,g,1,shiny,333,1,5
9,g,1,other,2129,1,20
9,g,1,other,471,1,30
9,g,1,other,699,1,23
9,g,1,other,701,1,15
9,g,1,other,453,1,12
10,low,1,body,813,1,55
10,low,1,body,815,1,10
10,low,1,body,817,1,15
10,low,1,body,801,1,8
10,low,1,body,413,1,12
10,high,1,body,813,1,59
10,high,1,body,815,1,12
10,high,1,body,821,1,6
10,high,1,body,817,1,18
10,high,1,body,440,1,5
10,high,1,shiny,2128,1,38
10,high,1,shiny,2129,1,37
10,high,1,shiny,815,1,10
10,high,1,shiny,802,1,15
10,g,1,body,814,1,45
10,g,1,body,813,1,10
10,g,1,body,816,1,12
10,g,1,body,822,1,6
10,g,1,body,818,1,16
10,g,1,body,441,1,5
10,g,1,body,440,1,6
10,g,1,shiny,2129,1,75
10,g,1,shiny,816,1,10
10,g,1,shiny,803,1,15
11,low,1,body,1527,1,70
11,low,1,body,1530,1,30
11,low,1,shiny,1527,1,20
11,low,1,shiny,324,1,50
11,low,1,shiny,2132,1,30
11,high,1,body,1528,1,70
11,high,1,body,1532,1,30
11,high,1,shiny,1528,1,20
11,high,1,shiny,332,1,50
11,high,1,shiny,2133,1,30
11,g,1,body,1529,1,70
11,g,1,body,1533,1,30
11,g,1,shiny,1529,1,20
11,g,1,shiny,333,1,50
11,g,1,shiny,2133,1,30
117,high,1,body,1648,1,25
117,high,1,body,1649,1,19
117,high,1,body,418,1,56
117,g,1,body,1649,1,37
117,g,1,body,1648,1,55
117,g,1,body,1651,1,5
117,g,1,body,1652,1,3
117,g,1,other,419,1,35
117,g,1,other,1648,1,28
117,g,1,other,1649,1,12
117,g,1,other,1647,1,25
118,high,1,body,1653,1,15
118,high,1,body,1654,1,31
118,high,1,body,443,1,39
118,high,1,body,418,1,15
118,g,1,body,1653,1,30
118,g,1,body,1654,1,62
118,g,1,body,1655,1,8
119,high,1,body,1658,1,15
119,high,1,body,1659,1,31
119,high,1,body,443,1,39
119,high,1,body,418,1,15
119,g,1,body,1658,1,30
119,g,1,body,1659,1,62
119,g,1,body,1660,1,8
120,high,1,body,1663,1,15
120,high,1,body,1664,1,31
120,high,1,body,443,1,39
120,high,1,body,418,1,15
120,g,1,body,1663,1,30
120,g,1,body,1664,1,62
120,g,1,body,1665,1,8
12,low,1,body,591,1,15
12,low,1,body,596,1,30
12,low,1,body,599,1,53
12,low,1,body,602,1,2
12,low,1,shiny,2128,1,75
12,low,1,shiny,599,1,25
12,high,1,body,592,1,10
12,high,1,body,597,1,25
12,high,1,body,600,1,45
12,high,1,body,599,1,8
12,high,1,body,602,1,7
12,high,1,body,438,1,5
12,high,1,shiny,2128,1,50
12,high,1,shiny,2129,1,25
12,high,1,shiny,438,1,2
12,high,1,shiny,600,1,23
12,g,1,body,593,1,10
12,g,1,body,598,1,20
12,g,1,body,601,1,45
12,g,1,body,600,1,6
12,g,1,body,602,1,7
12,g,1,body,439,1,5
12,g,1,body,438,1,7
12,g,1,shiny,2129,1,72
12,g,1,shiny,439,1,2
12,g,1,shiny,438,1,3
12,g,1,shiny,601,1,23
13,low,1,body,609,1,30
13,low,1,body,612,1,33
13,low,1,body,454,1,35
13,low,1,body,615,1,2
13,low,1,shiny,2128,1,75
13,low,1,shiny,612,1,25
13,high,1,body,610,1,27
13,high,1,body,613,1,33
13,high,1,body,612,1,8
13,high,1,body,615,1,7
13,high,1,body,455,1,20
13,high,1,body,438,1,5
13,high,1,shiny,2128,1,50
13,high,1,shiny,2129,1,25
13,high,1,shiny,438,1,2
13,high,1,shiny,613,1,23
13,g,1,body,611,1,25
13,g,1,body,614,1,30
13,g,1,body,613,1,8
13,g,1,body,615,1,7
13,g,1,body,456,1,20
13,g,1,body,439,1,5
13,g,1,body,438,1,5
13,g,1,shiny,2129,1,73
13,g,1,shiny,439,1,2
13,g,1,shiny,438,1,2
13,g,1,shiny,614,1,23
14,low,1,body,622,1,30
14,low,1,body,625,1,33
14,low,1,body,451,1,35
14,low,1,body,628,1,2
14,low,1,shiny,2128,1,75
14,low,1,shiny,625,1,25
14,high,1,body,623,1,27
14,high,1,body,626,1,33
14,high,1,body,625,1,8
14,high,1,body,628,1,7
14,high,1,body,452,1,20
14,high,1,body,438,1,5
14,high,1,shiny,2128,1,50
14,high,1,shiny,2129,1,25
14,high,1,shiny,438,1,5
14,high,1,shiny,626,1,20
14,g,1,body,624,1,25
14,g,1,body,627,1,33
14,g,1,body,626,1,6
14,g,1,body,628,1,6
14,g,1,body,453,1,20
14,g,1,body,439,1,5
14,g,1,body,438,1,5
14,g,1,shiny,2129,1,70
14,g,1,shiny,439,1,5
14,g,1,shiny,438,1,5
14,g,1,shiny,627,1,20
15,low,1,body,804,1,60
15,low,1,body,810,1,25
15,low,1,body,807,1,15
15,low,1,shiny,2128,1,70
15,low,1,shiny,804,1,20
15,low,1,shiny,2095,1,10
15,high,1,body,805,1,60
15,high,1,body,811,1,25
15,high,1,body,808,1,15
15,high,1,shiny,2128,1,35
15,high,1,shiny,2129,1,35
15,high,1,shiny,805,1,20
15,high,1,shiny,2095,1,10
15,g,1,body,806,1,60
15,g,1,body,812,1,25
15,g,1,body,809,1,15
15,g,1,shiny,2129,1,70
15,g,1,shiny,806,1,20
15,g,1,shiny,2095,1,10
16,low,1,body,727,1,50
16,low,1,body,730,1,27
16,low,1,body,741,1,15
16,low,1,body,737,1,8
16,low,1,tail,739,1,80
16,low,1,tail,727,1,20
16,low,1,shiny,2128,1,74
16,low,1,shiny,727,1,25
16,low,1,shiny,737,1,1
16,high,1,body,728,1,48
16,high,1,body,731,1,25
16,high,1,body,741,1,16
16,high,1,body,737,1,11
16,high,1,tail,739,1,70
16,high,1,tail,727,1,10
16,high,1,tail,728,1,20
16,high,1,shiny,2128,1,37
16,high,1,shiny,2129,1,37
16,high,1,shiny,728,1,25
16,high,1,shiny,737,1,1
16,g,1,body,729,1,48
16,g,1,body,732,1,25
16,g,1,body,742,1,16
16,g,1,body,738,1,11
16,g,1,tail,740,1,70
16,g,1,tail,728,1,10
16,g,1,tail,729,1,20
16,g,1,shiny,2129,1,74
16,g,1,shiny,729,1,25
16,g,1,shiny,738,1,1
17,low,1,body,745,1,42
17,low,1,body,748,1,20
17,low,1,body,741,1,20
17,low,1,body,737,1,8
17,low,1,body,460,1,10
17,high,3,body,745,1,48
17,high,3,body,748,1,25
17,high,3,body,741,1,16
17,high,3,body,737,1,11
17,high,3,tail,739,1,80
17,high,3,tail,745,1,20
17,high,3,shiny,2128,1,37
17,high,3,shiny,2129,1,37
17,high,3,shiny,745,1,25
17,high,3,shiny,737,1,1
17,g,3,body,747,1,20
17,g,3,body,746,1,28
17,g,3,body,749,1,25
17,g,3,body,742,1,16
17,g,3,body,738,1,11
17,g,3,tail,740,1,70
17,g,3,tail,747,1,10
17,g,3,tail,746,1,20
17,g,3,shiny,2129,1,74
17,g,3,shiny,747,1,10
17,g,3,shiny,746,1,15
17,g,3,shiny,738,1,1
18,low,1,body,977,1,60
18,low,1,body,980,1,10
18,low,1,body,969,1,10
18,low,1,body,409,1,19
18,low,1,body,2124,1,1
18,low,1,shiny,2126,1,75
18,low,1,shiny,969,1,25
18,high,1,body,978,1,60
18,high,1,body,981,1,10
18,high,1,body,969,1,10
18,high,1,body,413,1,19
18,high,1,body,2125,1,1
18,high,1,shiny,2126,1,38
18,high,1,shiny,2127,1,37
18,high,1,shiny,969,1,25
18,g,1,body,979,1,60
18,g,1,body,982,1,10
18,g,1,body,970,1,10
18,g,1,body,416,1,19
18,g,1,body,2125,1,1
18,g,1,shiny,2127,1,75
18,g,1,shiny,970,1,25
19,low,1,body,985,1,60
19,low,1,body,988,1,10
19,low,1,body,969,1,10
19,low,1,body,409,1,19
19,low,1,body,2124,1,1
19,low,1,shiny,2126,1,75
19,low,1,shiny,969,1,25
19,high,3,body,985,1,60
19,high,3,body,988,1,10
19,high,3,body,969,1,10
19,high,3,body,413,1,19
19,high,3,body,2125,1,1
19,high,3,shiny,2126,1,38
19,high,3,shiny,2127,1,37
19,high,3,shiny,969,1,25
19,g,3,body,987,1,25
19,g,3,body,986,1,35
19,g,3,body,989,1,10
19,g,3,body,970,1,10
19,g,3,body,416,1,19
19,g,3,body,2125,1,1
19,g,3,shiny,2127,1,75
19,g,3,shiny,970,1,25
20,low,1,body,992,1,60
20,low,1,body,995,1,30
20,low,1,body,969,1,10
20,low,1,shiny,2126,1,75
20,low,1,shiny,969,1,25
20,high,1,body,993,1,50
20,high,1,body,992,1,5
20,high,1,body,996,1,30
20,high,1,body,999,1,5
20,high,1,body,969,1,10
20,high,1,shiny,2126,1,38
20,high,1,shiny,2127,1,37
20,high,1,shiny,969,1,25
20,g,1,body,994,1,50
20,g,1,body,993,1,5
20,g,1,body,997,1,30
20,g,1,body,1000,1,5
20,g,1,body,970,1,10
20,g,1,shiny,2127,1,75
20,g,1,shiny,970,1,25
121,high,1,body,1004,1,40
121,high,1,body,992,1,20
121,high,1,body,996,1,30
121,high,1,body,969,1,10
121,g,3,body,1004,1,50
121,g,3,body,993,1,5
121,g,3,body,997,1,30
121,g,3,body,1000,1,5
121,g,3,body,970,1,10
121,g,3,shiny,2127,1,75
121,g,3,shiny,970,1,25
122,low,1,body,766,1,60
122,low,1,body,424,1,40
122,high,3,body,766,1,63
122,high,3,body,425,1,8
122,high,3,body,768,1,29
122,high,3,shiny,2118,1,35
122,high,3,shiny,2119,1,35
122,high,3,shiny,413,1,20
122,high,3,shiny,414,1,10
122,g,3,body,767,1,53
122,g,3,body,766,1,10
122,g,3,body,426,1,8
122,g,3,body,765,1,29
122,g,3,shiny,2119,1,70
122,g,3,shiny,414,1,20
122,g,3,shiny,416,1,10
21,low,1,body,777,1,63
21,low,1,body,783,1,21
21,low,1,body,780,1,8
21,low,1,body,424,1,8
21,low,1,shiny,2118,1,75
21,low,1,shiny,79,1,5
21,low,1,shiny,777,1,20
21,high,1,body,778,1,60
21,high,1,body,777,1,5
21,high,1,body,783,1,12
21,high,1,body,780,1,13
21,high,1,body,425,1,10
21,high,1,shiny,2118,1,38
21,high,1,shiny,2119,1,37
21,high,1,shiny,79,1,5
21,high,1,shiny,778,1,20
21,g,1,body,779,1,58
21,g,1,body,778,1,5
21,g,1,body,784,1,21
21,g,1,body,781,1,8
21,g,1,body,426,1,8
21,g,1,shiny,2119,1,75
21,g,1,shiny,79,1,5
21,g,1,shiny,779,1,20
22,low,1,body,1491,1,40
22,low,1,body,1489,1,20
22,low,1,body,425,1,40
22,high,1,body,1491,1,23
22,high,1,body,1489,1,46
22,high,1,body,1493,1,25
22,high,1,body,1496,1,6
22,high,1,shiny,2131,1,70
22,high,1,shiny,1491,1,21
22,high,1,shiny,1496,1,9
22,g,1,body,1492,1,23
22,g,1,body,1490,1,40
22,g,1,body,1489,1,8
22,g,1,body,1494,1,23
22,g,1,body,1497,1,6
22,g,1,shiny,2131,1,70
22,g,1,shiny,1492,1,21
22,g,1,shiny,1497,1,9
23,low,1,body,1491,1,50
23,low,1,body,1496,1,15
23,low,1,body,425,1,35
23,high,1,body,1491,1,20
23,high,1,body,1489,1,26
23,high,1,body,1493,1,16
23,high,1,body,1496,1,12
23,high,1,body,1498,1,18
23,high,1,body,1500,1,8
23,high,1,shiny,2131,1,70
23,high,1,shiny,1496,1,18
23,high,1,shiny,1498,1,12
23,g,1,body,1492,1,20
23,g,1,body,1490,1,24
23,g,1,body,1494,1,14
23,g,1,body,1497,1,12
23,g,1,body,1499,1,18
23,g,1,body,1501,1,8
23,g,1,body,1500,1,4
23,g,1,shiny,2131,1,70
23,g,1,shiny,1497,1,18
23,g,1,shiny,1499,1,12
24,low,1,body,1536,1,55
24,low,1,body,1539,1,30
24,low,1,body,1549,1,5
24,low,1,body,418,1,10
24,low,1,tail,1547,1,75
24,low,1,tail,1536,1,25
24,low,1,shiny,2132,1,50
24,low,1,shiny,2087,1,25
24,low,1,shiny,1539,1,23
24,low,1,shiny,442,1,2
24,high,1,body,1537,1,53
24,high,1,body,1540,1,30
24,high,1,body,1550,1,10
24,high,1,body,418,1,5
24,high,1,body,1552,1,2
24,high,1,tail,1547,1,71
24,high,1,tail,1537,1,25
24,high,1,tail,1552,1,4
24,high,1,shiny,2132,1,45
24,high,1,shiny,2133,1,25
24,high,1,shiny,1540,1,17
24,high,1,shiny,443,1,4
24,high,1,shiny,442,1,6
24,high,1,shiny,1552,1,3
24,g,1,body,1538,1,51
24,g,1,body,1541,1,28
24,g,1,body,1551,1,10
24,g,1,body,419,1,5
24,g,1,body,1552,1,4
24,g,1,body,1553,1,2
24,g,1,tail,1548,1,75
24,g,1,tail,1538,1,19
24,g,1,tail,1552,1,4
24,g,1,tail,1553,1,2
24,g,1,shiny,2133,1,65
24,g,1,shiny,1541,1,17
24,g,1,shiny,444,1,4
24,g,1,shiny,443,1,6
24,g,1,shiny,1552,1,5
24,g,1,shiny,1553,1,3
25,low,1,body,1554,1,40
25,low,1,body,1560,1,20
25,low,1,body,1563,1,25
25,low,1,body,442,1,15
25,low,1,tail,1565,1,75
25,low,1,tail,325,1,5
25,low,1,tail,418,1,20
25,low,1,shiny,2132,1,75
25,low,1,shiny,442,1,20
25,low,1,shiny,325,1,5
25,high,1,body,1555,1,37
25,high,1,body,1561,1,20
25,high,1,body,1563,1,18
25,high,1,body,442,1,12
25,high,1,body,443,1,8
25,high,1,body,1567,1,5
25,high,1,tail,1565,1,72
25,high,1,tail,1567,1,8
25,high,1,tail,334,1,5
25,high,1,tail,418,1,15
25,high,1,shiny,2132,1,50
25,high,1,shiny,2133,1,25
25,high,1,shiny,442,1,12
25,high,1,shiny,443,1,8
25,high,1,shiny,334,1,5
25,g,1,body,1556,1,37
25,g,1,body,1562,1,20
25,g,1,body,1564,1,18
25,g,1,body,443,1,10
25,g,1,body,444,1,8
25,g,1,body,1567,1,5
25,g,1,body,1553,1,2
25,g,1,tail,1566,1,72
25,g,1,tail,1567,1,8
25,g,1,tail,331,1,5
25,g,1,tail,419,1,12
25,g,1,tail,1553,1,3
25,g,1,shiny,2133,1,75
25,g,1,shiny,443,1,12
25,g,1,shiny,444,1,8
25,g,1,shiny,331,1,5
26,low,1,body,1568,1,45
26,low,1,body,1577,1,20
26,low,1,body,1571,1,15
26,low,1,body,1580,1,10
26,low,1,body,1583,1,10
26,low,1,tail,1572,1,65
26,low,1,tail,1568,1,12
26,low,1,tail,418,1,23
26,low,1,shiny,2132,1,75
26,low,1,shiny,1577,1,5
26,low,1,shiny,442,1,20
26,high,1,body,1569,1,45
26,high,1,body,1578,1,20
26,high,1,body,1571,1,8
26,high,1,body,1581,1,16
26,high,1,body,1583,1,8
26,high,1,body,1585,1,3
26,high,1,tail,1572,1,60
26,high,1,tail,1569,1,12
26,high,1,tail,418,1,23
26,high,1,tail,1585,1,5
26,high,1,shiny,2132,1,15
26,high,1,shiny,2133,1,15
26,high,1,shiny,1584,1,60
26,high,1,shiny,1585,1,2
26,high,1,shiny,443,1,8
26,g,1,body,1570,1,45
26,g,1,body,1579,1,24
26,g,1,body,1578,1,8
26,g,1,body,1582,1,18
26,g,1,body,1585,1,3
26,g,1,body,1553,1,2
26,g,1,tail,1573,1,60
26,g,1,tail,1570,1,12
26,g,1,tail,419,1,21
26,g,1,tail,1585,1,5
26,g,1,tail,1553,1,2
26,g,1,shiny,2133,1,30
26,g,1,shiny,1584,1,56
26,g,1,shiny,1585,1,2
26,g,1,shiny,444,1,8
26,g,1,shiny,1553,1,4
27,low,1,body,757,1,50
27,low,1,body,756,1,5
27,low,1,body,760,1,15
27,low,1,body,424,1,30
27,low,1,shiny,2130,1,75
27,low,1,shiny,757,1,20
27,low,1,shiny,760,1,5
27,high,1,body,758,1,43
27,high,1,body,757,1,5
27,high,1,body,756,1,10
27,high,1,body,761,1,17
27,high,1,body,425,1,25
27,high,1,shiny,2130,1,38
27,high,1,shiny,2131,1,37
27,high,1,shiny,758,1,20
27,high,1,shiny,761,1,5
27,g,1,body,759,1,43
27,g,1,body,758,1,5
27,g,1,body,756,1,10
27,g,1,body,762,1,17
27,g,1,body,426,1,25
27,g,1,shiny,2131,1,75
27,g,1,shiny,759,1,20
27,g,1,shiny,762,1,5
28,low,1,body,1375,1,40
28,low,1,body,1378,1,20
28,low,1,body,1383,1,37
28,low,1,body,1389,1,3
28,low,1,tail,1381,1,80
28,low,1,tail,1375,1,20
28,low,1,shiny,2128,1,75
28,low,1,shiny,1375,1,20
28,low,1,shiny,1383,1,5
28,high,1,body,1376,1,35
28,high,1,body,1375,1,8
28,high,1,body,1379,1,17
28,high,1,body,1384,1,30
28,high,1,body,1390,1,3
28,high,1,body,1389,1,7
28,high,1,tail,1381,1,80
28,high,1,tail,1376,1,20
28,high,1,shiny,2128,1,38
28,high,1,shiny,2129,1,37
28,high,1,shiny,1376,1,20
28,high,1,shiny,1384,1,5
28,g,1,body,1377,1,35
28,g,1,body,1376,1,8
28,g,1,body,1380,1,17
28,g,1,body,1385,1,30
28,g,1,body,1391,1,3
28,g,1,body,1390,1,7
28,g,1,tail,1382,1,80
28,g,1,tail,1377,1,18
28,g,1,tail,1391,1,2
28,g,1,shiny,2129,1,75
28,g,1,shiny,1377,1,20
28,g,1,shiny,1385,1,5
29,low,1,body,1394,1,40
29,low,1,body,1397,1,20
29,low,1,body,1383,1,37
29,low,1,body,1389,1,3
29,high,3,body,1394,1,40
29,high,3,body,1397,1,20
29,high,3,body,1384,1,30
29,high,3,body,1390,1,3
29,high,3,body,1389,1,7
29,high,3,tail,1381,1,80
29,high,3,tail,1394,1,20
29,high,3,shiny,2128,1,38
29,high,3,shiny,2129,1,37
29,high,3,shiny,1394,1,20
29,high,3,shiny,1384,1,5
29,g,3,body,1396,1,20
29,g,3,body,1395,1,23
29,g,3,body,1398,1,17
29,g,3,body,1385,1,30
29,g,3,body,1391,1,3
29,g,3,body,1390,1,7
29,g,3,tail,1382,1,80
29,g,3,tail,1396,1,8
29,g,3,tail,1395,1,10
29,g,3,tail,1391,1,2
29,g,3,shiny,2129,1,75
29,g,3,shiny,1396,1,8
29,g,3,shiny,1395,1,12
29,g,3,shiny,1385,1,5
30,low,1,body,1588,1,40
30,low,1,body,1590,1,30
30,low,1,body,335,1,30
30,high,1,body,1588,1,40
30,high,1,body,1590,1,30
30,high,1,body,1594,1,10
30,high,1,body,1596,1,8
30,high,1,body,1600,1,2
30,high,1,body,335,1,10
30,high,1,tail,1592,1,80
30,high,1,tail,1588,1,20
30,high,1,shiny,2129,1,75
30,high,1,shiny,1598,1,5
30,high,1,shiny,1590,1,12
30,high,1,shiny,1586,1,8
30,g,1,body,1589,1,38
30,g,1,body,1591,1,30
30,g,1,body,1595,1,10
30,g,1,body,1597,1,8
30,g,1,body,1601,1,2
30,g,1,body,1600,1,2
30,g,1,body,327,1,10
30,g,1,tail,1593,1,75
30,g,1,tail,1592,1,10
30,g,1,tail,1589,1,10
30,g,1,tail,1588,1,5
30,g,1,shiny,2129,1,75
30,g,1,shiny,1599,1,5
30,g,1,shiny,1591,1,12
30,g,1,shiny,1587,1,8
123,low,1,body,630,1,15
123,low,1,body,633,1,25
123,low,1,body,450,1,60
123,high,1,body,630,1,10
123,high,1,body,634,1,25
123,high,1,body,633,1,8
123,high,1,body,636,1,45
123,high,1,body,638,1,7
123,high,1,body,438,1,5
123,high,1,shiny,2128,1,50
123,high,1,shiny,2129,1,25
123,high,1,shiny,438,1,2
123,high,1,shiny,636,1,23
123,g,1,body,631,1,10
123,g,1,body,635,1,25
123,g,1,body,637,1,40
123,g,1,body,636,1,8
123,g,1,body,638,1,7
123,g,1,body,439,1,5
123,g,1,body,438,1,5
123,g,1,shiny,2129,1,73
123,g,1,shiny,439,1,2
123,g,1,shiny,438,1,2
123,g,1,shiny,637,1,23
31,low,1,body,825,1,40
31,low,1,body,827,1,25
31,low,1,body,328,1,35
31,high,1,body,825,1,43
31,high,1,body,827,1,30
31,high,1,body,829,1,8
31,high,1,body,831,1,6
31,high,1,body,440,1,5
31,high,1,body,328,1,8
31,high,1,shiny,2128,1,25
31,high,1,shiny,2129,1,55
31,high,1,shiny,825,1,16
31,high,1,shiny,328,1,4
31,g,1,body,826,1,33
31,g,1,body,825,1,12
31,g,1,body,828,1,20
31,g,1,body,827,1,12
31,g,1,body,830,1,10
31,g,1,body,832,1,8
31,g,1,body,441,1,5
31,g,1,shiny,2129,1,80
31,g,1,shiny,826,1,16
31,g,1,shiny,328,1,4
32,low,1,body,1117,1,45
32,low,1,body,1120,1,25
32,low,1,body,1123,1,5
32,low,1,body,1127,1,10
32,low,1,body,1130,1,15
32,low,1,tail,1123,1,80
32,low,1,tail,1125,1,8
32,low,1,tail,1133,1,12
32,low,1,shiny,2128,1,75
32,low,1,shiny,1117,1,25
32,high,1,body,1118,1,40
32,high,1,body,1117,1,10
32,high,1,body,1121,1,28
32,high,1,body,1128,1,8
32,high,1,body,1131,1,12
32,high,1,body,1134,1,2
32,high,1,tail,1123,1,70
32,high,1,tail,1125,1,5
32,high,1,tail,1134,1,12
32,high,1,tail,1133,1,13
32,high,1,shiny,2128,1,38
32,high,1,shiny,2129,1,37
32,high,1,shiny,1118,1,25
32,g,1,body,1119,1,40
32,g,1,body,1122,1,28
32,g,1,body,1129,1,9
32,g,1,body,1132,1,13
32,g,1,body,1134,1,8
32,g,1,body,1135,1,2
32,g,1,tail,1124,1,78
32,g,1,tail,1126,1,10
32,g,1,tail,1134,1,12
32,g,1,shiny,2129,1,75
32,g,1,shiny,1119,1,24
32,g,1,shiny,1135,1,1
33,low,1,body,1138,1,40
33,low,1,body,1141,1,20
33,low,1,body,1123,1,7
33,low,1,body,1127,1,13
33,low,1,body,1130,1,20
33,high,3,body,1138,1,50
33,high,3,body,1141,1,28
33,high,3,body,1128,1,8
33,high,3,body,1131,1,12
33,high,3,body,1134,1,2
33,high,3,tail,1123,1,70
33,high,3,tail,1125,1,10
33,high,3,tail,1134,1,5
33,high,3,tail,1133,1,15
33,high,3,shiny,2128,1,38
33,high,3,shiny,2129,1,37
33,high,3,shiny,1138,1,25
33,g,3,body,1140,1,20
33,g,3,body,1139,1,30
33,g,3,body,1142,1,28
33,g,3,body,1129,1,8
33,g,3,body,1132,1,10
33,g,3,body,1134,1,2
33,g,3,body,1135,1,2
33,g,3,tail,1124,1,75
33,g,3,tail,1126,1,15
33,g,3,tail,1134,1,10
33,g,3,shiny,2129,1,75
33,g,3,shiny,1139,1,24
33,g,3,shiny,1135,1,1
34,low,1,body,1602,1,60
34,low,1,body,1604,1,40
34,high,1,body,1602,1,40
34,high,1,body,1604,1,28
34,high,1,body,1606,1,10
34,high,1,body,1612,1,12
34,high,1,body,1610,1,8
34,high,1,body,1614,1,2
34,high,1,tail,1606,1,90
34,high,1,tail,1602,1,10
34,high,1,shiny,2129,1,75
34,high,1,shiny,1612,1,5
34,high,1,shiny,1602,1,12
34,high,1,shiny,1586,1,8
34,g,1,body,1603,1,38
34,g,1,body,1605,1,28
34,g,1,body,1607,1,10
34,g,1,body,1613,1,12
34,g,1,body,1611,1,8
34,g,1,body,1615,1,2
34,g,1,body,1614,1,2
34,g,1,tail,1607,1,75
34,g,1,tail,1606,1,10
34,g,1,tail,1603,1,10
34,g,1,tail,1602,1,5
34,g,1,shiny,2129,1,75
34,g,1,shiny,1613,1,5
34,g,1,shiny,1603,1,12
34,g,1,shiny,1587,1,8
124,low,1,body,1146,1,25
124,low,1,body,1144,1,50
124,low,1,body,466,1,25
124,high,1,body,1146,1,25
124,high,1,body,1144,1,40
124,high,1,body,1150,1,15
124,high,1,body,466,1,20
124,high,1,tail,1153,1,65
124,high,1,tail,1152,1,16
124,high,1,tail,1144,1,15
124,high,1,tail,440,1,4
124,high,1,shiny,1152,1,15
124,high,1,shiny,466,1,11
124,high,1,shiny,2128,1,37
124,high,1,shiny,2129,1,37
124,g,1,body,1147,1,25
124,g,1,body,1145,1,35
124,g,1,body,1144,1,8
124,g,1,body,1151,1,15
124,g,1,body,467,1,17
124,g,1,tail,1154,1,65
124,g,1,tail,1153,1,10
124,g,1,tail,1152,1,12
124,g,1,tail,1145,1,9
124,g,1,tail,441,1,4
124,g,1,shiny,2129,1,75
124,g,1,shiny,1152,1,15
124,g,1,shiny,467,1,10
35,low,1,body,1506,1,38
35,low,1,body,1509,1,26
35,low,1,body,413,1,36
35,high,1,body,1506,1,39
35,high,1,body,1509,1,28
35,high,1,body,1512,1,11
35,high,1,body,1515,1,20
35,high,1,body,1523,1,2
35,high,1,tail,1506,1,32
35,high,1,tail,1518,1,65
35,high,1,tail,1523,1,3
35,high,1,shiny,2128,1,30
35,high,1,shiny,2129,1,35
35,high,1,shiny,1515,1,34
35,high,1,shiny,1523,1,1
35,g,1,body,1507,1,37
35,g,1,body,1510,1,27
35,g,1,body,1513,1,11
35,g,1,body,1516,1,20
35,g,1,body,1523,1,3
35,g,1,body,1508,1,2
35,g,1,tail,1507,1,20
35,g,1,tail,1519,1,65
35,g,1,tail,1518,1,8
35,g,1,tail,1523,1,4
35,g,1,tail,1508,1,3
35,g,1,shiny,2129,1,64
35,g,1,shiny,1516,1,33
35,g,1,shiny,1523,1,2
35,g,1,shiny,1508,1,1
36,low,1,body,1506,1,38
36,low,1,body,1509,1,26
36,low,1,body,414,1,36
36,high,1,body,1506,1,25
36,high,1,body,1509,1,18
36,high,1,body,1512,1,10
36,high,1,body,1515,1,12
36,high,1,body,1522,1,32
36,high,1,body,1523,1,3
36,high,1,tail,1506,1,26
36,high,1,tail,1518,1,55
36,high,1,tail,1522,1,15
36,high,1,tail,1523,1,4
36,high,1,shiny,2129,1,56
36,high,1,shiny,1515,1,42
36,high,1,shiny,1523,1,2
36,g,1,body,1507,1,21
36,g,1,body,1510,1,18
36,g,1,body,1514,1,10
36,g,1,body,1516,1,12
36,g,1,body,1511,1,32
36,g,1,body,1508,1,3
36,g,1,body,1523,1,4
36,g,1,tail,1507,1,21
36,g,1,tail,1519,1,55
36,g,1,tail,1511,1,15
36,g,1,tail,1508,1,4
36,g,1,tail,1523,1,5
36,g,1,shiny,2129,1,53
36,g,1,shiny,1516,1,42
36,g,1,shiny,1508,1,2
36,g,1,shiny,1523,1,3
125,low,1,body,1035,1,40
125,low,1,body,1037,1,40
125,low,1,body,408,1,20
125,high,1,body,1035,1,42
125,high,1,body,1037,1,30
125,high,1,body,1039,1,18
125,high,1,body,1041,1,10
125,high,1,tail,1043,1,70
125,high,1,tail,1037,1,27
125,high,1,tail,440,1,3
125,high,1,other,1037,1,17
125,high,1,other,1041,1,80
125,high,1,other,440,1,3
125,high,1,shiny,2128,1,38
125,high,1,shiny,2129,1,37
125,high,1,shiny,1037,1,5
125,high,1,shiny,1045,1,20
125,g,1,body,1036,1,40
125,g,1,body,1035,1,8
125,g,1,body,1038,1,24
125,g,1,body,1040,1,18
125,g,1,body,1042,1,10
125,g,1,tail,1044,1,70
125,g,1,tail,1043,1,7
125,g,1,tail,1038,1,20
125,g,1,tail,441,1,3
125,g,1,other,1038,1,12
125,g,1,other,1042,1,75
125,g,1,other,1041,1,10
125,g,1,other,441,1,3
125,g,1,shiny,2129,1,75
125,g,1,shiny,1038,1,5
125,g,1,shiny,1045,1,20
37,low,1,body,1047,1,46
37,low,1,body,1050,1,34
37,low,1,body,1053,1,12
37,low,1,body,1055,1,8
37,low,1,tail,1047,1,58
37,low,1,tail,1057,1,10
37,low,1,tail,1055,1,32
37,low,1,shiny,2128,1,74
37,low,1,shiny,1057,1,8
37,low,1,shiny,328,1,18
37,low,1,other,328,1,43
37,low,1,other,2084,1,50
37,low,1,other,326,1,7
37,high,1,body,1048,1,42
37,high,1,body,1051,1,28
37,high,1,body,1053,1,10
37,high,1,body,1055,1,12
37,high,1,body,1057,1,8
37,high,1,tail,1048,1,58
37,high,1,tail,1057,1,14
37,high,1,tail,1055,1,23
37,high,1,tail,1058,1,5
37,high,1,shiny,2128,1,38
37,high,1,shiny,2129,1,37
37,high,1,shiny,1057,1,8
37,high,1,shiny,1058,1,4
37,high,1,shiny,328,1,13
37,high,1,other,328,1,35
37,high,1,other,2085,1,40
37,high,1,other,2084,1,10
37,high,1,other,335,1,5
37,high,1,other,326,1,10
37,g,1,body,1049,1,46
37,g,1,body,1052,1,34
37,g,1,body,1054,1,12
37,g,1,body,1056,1,8
37,g,1,tail,1049,1,58
37,g,1,tail,1056,1,35
37,g,1,tail,1058,1,5
37,g,1,tail,1059,1,2
37,g,1,shiny,2129,1,75
37,g,1,shiny,1052,1,19
37,g,1,shiny,1058,1,4
37,g,1,shiny,1059,1,2
37,g,1,other,328,1,30
37,g,1,other,2085,1,20
37,g,1,other,335,1,35
37,g,1,other,327,1,15
38,low,1,body,1062,1,42
38,low,1,body,1051,1,28
38,low,1,body,1065,1,10
38,low,1,body,1055,1,12
38,low,1,body,1057,1,8
38,high,3,body,1062,1,42
38,high,3,body,1051,1,28
38,high,3,body,1065,1,10
38,high,3,body,1055,1,12
38,high,3,body,1057,1,8
38,high,3,tail,1062,1,58
38,high,3,tail,1057,1,14
38,high,3,tail,1055,1,23
38,high,3,tail,1058,1,5
38,high,3,other,1065,1,65
38,high,3,other,1068,1,27
38,high,3,other,440,1,5
38,high,3,other,1058,1,3
38,high,3,shiny,2128,1,38
38,high,3,shiny,2129,1,37
38,high,3,shiny,1057,1,8
38,high,3,shiny,1058,1,4
38,high,3,shiny,328,1,13
38,high,3,other,1068,1,35
38,high,3,other,2085,1,50
38,high,3,other,335,1,15
38,g,3,body,1064,1,17
38,g,3,body,1063,1,27
38,g,3,body,1052,1,30
38,g,3,body,1066,1,12
38,g,3,body,1056,1,14
38,g,3,tail,1064,1,35
38,g,3,tail,1063,1,33
38,g,3,tail,1056,1,25
38,g,3,tail,1058,1,5
38,g,3,tail,1059,1,2
38,g,3,other,1066,1,65
38,g,3,other,1069,1,27
38,g,3,other,441,1,5
38,g,3,other,1059,1,3
38,g,3,shiny,2129,1,75
38,g,3,shiny,1052,1,19
38,g,3,shiny,1058,1,4
38,g,3,shiny,1059,1,2
38,g,3,other,1069,1,35
38,g,3,other,2085,1,50
38,g,3,other,327,1,15
39,low,1,body,871,1,40
39,low,1,body,874,1,25
39,low,1,body,885,1,20
39,low,1,body,877,1,10
39,low,1,body,801,1,5
39,low,1,tail,883,1,63
39,low,1,tail,888,1,4
39,low,1,tail,874,1,33
39,low,1,shiny,2128,1,70
39,low,1,shiny,874,1,20
39,low,1,shiny,888,1,2
39,low,1,shiny,801,1,8
39,high,1,body,872,1,38
39,high,1,body,875,1,27
39,high,1,body,886,1,14
39,high,1,body,878,1,10
39,high,1,body,877,1,6
39,high,1,body,802,1,5
39,high,1,tail,883,1,68
39,high,1,tail,888,1,6
39,high,1,tail,889,1,2
39,high,1,tail,875,1,24
39,high,1,shiny,2128,1,32
39,high,1,shiny,2129,1,32
39,high,1,shiny,875,1,20
39,high,1,shiny,889,1,1
39,high,1,shiny,802,1,5
39,high,1,shiny,801,1,10
39,g,1,body,873,1,38
39,g,1,body,876,1,27
39,g,1,body,887,1,14
39,g,1,body,879,1,10
39,g,1,body,878,1,6
39,g,1,body,803,1,5
39,g,1,tail,884,1,68
39,g,1,tail,889,1,6
39,g,1,tail,890,1,2
39,g,1,tail,876,1,24
39,g,1,shiny,2129,1,64
39,g,1,shiny,876,1,20
39,g,1,shiny,890,1,1
39,g,1,shiny,803,1,5
39,g,1,shiny,802,1,10
40,low,1,body,839,1,30
40,low,1,body,842,1,25
40,low,1,body,845,1,20
40,low,1,body,468,1,10
40,low,1,body,471,1,15
40,low,1,tail,851,1,75
40,low,1,tail,842,1,25
40,low,1,shiny,2128,1,75
40,low,1,shiny,842,1,5
40,low,1,shiny,471,1,20
40,high,1,body,840,1,30
40,high,1,body,843,1,25
40,high,1,body,846,1,20
40,high,1,body,469,1,10
40,high,1,body,471,1,15
40,high,1,tail,851,1,70
40,high,1,tail,843,1,28
40,high,1,tail,440,1,2
40,high,1,shiny,2128,1,38
40,high,1,shiny,2129,1,37
40,high,1,shiny,843,1,5
40,high,1,shiny,471,1,20
40,g,1,body,841,1,30
40,g,1,body,844,1,25
40,g,1,body,847,1,20
40,g,1,body,470,1,10
40,g,1,body,471,1,15
40,g,1,tail,852,1,70
40,g,1,tail,844,1,25
40,g,1,tail,441,1,2
40,g,1,tail,440,1,3
40,g,1,shiny,2129,1,75
40,g,1,shiny,844,1,5
40,g,1,shiny,471,1,20
41,low,1,body,897,1,35
41,low,1,body,899,1,23
41,low,1,body,413,1,17
41,low,1,body,326,1,25
41,high,1,body,897,1,37
41,high,1,body,899,1,25
41,high,1,body,896,1,5
41,high,1,body,901,1,8
41,high,1,body,907,1,20
41,high,1,body,335,1,5
41,high,1,tail,906,1,75
41,high,1,tail,903,1,25
41,high,1,shiny,2128,1,37
41,high,1,shiny,2129,1,35
41,high,1,shiny,896,1,20
41,high,1,shiny,335,1,8
41,g,1,body,898,1,35
41,g,1,body,897,1,8
41,g,1,body,900,1,23
41,g,1,body,896,1,5
41,g,1,body,902,1,6
41,g,1,body,908,1,18
41,g,1,body,327,1,5
41,g,1,tail,906,1,75
41,g,1,tail,904,1,25
41,g,1,shiny,2129,1,72
41,g,1,shiny,896,1,20
41,g,1,shiny,327,1,8
42,low,1,body,1616,1,50
42,low,1,body,1618,1,35
42,low,1,body,442,1,15
42,high,1,body,1616,1,35
42,high,1,body,1618,1,22
42,high,1,body,1620,1,18
42,high,1,body,443,1,10
42,high,1,body,1626,1,12
42,high,1,body,1629,1,3
42,high,1,tail,1618,1,36
42,high,1,tail,1624,1,60
42,high,1,tail,1629,1,4
42,g,1,body,1617,1,30
42,g,1,body,1619,1,16
42,g,1,body,1618,1,8
42,g,1,body,1621,1,16
42,g,1,body,444,1,10
42,g,1,body,1627,1,12
42,g,1,body,1630,1,3
42,g,1,body,1629,1,5
42,g,1,tail,1619,1,21
42,g,1,tail,1625,1,60
42,g,1,tail,1624,1,10
42,g,1,tail,1630,1,4
42,g,1,tail,1629,1,5
43,low,1,body,1095,1,42
43,low,1,body,1097,1,38
43,low,1,body,1099,1,8
43,low,1,body,413,1,12
43,high,1,body,1095,1,46
43,high,1,body,1097,1,40
43,high,1,body,1099,1,10
43,high,1,body,1105,1,4
43,high,1,tail,1101,1,81
43,high,1,tail,1095,1,16
43,high,1,tail,1105,1,3
43,high,1,shiny,2128,1,38
43,high,1,shiny,2129,1,37
43,high,1,shiny,1097,1,20
43,high,1,shiny,1099,1,5
43,high,1,other,1101,1,78
43,high,1,other,1095,1,16
43,high,1,other,1105,1,6
43,g,1,body,1096,1,37
43,g,1,body,1095,1,10
43,g,1,body,1098,1,36
43,g,1,body,1100,1,8
43,g,1,body,1106,1,4
43,g,1,body,1105,1,5
43,g,1,tail,1102,1,70
43,g,1,tail,1101,1,8
43,g,1,tail,1096,1,15
43,g,1,tail,1106,1,3
43,g,1,tail,1105,1,4
43,g,1,shiny,2129,1,75
43,g,1,shiny,1098,1,20
43,g,1,shiny,1100,1,5
43,g,1,other,1102,1,75
43,g,1,other,1096,1,16
43,g,1,other,1106,1,6
43,g,1,other,1105,1,3
44,low,1,body,855,1,50
44,low,1,body,858,1,30
44,low,1,body,864,1,5
44,low,1,body,866,1,15
44,low,1,shiny,2128,1,75
44,low,1,shiny,866,1,25
44,high,1,body,856,1,48
44,high,1,body,859,1,25
44,high,1,body,858,1,5
44,high,1,body,864,1,10
44,high,1,body,867,1,12
44,high,1,shiny,2128,1,38
44,high,1,shiny,2129,1,37
44,high,1,shiny,867,1,20
44,high,1,shiny,866,1,5
44,g,1,body,857,1,50
44,g,1,body,860,1,25
44,g,1,body,859,1,5
44,g,1,body,865,1,5
44,g,1,body,868,1,15
44,g,1,shiny,2129,1,75
44,g,1,shiny,868,1,20
44,g,1,shiny,867,1,5
45,low,1,body,1238,1,40
45,low,1,body,1241,1,20
45,low,1,body,1247,1,15
45,low,1,body,1252,1,20
45,low,1,body,1255,1,5
45,low,1,tail,1250,1,70
45,low,1,tail,1238,1,20
45,low,1,tail,1241,1,8
45,low,1,tail,1255,1,2
45,low,1,shiny,2128,1,75
45,low,1,shiny,1238,1,8
45,low,1,shiny,394,1,15
45,low,1,shiny,1255,1,2
45,low,1,other,394,1,90
45,low,1,other,1241,1,10
45,high,1,body,1239,1,40
45,high,1,body,1238,1,8
45,high,1,body,1242,1,22
45,high,1,body,1248,1,14
45,high,1,body,1253,1,13
45,high,1,body,1256,1,3
45,high,1,tail,1250,1,70
45,high,1,tail,1239,1,20
45,high,1,tail,1242,1,8
45,high,1,tail,1256,1,2
45,high,1,shiny,2128,1,38
45,high,1,shiny,2129,1,37
45,high,1,shiny,1239,1,15
45,high,1,shiny,394,1,8
45,high,1,shiny,1256,1,2
45,high,1,other,394,1,82
45,high,1,other,1242,1,10
45,high,1,other,1241,1,8
45,g,1,body,1240,1,40
45,g,1,body,1239,1,8
45,g,1,body,1243,1,22
45,g,1,body,1249,1,14
45,g,1,body,1254,1,13
45,g,1,body,1257,1,3
45,g,1,tail,1251,1,70
45,g,1,tail,1240,1,20
45,g,1,tail,1243,1,8
45,g,1,tail,1257,1,2
45,g,1,shiny,2129,1,75
45,g,1,shiny,1240,1,15
45,g,1,shiny,394,1,8
45,g,1,shiny,1257,1,2
45,g,1,other,394,1,82
45,g,1,other,1243,1,10
45,g,1,other,1242,1,8
46,low,1,body,1260,1,40
46,low,1,body,1263,1,20
46,low,1,body,1247,1,15
46,low,1,body,1252,1,20
46,low,1,body,1255,1,5
46,high,3,body,1260,1,40
46,high,3,body,1263,1,22
46,high,3,body,1248,1,15
46,high,3,body,1253,1,20
46,high,3,body,1256,1,3
46,high,3,tail,1250,1,70
46,high,3,tail,1260,1,20
46,high,3,tail,1263,1,8
46,high,3,tail,1256,1,2
46,high,3,shiny,2128,1,38
46,high,3,shiny,2129,1,37
46,high,3,shiny,1260,1,15
46,high,3,shiny,394,1,8
46,high,3,shiny,1256,1,2
46,high,3,other,394,1,90
46,high,3,other,1263,1,10
46,g,3,body,1262,1,20
46,g,3,body,1261,1,28
46,g,3,body,1264,1,22
46,g,3,body,1249,1,14
46,g,3,body,1254,1,13
46,g,3,body,1257,1,3
46,g,3,tail,1251,1,70
46,g,3,tail,1262,1,8
46,g,3,tail,1261,1,12
46,g,3,tail,1264,1,8
46,g,3,tail,1257,1,2
46,g,3,shiny,2129,1,75
46,g,3,shiny,1262,1,5
46,g,3,shiny,1261,1,10
46,g,3,shiny,394,1,8
46,g,3,shiny,1257,1,2
46,g,3,other,394,1,90
46,g,3,other,1264,1,10
47,low,1,body,1631,1,60
47,low,1,body,1633,1,40
47,high,1,body,1631,1,35
47,high,1,body,1633,1,12
47,high,1,body,1637,1,5
47,high,1,body,1641,1,30
47,high,1,body,1643,1,16
47,high,1,body,1645,1,2
47,high,1,tail,1639,1,75
47,high,1,tail,1631,1,10
47,high,1,tail,1633,1,15
47,g,1,body,1632,1,32
47,g,1,body,1634,1,12
47,g,1,body,1638,1,5
47,g,1,body,1642,1,30
47,g,1,body,1644,1,16
47,g,1,body,1646,1,2
47,g,1,body,1645,1,3
47,g,1,tail,1640,1,65
47,g,1,tail,1639,1,10
47,g,1,tail,1632,1,10
47,g,1,tail,1634,1,15
48,low,3,body,639,1,65
48,low,3,body,642,1,25
48,low,3,body,424,1,10
48,low,3,shiny,2130,1,75
48,low,3,shiny,639,1,25
48,high,3,body,640,1,60
48,high,3,body,639,1,10
48,high,3,body,643,1,20
48,high,3,body,425,1,10
48,high,3,shiny,2130,1,38
48,high,3,shiny,2131,1,37
48,high,3,shiny,640,1,25
48,g,3,body,641,1,60
48,g,3,body,640,1,10
48,g,3,body,644,1,20
48,g,3,body,426,1,10
48,g,3,shiny,2131,1,75
48,g,3,shiny,641,1,25
49,low,3,body,648,1,65
49,low,3,body,651,1,25
49,low,3,body,424,1,10
49,high,3,body,648,1,65
49,high,3,body,651,1,25
49,high,3,body,425,1,10
49,g,3,body,650,1,60
49,g,3,body,649,1,10
49,g,3,body,652,1,20
49,g,3,body,426,1,10
50,low,1,body,657,1,50
50,low,1,body,662,1,30
50,low,1,body,665,1,15
50,low,1,body,424,1,5
50,low,1,shiny,2130,1,75
50,low,1,shiny,657,1,15
50,low,1,shiny,662,1,10
50,high,1,body,658,1,45
50,high,1,body,657,1,10
50,high,1,body,663,1,28
50,high,1,body,666,1,12
50,high,1,body,425,1,5
50,high,1,shiny,2130,1,38
50,high,1,shiny,2131,1,37
50,high,1,shiny,658,1,15
50,high,1,shiny,663,1,10
50,g,1,body,659,1,45
50,g,1,body,658,1,10
50,g,1,body,664,1,28
50,g,1,body,667,1,12
50,g,1,body,426,1,5
50,g,1,shiny,2131,1,75
50,g,1,shiny,659,1,15
50,g,1,shiny,664,1,10
51,low,1,body,668,1,50
51,low,1,body,671,1,30
51,low,1,body,665,1,15
51,low,1,body,424,1,5
51,low,1,shiny,2130,1,75
51,low,1,shiny,668,1,15
51,low,1,shiny,671,1,10
51,high,3,body,668,1,50
51,high,3,body,671,1,30
51,high,3,body,666,1,15
51,high,3,body,425,1,5
51,high,3,shiny,2130,1,38
51,high,3,shiny,2131,1,37
51,high,3,shiny,668,1,15
51,high,3,shiny,671,1,10
51,g,3,body,670,1,20
51,g,3,body,669,1,30
51,g,3,body,672,1,30
51,g,3,body,667,1,15
51,g,3,body,426,1,5
51,g,3,shiny,2131,1,75
51,g,3,shiny,669,1,15
51,g,3,shiny,672,1,10
52,low,1,body,674,1,40
52,low,1,body,677,1,20
52,low,1,body,680,1,25
52,low,1,body,454,1,15
52,low,1,shiny,2130,1,75
52,low,1,shiny,680,1,10
52,low,1,shiny,454,1,15
52,high,1,body,675,1,37
52,high,1,body,678,1,20
52,high,1,body,680,1,28
52,high,1,body,455,1,15
52,high,1,shiny,2130,1,38
52,high,1,shiny,2131,1,37
52,high,1,shiny,680,1,10
52,high,1,shiny,455,1,15
52,g,1,body,676,1,40
52,g,1,body,679,1,20
52,g,1,body,681,1,25
52,g,1,body,456,1,15
52,g,1,shiny,2131,1,75
52,g,1,shiny,681,1,10
52,g,1,shiny,456,1,15
53,low,1,body,1070,1,42
53,low,1,body,1073,1,28
53,low,1,body,1076,1,6
53,low,1,body,1080,1,19
53,low,1,body,1089,1,5
53,low,1,tail,1087,1,75
53,low,1,tail,1073,1,20
53,low,1,tail,1089,1,5
53,low,1,shiny,2128,1,75
53,low,1,shiny,1080,1,22
53,low,1,shiny,1089,1,3
53,high,1,body,1071,1,40
53,high,1,body,1070,1,8
53,high,1,body,1074,1,28
53,high,1,body,1077,1,6
53,high,1,body,1080,1,16
53,high,1,body,1090,1,2
53,high,1,tail,1087,1,60
53,high,1,tail,1074,1,23
53,high,1,tail,1089,1,14
53,high,1,tail,1090,1,3
53,high,1,shiny,2128,1,38
53,high,1,shiny,2129,1,37
53,high,1,shiny,1080,1,21
53,high,1,shiny,1089,1,3
53,high,1,shiny,1090,1,1
53,g,1,body,1072,1,37
53,g,1,body,1071,1,8
53,g,1,body,1075,1,28
53,g,1,body,1078,1,6
53,g,1,body,1081,1,16
53,g,1,body,1091,1,2
53,g,1,body,1090,1,3
53,g,1,tail,1088,1,75
53,g,1,tail,1075,1,18
53,g,1,tail,1091,1,3
53,g,1,tail,1090,1,4
53,g,1,shiny,2129,1,75
53,g,1,shiny,1081,1,22
53,g,1,shiny,1091,1,1
53,g,1,shiny,1090,1,2
126,high,1,body,1071,1,50
126,high,1,body,1074,1,30
126,high,1,body,1080,1,20
126,g,1,body,1072,1,40
126,g,1,body,1075,1,29
126,g,1,body,1079,1,6
126,g,1,body,1082,1,17
126,g,1,body,1091,1,3
126,g,1,body,1092,1,2
126,g,1,body,1090,1,3
126,g,1,tail,1088,1,70
126,g,1,tail,1075,1,20
126,g,1,tail,1091,1,3
126,g,1,tail,1092,1,3
126,g,1,tail,1090,1,4
126,g,1,shiny,2129,1,63
126,g,1,shiny,1082,1,32
126,g,1,shiny,1091,1,2
126,g,1,shiny,1092,1,1
126,g,1,shiny,1090,1,2
54,low,1,body,789,1,30
54,low,1,body,791,1,20
54,low,1,body,797,1,10
54,low,1,body,424,1,40
54,high,1,body,789,1,40
54,high,1,body,791,1,32
54,high,1,body,797,1,16
54,high,1,body,795,1,2
54,high,1,body,425,1,10
54,high,1,shiny,2130,1,38
54,high,1,shiny,2131,1,37
54,high,1,shiny,789,1,15
54,high,1,shiny,797,1,10
54,g,1,body,790,1,34
54,g,1,body,789,1,8
54,g,1,body,792,1,32
54,g,1,body,798,1,16
54,g,1,body,796,1,2
54,g,1,body,426,1,8
54,g,1,shiny,2131,1,75
54,g,1,shiny,790,1,15
54,g,1,shiny,798,1,10
55,low,1,body,911,1,35
55,low,1,body,914,1,22
55,low,1,body,917,1,18
55,low,1,body,424,1,10
55,low,1,body,923,1,15
55,low,1,shiny,2122,1,75
55,low,1,shiny,925,1,25
55,high,1,body,912,1,34
55,high,1,body,915,1,20
55,high,1,body,918,1,18
55,high,1,body,425,1,10
55,high,1,body,923,1,18
55,high,1,shiny,2122,1,38
55,high,1,shiny,2123,1,37
55,high,1,shiny,926,1,25
55,g,1,body,913,1,34
55,g,1,body,916,1,20
55,g,1,body,919,1,18
55,g,1,body,426,1,10
55,g,1,body,924,1,18
55,g,1,shiny,2123,1,75
55,g,1,shiny,927,1,25
56,low,1,body,930,1,34
56,low,1,body,933,1,20
56,low,1,body,917,1,22
56,low,1,body,424,1,14
56,low,1,body,923,1,10
56,high,3,body,930,1,34
56,high,3,body,933,1,20
56,high,3,body,918,1,18
56,high,3,body,425,1,10
56,high,3,body,923,1,18
56,high,3,shiny,2122,1,38
56,high,3,shiny,2123,1,37
56,high,3,shiny,926,1,25
56,g,3,body,932,1,14
56,g,3,body,931,1,20
56,g,3,body,934,1,20
56,g,3,body,919,1,18
56,g,3,body,426,1,10
56,g,3,body,924,1,18
56,g,3,shiny,2123,1,75
56,g,3,shiny,927,1,25
57,low,1,body,943,1,30
57,low,1,body,941,1,40
57,low,1,body,322,1,20
57,low,1,body,925,1,10
57,high,2,body,943,1,30
57,high,2,body,947,1,8
57,high,2,body,941,1,20
57,high,2,body,466,1,16
57,high,2,body,945,1,18
57,high,2,body,949,1,8
57,high,2,shiny,2122,1,30
57,high,2,shiny,2123,1,10
57,high,2,shiny,943,1,10
57,high,2,shiny,466,1,30
57,high,2,shiny,926,1,20
57,g,2,body,944,1,27
57,g,2,body,943,1,8
57,g,2,body,948,1,8
57,g,2,body,942,1,20
57,g,2,body,467,1,14
57,g,2,body,946,1,15
57,g,2,body,950,1,8
57,g,2,shiny,2123,1,35
57,g,2,shiny,944,1,10
57,g,2,shiny,467,1,25
57,g,2,shiny,466,1,10
57,g,2,shiny,927,1,20
58,low,1,body,953,1,45
58,low,1,body,957,1,20
58,low,1,body,964,1,30
58,low,1,body,965,1,5
58,low,1,shiny,2128,1,65
58,low,1,shiny,962,1,25
58,low,1,shiny,965,1,5
58,low,1,shiny,960,1,5
58,high,1,body,955,1,45
58,high,1,body,958,1,25
58,high,1,body,964,1,20
58,high,1,body,965,1,10
58,high,1,shiny,2128,1,32
58,high,1,shiny,2129,1,48
58,high,1,shiny,965,1,15
58,high,1,shiny,961,1,5
58,g,1,body,956,1,50
58,g,1,body,959,1,25
58,g,1,body,966,1,5
58,g,1,body,456,1,20
58,g,1,shiny,2129,1,80
58,g,1,shiny,966,1,5
58,g,1,shiny,961,1,15
59,low,1,body,1021,1,42
59,low,1,body,1023,1,28
59,low,1,body,468,1,30
59,high,1,body,1021,1,46
59,high,1,body,1023,1,40
59,high,1,body,1025,1,10
59,high,1,body,1031,1,4
59,high,1,shiny,2120,1,25
59,high,1,shiny,2121,1,50
59,high,1,shiny,1021,1,15
59,high,1,shiny,1031,1,10
59,g,1,body,1022,1,42
59,g,1,body,1021,1,8
59,g,1,body,1024,1,38
59,g,1,body,1026,1,8
59,g,1,body,1032,1,4
59,g,1,shiny,2121,1,70
59,g,1,shiny,1022,1,15
59,g,1,shiny,1032,1,10
59,g,1,shiny,1031,1,5
127,low,1,body,1006,1,60
127,low,1,body,457,1,20
127,low,1,body,537,1,20
127,high,1,body,1006,1,42
127,high,1,body,1008,1,21
127,high,1,body,1010,1,15
127,high,1,body,1012,1,8
127,high,1,body,458,1,14
127,high,1,shiny,2120,1,38
127,high,1,shiny,2121,1,37
127,high,1,shiny,537,1,10
127,high,1,shiny,538,1,15
127,g,1,body,1007,1,42
127,g,1,body,1009,1,21
127,g,1,body,1011,1,15
127,g,1,body,1013,1,8
127,g,1,body,459,1,14
127,g,1,shiny,2121,1,75
127,g,1,shiny,538,1,10
127,g,1,shiny,539,1,15
60,low,1,body,1442,1,27
60,low,1,body,1439,1,40
60,low,1,body,1449,1,18
60,low,1,body,1445,1,10
60,low,1,body,1454,1,5
60,low,1,tail,1452,1,75
60,low,1,tail,1454,1,4
60,low,1,tail,1439,1,21
60,low,1,shiny,2134,1,75
60,low,1,shiny,1439,1,23
60,low,1,shiny,1454,1,2
60,high,1,body,1443,1,29
60,high,1,body,1440,1,40
60,high,1,body,1450,1,18
60,high,1,body,1446,1,10
60,high,1,body,1456,1,3
60,high,1,tail,1452,1,70
60,high,1,tail,1454,1,4
60,high,1,tail,1456,1,2
60,high,1,tail,1440,1,24
60,high,1,shiny,2134,1,38
60,high,1,shiny,2135,1,36
60,high,1,shiny,1440,1,24
60,high,1,shiny,1456,1,2
60,g,1,body,1444,1,25
60,g,1,body,1441,1,34
60,g,1,body,1440,1,8
60,g,1,body,1451,1,16
60,g,1,body,1447,1,10
60,g,1,body,1457,1,3
60,g,1,body,1456,1,4
60,g,1,tail,1453,1,75
60,g,1,tail,1456,1,4
60,g,1,tail,1457,1,2
60,g,1,tail,1441,1,19
60,g,1,shiny,2136,1,74
60,g,1,shiny,1441,1,24
60,g,1,shiny,1457,1,2
128,high,1,body,1443,1,30
128,high,1,body,1440,1,40
128,high,1,body,1462,1,30
128,g,1,body,1463,1,29
128,g,1,body,1441,1,37
128,g,1,body,1451,1,18
128,g,1,body,1448,1,10
128,g,1,body,1455,1,3
128,g,1,body,1457,1,3
128,g,1,tail,1453,1,65
128,g,1,tail,1455,1,2
128,g,1,tail,1463,1,31
128,g,1,tail,1457,1,2
128,g,1,shiny,1463,1,24
128,g,1,shiny,1455,1,2
128,g,1,shiny,1441,1,24
128,g,1,shiny,2129,1,48
128,g,1,shiny,1457,1,2
61,low,1,body,1469,1,28
61,low,1,body,1466,1,38
61,low,1,body,1475,1,13
61,low,1,body,1472,1,10
61,low,1,body,1478,1,8
61,low,1,body,1480,1,3
61,low,1,tail,1478,1,75
61,low,1,tail,1480,1,4
61,low,1,tail,1466,1,21
61,low,1,shiny,1486,1,23
61,low,1,shiny,1480,1,2
61,low,1,shiny,2132,1,50
61,low,1,shiny,2135,1,25
61,high,1,body,1470,1,30
61,high,1,body,1467,1,40
61,high,1,body,1476,1,14
61,high,1,body,1473,1,10
61,high,1,body,1480,1,4
61,high,1,body,1481,1,2
61,high,1,tail,1478,1,64
61,high,1,tail,1480,1,5
61,high,1,tail,1481,1,3
61,high,1,tail,1467,1,28
61,high,1,shiny,1486,1,20
61,high,1,shiny,1480,1,3
61,high,1,shiny,1481,1,2
61,high,1,shiny,2132,1,25
61,high,1,shiny,2133,1,25
61,high,1,shiny,2135,1,20
61,high,1,shiny,2136,1,5
61,g,1,body,1471,1,28
61,g,1,body,1468,1,36
61,g,1,body,1477,1,12
61,g,1,body,1474,1,10
61,g,1,body,1481,1,4
61,g,1,body,1482,1,2
61,g,1,body,1479,1,8
61,g,1,tail,1479,1,64
61,g,1,tail,1481,1,5
61,g,1,tail,1482,1,3
61,g,1,tail,1468,1,28
61,g,1,shiny,1486,1,20
61,g,1,shiny,1481,1,3
61,g,1,shiny,1482,1,2
61,g,1,shiny,2133,1,50
61,g,1,shiny,2136,1,25
62,low,1,body,1015,1,60
62,low,1,body,1017,1,20
62,low,1,body,468,1,20
62,high,1,body,1015,1,65
62,high,1,body,1017,1,25
62,high,1,body,469,1,10
62,high,1,shiny,2120,1,50
62,high,1,shiny,2121,1,25
62,high,1,shiny,538,1,20
62,high,1,shiny,469,1,5
62,g,1,body,1016,1,55
62,g,1,body,1015,1,10
62,g,1,body,1018,1,25
62,g,1,body,470,1,10
62,g,1,shiny,2121,1,75
62,g,1,shiny,539,1,20
62,g,1,shiny,470,1,5
63,low,1,body,1403,1,47
63,low,1,body,1406,1,24
63,low,1,body,1409,1,15
63,low,1,body,1417,1,14
63,low,1,tail,1412,1,75
63,low,1,tail,1403,1,15
63,low,1,tail,1406,1,10
63,low,1,shiny,2128,1,55
63,low,1,shiny,1406,1,45
63,high,1,body,1404,1,40
63,high,1,body,1403,1,10
63,high,1,body,1407,1,20
63,high,1,body,1410,1,15
63,high,1,body,1418,1,12
63,high,1,body,1420,1,3
63,high,1,tail,1412,1,69
63,high,1,tail,1404,1,20
63,high,1,tail,1407,1,9
63,high,1,tail,1420,1,2
63,high,1,shiny,2128,1,20
63,high,1,shiny,2129,1,34
63,high,1,shiny,1407,1,45
63,high,1,shiny,1420,1,1
63,g,1,body,1405,1,40
63,g,1,body,1404,1,8
63,g,1,body,1408,1,18
63,g,1,body,1411,1,15
63,g,1,body,1419,1,12
63,g,1,body,1421,1,3
63,g,1,body,1420,1,4
63,g,1,tail,1413,1,75
63,g,1,tail,1405,1,11
63,g,1,tail,1408,1,9
63,g,1,tail,1421,1,2
63,g,1,tail,1420,1,3
63,g,1,shiny,2129,1,53
63,g,1,shiny,1408,1,45
63,g,1,shiny,1421,1,1
63,g,1,shiny,1420,1,1
64,low,1,body,707,1,40
64,low,1,body,710,1,15
64,low,1,body,713,1,25
64,low,1,body,457,1,20
64,low,1,shiny,2128,1,75
64,low,1,shiny,707,1,18
64,low,1,shiny,713,1,7
64,high,1,body,708,1,35
64,high,1,body,711,1,15
64,high,1,body,710,1,8
64,high,1,body,714,1,17
64,high,1,body,458,1,20
64,high,1,body,720,1,5
64,high,1,shiny,2128,1,37
64,high,1,shiny,2129,1,38
64,high,1,shiny,714,1,20
64,high,1,shiny,720,1,5
64,g,1,body,709,1,35
64,g,1,body,712,1,15
64,g,1,body,711,1,8
64,g,1,body,715,1,17
64,g,1,body,459,1,15
64,g,1,body,721,1,5
64,g,1,body,720,1,5
64,g,1,shiny,2129,1,65
64,g,1,shiny,715,1,20
64,g,1,shiny,721,1,5
64,g,1,shiny,720,1,10
129,high,1,body,724,1,35
129,high,1,body,711,1,17
129,high,1,body,714,1,22
129,high,1,body,458,1,26
129,g,3,body,724,1,35
129,g,3,body,712,1,15
129,g,3,body,711,1,8
129,g,3,body,715,1,17
129,g,3,body,459,1,15
129,g,3,body,721,1,5
129,g,3,body,726,1,5
129,g,3,shiny,2129,1,70
129,g,3,shiny,715,1,20
129,g,3,shiny,721,1,5
129,g,3,shiny,720,1,5
129,g,3,other,726,1,100
65,low,1,body,1345,1,43
65,low,1,body,1348,1,18
65,low,1,body,1354,1,15
65,low,1,body,1351,1,20
65,low,1,body,1363,1,4
65,low,1,tail,1357,1,73
65,low,1,tail,1359,1,25
65,low,1,tail,1363,1,2
65,low,1,shiny,2128,1,75
65,low,1,shiny,1360,1,23
65,low,1,shiny,1363,1,2
65,high,1,body,1346,1,40
65,high,1,body,1349,1,16
65,high,1,body,1355,1,15
65,high,1,body,1352,1,20
65,high,1,body,1364,1,3
65,high,1,body,1363,1,6
65,high,1,tail,1357,1,76
65,high,1,tail,1359,1,20
65,high,1,tail,1364,1,4
65,high,1,shiny,2128,1,38
65,high,1,shiny,2129,1,37
65,high,1,shiny,1361,1,18
65,high,1,shiny,1364,1,2
65,high,1,shiny,1363,1,5
65,g,1,body,1347,1,40
65,g,1,body,1350,1,16
65,g,1,body,1356,1,15
65,g,1,body,1353,1,20
65,g,1,body,1365,1,3
65,g,1,body,1364,1,6
65,g,1,tail,1358,1,96
65,g,1,tail,1365,1,4
65,g,1,shiny,2129,1,75
65,g,1,shiny,1362,1,18
65,g,1,shiny,1365,1,2
65,g,1,shiny,1364,1,5
66,low,1,body,1368,1,43
66,low,1,body,1371,1,18
66,low,1,body,1354,1,15
66,low,1,body,1351,1,20
66,low,1,body,1363,1,4
66,high,3,body,1368,1,40
66,high,3,body,1371,1,16
66,high,3,body,1355,1,15
66,high,3,body,1352,1,20
66,high,3,body,1364,1,3
66,high,3,body,1363,1,6
66,high,3,tail,1357,1,76
66,high,3,tail,1359,1,20
66,high,3,tail,1364,1,4
66,high,3,shiny,2128,1,38
66,high,3,shiny,2129,1,37
66,high,3,shiny,1374,1,18
66,high,3,shiny,1364,1,2
66,high,3,shiny,1363,1,5
66,g,3,body,1370,1,18
66,g,3,body,1369,1,22
66,g,3,body,1372,1,16
66,g,3,body,1356,1,15
66,g,3,body,1353,1,20
66,g,3,body,1365,1,3
66,g,3,body,1364,1,6
66,g,3,tail,1358,1,96
66,g,3,tail,1365,1,4
66,g,3,shiny,2129,1,60
66,g,3,shiny,1374,1,33
66,g,3,shiny,1365,1,2
66,g,3,shiny,1364,1,5
67,low,1,body,1269,1,40
67,low,1,body,1272,1,20
67,low,1,body,1275,1,20
67,low,1,body,1286,1,16
67,low,1,body,1289,1,4
67,low,1,tail,1284,1,80
67,low,1,tail,1286,1,20
67,low,1,shiny,2128,1,75
67,low,1,shiny,1269,1,23
67,low,1,shiny,1289,1,2
67,high,1,body,1270,1,35
67,high,1,body,1269,1,8
67,high,1,body,1273,1,20
67,high,1,body,1276,1,18
67,high,1,body,1287,1,16
67,high,1,body,1290,1,3
67,high,1,tail,1284,1,70
67,high,1,tail,1287,1,20
67,high,1,tail,1286,1,10
67,high,1,shiny,2128,1,38
67,high,1,shiny,2129,1,37
67,high,1,shiny,1270,1,18
67,high,1,shiny,1290,1,2
67,high,1,shiny,1289,1,5
67,g,1,body,1271,1,35
67,g,1,body,1270,1,8
67,g,1,body,1274,1,20
67,g,1,body,1277,1,18
67,g,1,body,1288,1,16
67,g,1,body,1291,1,3
67,g,1,tail,1285,1,80
67,g,1,tail,1288,1,15
67,g,1,tail,1287,1,5
67,g,1,shiny,2129,1,75
67,g,1,shiny,1271,1,18
67,g,1,shiny,1291,1,2
67,g,1,shiny,1290,1,5
130,high,1,body,1294,1,40
130,high,1,body,1273,1,22
130,high,1,body,1276,1,20
130,high,1,body,1287,1,18
130,g,3,body,1294,1,35
130,g,3,body,1270,1,6
130,g,3,body,1274,1,20
130,g,3,body,1277,1,16
130,g,3,body,1288,1,15
130,g,3,body,1291,1,3
130,g,3,body,1296,1,5
130,g,3,tail,1285,1,70
130,g,3,tail,1288,1,20
130,g,3,tail,1287,1,10
130,g,3,shiny,2129,1,40
130,g,3,shiny,1294,1,18
130,g,3,shiny,1291,1,2
130,g,3,shiny,1290,1,5
130,g,3,shiny,1296,1,35
68,low,1,body,1320,1,45
68,low,1,body,1323,1,15
68,low,1,body,1326,1,20
68,low,1,body,1334,1,18
68,low,1,body,1337,1,2
68,low,1,tail,1332,1,80
68,low,1,tail,1323,1,15
68,low,1,tail,1320,1,5
68,low,1,shiny,2128,1,70
68,low,1,shiny,1320,1,5
68,low,1,shiny,1334,1,20
68,low,1,shiny,1337,1,5
68,high,1,body,1321,1,40
68,high,1,body,1320,1,10
68,high,1,body,1324,1,10
68,high,1,body,1327,1,18
68,high,1,body,1335,1,15
68,high,1,body,1338,1,2
68,high,1,body,1337,1,5
68,high,1,tail,1332,1,80
68,high,1,tail,1324,1,15
68,high,1,tail,1321,1,5
68,high,1,shiny,2128,1,35
68,high,1,shiny,2129,1,35
68,high,1,shiny,1321,1,5
68,high,1,shiny,1335,1,20
68,high,1,shiny,1338,1,5
68,g,1,body,1322,1,40
68,g,1,body,1321,1,10
68,g,1,body,1325,1,10
68,g,1,body,1328,1,18
68,g,1,body,1336,1,15
68,g,1,body,1339,1,2
68,g,1,body,1338,1,5
68,g,1,tail,1333,1,80
68,g,1,tail,1325,1,15
68,g,1,tail,1322,1,5
68,g,1,shiny,2129,1,70
68,g,1,shiny,1322,1,5
68,g,1,shiny,1336,1,20
68,g,1,shiny,1339,1,5
131,high,1,body,1342,1,42
131,high,1,body,1321,1,10
131,high,1,body,1324,1,18
131,high,1,body,1327,1,15
131,high,1,body,1335,1,15
131,g,3,body,1342,1,40
131,g,3,body,1321,1,10
131,g,3,body,1325,1,10
131,g,3,body,1328,1,18
131,g,3,body,1336,1,15
131,g,3,body,1339,1,2
131,g,3,body,1338,1,5
131,g,3,tail,1333,1,28
131,g,3,tail,1325,1,7
131,g,3,tail,1342,1,5
131,g,3,tail,1344,1,60
131,g,3,shiny,2129,1,70
131,g,3,shiny,1342,1,5
131,g,3,shiny,1336,1,20
131,g,3,shiny,1339,1,5
69,low,1,body,1297,1,38
69,low,1,body,1300,1,27
69,low,1,body,1308,1,18
69,low,1,body,1303,1,15
69,low,1,body,1312,1,2
69,low,1,shiny,2130,1,70
69,low,1,shiny,1308,1,10
69,low,1,shiny,1309,1,20
69,high,1,body,1298,1,32
69,high,1,body,1297,1,12
69,high,1,body,1301,1,23
69,high,1,body,1308,1,12
69,high,1,body,1304,1,15
69,high,1,body,1313,1,2
69,high,1,body,1312,1,4
69,high,1,shiny,2130,1,35
69,high,1,shiny,2131,1,35
69,high,1,shiny,1308,1,10
69,high,1,shiny,1310,1,20
69,g,1,body,1299,1,38
69,g,1,body,1298,1,18
69,g,1,body,1302,1,23
69,g,1,body,1305,1,15
69,g,1,body,1314,1,2
69,g,1,body,1313,1,4
69,g,1,shiny,2131,1,70
69,g,1,shiny,1308,1,10
69,g,1,shiny,1311,1,20
132,high,1,body,1317,1,42
132,high,1,body,1298,1,20
132,high,1,body,1301,1,23
132,high,1,body,1304,1,15
132,g,3,body,1317,1,38
132,g,3,body,1298,1,18
132,g,3,body,1302,1,23
132,g,3,body,1305,1,15
132,g,3,body,1314,1,2
132,g,3,body,1313,1,4
132,g,3,shiny,2131,1,70
132,g,3,shiny,1299,1,10
132,g,3,shiny,1311,1,20
70,low,2,body,1668,1,55
70,low,2,body,1671,1,35
70,low,2,body,1687,1,10
70,low,2,shiny,2637,1,100
70,high,2,body,1678,1,43
70,high,2,body,1680,1,30
70,high,2,body,1682,1,10
70,high,2,body,1683,1,15
70,high,2,body,1685,1,2
70,high,2,shiny,2637,1,100
70,high,2,other,1678,1,15
70,high,2,other,1683,1,20
70,high,2,other,1688,1,50
70,high,2,other,1685,1,15
70,g,2,body,1679,1,38
70,g,2,body,1678,1,8
70,g,2,body,1681,1,28
70,g,2,body,1682,1,6
70,g,2,body,1684,1,15
70,g,2,body,1686,1,2
70,g,2,body,1685,1,3
70,g,2,shiny,2637,1,100
70,g,2,other,1679,1,12
70,g,2,other,1684,1,17
70,g,2,other,1689,1,40
70,g,2,other,1686,1,15
70,g,2,other,1685,1,16
71,low,1,body,576,1,45
71,low,1,body,579,1,30
71,low,1,body,584,1,9
71,low,1,body,572,1,16
71,low,1,shiny,2128,1,75
71,low,1,shiny,572,1,25
71,high,1,body,577,1,45
71,high,1,body,580,1,30
71,high,1,body,584,1,9
71,high,1,body,576,1,16
71,high,1,shiny,2128,1,50
71,high,1,shiny,2129,1,25
71,high,1,shiny,577,1,23
71,high,1,shiny,438,1,2
71,g,1,body,578,1,45
71,g,1,body,581,1,30
71,g,1,body,585,1,9
71,g,1,body,577,1,16
71,g,1,shiny,2129,1,73
71,g,1,shiny,578,1,23
71,g,1,shiny,439,1,2
71,g,1,shiny,438,1,2
133,low,1,body,1690,1,30
133,low,1,body,1692,1,20
133,low,1,body,1694,1,15
133,low,1,body,1704,1,35
133,high,1,body,1690,1,45
133,high,1,body,1692,1,37
133,high,1,body,1694,1,18
133,high,1,tail,1690,1,17
133,high,1,tail,1696,1,80
133,high,1,tail,1702,1,3
133,high,1,shiny,2132,1,15
133,high,1,shiny,2133,1,15
133,high,1,shiny,1704,1,40
133,high,1,shiny,1690,1,30
133,g,1,body,1691,1,45
133,g,1,body,1693,1,37
133,g,1,body,1695,1,18
133,g,1,tail,1691,1,10
133,g,1,tail,1697,1,75
133,g,1,tail,1696,1,8
133,g,1,tail,1703,1,3
133,g,1,tail,1702,1,4
133,g,1,shiny,2133,1,30
133,g,1,shiny,1691,1,30
133,g,1,shiny,1705,1,40
134,high,1,body,1706,1,100
134,g,2,body,1706,1,100
134,g,2,shiny,1706,1,75
134,g,2,shiny,344,1,25
134,g,2,other,355,1,17
134,g,2,other,356,1,50
134,g,2,other,338,1,17
134,g,2,other,333,1,8
134,g,2,other,447,1,8
135,high,1,body,1707,1,50
135,high,1,body,1708,1,30
135,high,1,body,1711,1,20
135,g,1,body,1707,1,32
135,g,1,body,1708,1,20
135,g,1,body,1711,1,16
135,g,1,body,1712,1,15
135,g,1,body,1710,1,15
135,g,1,body,1713,1,2
135,g,1,shiny,2121,1,50
135,g,1,shiny,1711,1,35
135,g,1,shiny,1714,1,15
