kind,id,points,cost
move,0,0,
move,1,0,
move,2,3,
move,3,0,
move,4,2,
move,5,0,
move,6,0,
move,7,0,
move,8,1,
move,9,0,
move,10,1,
move,11,2,
move,12,0,
move,13,3,
move,14,1,
move,15,2,
move,16,2,
move,17,3,
move,18,3,
move,19,3,
move,20,0,
move,21,2,
move,22,2,
move,23,1,
move,24,0,
move,25,1,
move,26,0,
move,27,0,
move,28,2,
move,29,0,
move,30,0,
move,31,0,
move,32,1,
move,33,2,
move,34,1,
move,35,1,
move,36,3,
move,37,0,
move,38,1,
move,39,2,
move,40,1,
move,41,1,
move,42,1,
move,43,1,
move,44,2,
move,45,3,
move,46,0,
move,47,0,
move,48,1,
move,49,2,
move,50,1,
move,51,1,
move,52,1,
move,53,1,
move,54,1,
move,55,2,
move,56,2,
move,57,0,
skill,0,0,0
skill,1,1,1
skill,2,2,2
skill,3,0,2
skill,4,2,3
skill,5,0,1
skill,6,2,2
skill,7,3,3
skill,8,1,1
skill,9,2,2
skill,10,0,4
skill,11,0,3
skill,12,3,3
skill,13,3,4
skill,14,2,2
skill,15,1,1
skill,16,0,1
skill,17,2,2
skill,18,0,2
skill,19,3,3
skill,20,2,1
skill,21,3,2
skill,22,0,3
skill,23,3,4
skill,24,0,1
skill,25,1,1
skill,26,1,2
skill,27,1,1
skill,28,2,1
skill,29,1,2
skill,30,1,1
skill,31,2,2
skill,32,1,1
skill,33,1,1
skill,34,1,1
skill,35,1,1
skill,36,2,4
skill,37,1,3
skill,38,0,3
skill,39,3,2
skill,40,2,2
skill,41,0,2
skill,42,1,1
skill,43,0,3
skill,44,0,1
skill,45,0,1
skill,46,0,3
skill,47,1,1
skill,48,0,3
skill,49,0,1
skill,50,0,2
skill,51,0,2
skill,52,0,2
skill,53,0,2
skill,54,0,2
skill,55,0,2
skill,56,0,2
skill,57,0,1
skill,58,0,2
skill,59,0,3
skill,60,0,2
skill,61,0,1
skill,62,0,2
skill,63,0,3
skill,64,0,3
skill,65,0,2
skill,66,0,2
skill,67,0,4
skill,68,0,1
skill,69,0,2
skill,70,0,2
skill,71,0,2
skill,72,0,1
skill,73,0,1
skill,74,0,1
skill,75,0,1
skill,76,0,1
skill,77,0,4
skill,78,0,2
skill,79,1,2
skill,80,2,2
skill,81,2,2
skill,82,0,4
skill,83,0,2
skill,84,0,2
skill,85,0,2
skill,86,0,3
skill,87,0,2
skill,88,0,1
skill,89,0,3
skill,90,0,2
skill,91,0,1
skill,92,0,2
skill,93,0,1
skill,94,0,4
skill,95,0,2
