level,support_slots,skill_slots
1,1,3
2,1,3
3,1,3
4,1,3
5,2,3
6,2,3
7,2,3
8,2,3
9,2,3
10,2,4
11,2,4
12,2,4
13,2,4
14,2,4
15,3,4
16,3,4
17,3,4
18,3,4
19,3,4
20,3,4
21,3,4
22,3,4
23,3,4
24,3,4
25,4,5
26,4,5
27,4,5
28,4,5
29,4,5
30,4,5
31,4,5
32,4,5
33,4,5
34,4,5
35,5,5
36,5,5
37,5,5
38,5,5
39,5,5
40,5,6
41,5,6
42,5,6
43,5,6
44,5,6
45,5,6
46,5,6
47,5,6
48,5,6
49,5,6
50,5,6
51,5,7
52,5,7
53,5,7
54,5,7
55,5,7
56,5,7
57,5,7
58,5,7
59,5,7
60,5,7
61,5,7
62,5,7
63,5,7
64,5,7
65,5,7
66,5,7
67,5,7
68,5,7
69,5,7
70,5,7
71,5,7
72,5,7
73,5,7
74,5,7
75,5,8
76,5,8
77,5,8
78,5,8
79,5,8
80,5,8
81,5,8
82,5,8
83,5,8
84,5,8
85,5,8
86,5,8
87,5,8
88,5,8
89,5,8
90,5,8
91,5,8
92,5,8
93,5,8
94,5,8
95,5,8
96,5,8
97,5,8
98,5,8
99,5,8
