item,value,group1,group2,group3
318,1,4,0,0
319,2,4,0,0
320,4,4,0,0
321,3,4,0,0
323,3,4,0,0
324,4,4,0,0
325,5,4,0,0
326,6,4,0,0
327,6,6,0,0
328,5,4,0,0
329,2,5,0,0
330,2,6,0,0
331,3,6,0,0
332,4,5,0,0
333,4,6,0,0
334,4,5,0,0
335,6,5,0,0
338,6,6,0,0
387,2,7,0,0
390,4,9,0,0
391,2,7,0,0
392,3,7,0,0
393,5,7,0,0
394,2,215,0,0
395,2,8,0,0
396,3,8,0,0
401,2,9,0,0
402,3,9,0,0
407,1,10,0,0
408,2,10,0,0
409,3,10,0,0
410,1,10,0,0
411,3,10,0,0
412,2,12,0,0
413,5,10,0,0
414,2,11,0,0
415,5,11,0,0
416,2,12,0,0
417,5,12,0,0
418,8,10,0,0
419,8,12,0,0
420,1,11,0,0
421,1,12,0,0
422,2,19,28,12
423,1,10,0,0
424,3,10,0,0
425,3,11,0,0
426,3,12,0,0
427,5,11,0,0
428,5,12,0,0
429,1,11,15,0
430,4,11,15,0
431,2,12,16,0
432,1,1,0,0
433,1,1,0,0
434,1,1,0,0
435,1,3,0,0
436,1,1,0,0
437,1,3,0,0
438,6,24,0,0
439,6,25,0,0
440,8,2,0,0
441,8,3,0,0
450,2,1,0,0
451,2,1,0,0
452,2,2,0,0
453,2,3,0,0
454,2,1,0,0
455,2,2,0,0
456,2,3,0,0
457,4,1,0,0
458,4,2,0,0
459,4,3,0,0
460,3,1,0,0
461,3,2,0,0
462,3,3,0,0
463,3,1,0,0
464,3,2,0,0
465,3,3,0,0
466,3,2,0,0
467,3,3,0,0
468,3,1,0,0
469,3,2,0,0
470,3,3,0,0
473,3,13,0,0
474,3,14,0,0
475,2,13,0,0
476,4,13,0,0
477,2,14,0,0
478,3,14,0,0
479,4,14,0,0
480,2,13,0,0
481,4,13,0,0
482,2,14,0,0
483,3,14,0,0
484,4,14,0,0
485,2,13,0,0
486,2,14,0,0
487,4,14,0,0
488,4,13,0,0
489,4,14,0,0
490,3,13,0,0
491,3,14,0,0
492,3,13,0,0
493,3,14,0,0
494,3,13,0,0
495,3,14,0,0
496,3,13,0,0
497,3,14,0,0
498,3,13,0,0
499,3,14,0,0
500,4,13,0,0
501,4,14,0,0
502,4,13,0,0
503,4,14,0,0
504,3,13,0,0
505,3,14,0,0
506,4,13,0,0
507,4,14,0,0
508,3,13,0,0
509,3,14,0,0
510,3,13,0,0
511,3,14,0,0
512,3,13,0,0
513,3,14,0,0
514,3,13,0,0
515,3,14,0,0
516,4,13,0,0
517,4,14,0,0
519,2,17,0,0
520,2,19,0,0
521,1,23,0,0
522,1,25,0,0
523,2,17,0,0
524,3,17,0,0
525,2,19,0,0
526,5,17,0,0
527,2,17,0,0
528,2,18,0,0
529,2,19,0,0
530,3,17,0,0
531,3,19,0,0
532,4,17,26,0
533,4,18,27,0
534,5,17,26,0
535,3,18,0,0
536,2,121,133,0
537,4,20,0,0
538,4,21,0,0
539,4,22,0,0
540,2,20,0,0
541,2,21,0,0
542,3,20,0,0
543,3,22,0,0
544,3,20,0,0
545,2,20,0,0
546,2,21,0,0
547,2,22,0,0
548,2,20,0,0
549,2,21,0,0
550,3,20,0,0
551,3,21,0,0
552,3,22,0,0
553,2,20,0,0
554,2,21,0,0
555,3,20,0,0
556,3,21,0,0
557,3,22,0,0
558,4,20,0,0
559,2,20,0,0
560,2,21,0,0
561,2,22,0,0
562,2,21,0,0
563,2,22,0,0
564,2,29,0,0
565,2,30,0,0
566,2,31,0,0
567,2,29,0,0
568,2,31,0,0
569,4,29,0,0
570,4,31,0,0
571,1,23,0,0
572,2,32,23,0
573,2,33,24,0
574,2,34,25,0
575,2,32,23,0
576,2,35,32,23
577,2,36,33,24
578,2,37,34,25
579,3,35,32,23
580,3,36,33,24
581,3,37,34,25
582,4,35,32,23
583,4,37,34,25
584,3,35,32,23
585,3,37,34,25
586,2,38,23,0
587,2,39,24,0
588,2,40,25,0
589,2,38,23,0
590,2,40,25,0
591,2,41,23,0
592,2,42,24,0
593,2,43,25,0
594,2,41,23,0
595,2,42,24,0
596,3,44,41,23
597,3,45,42,24
598,3,46,43,25
599,4,44,41,23
600,4,45,42,24
601,4,46,43,25
602,6,44,41,23
603,1,47,23,0
604,2,47,23,0
605,2,48,24,0
606,2,49,25,0
607,2,47,23,0
608,2,48,24,0
609,3,50,47,23
610,3,51,48,24
611,3,52,49,25
612,4,50,47,23
613,4,51,48,24
614,4,52,49,25
615,6,50,47,23
616,1,53,23,0
617,2,53,23,0
618,2,54,24,0
619,2,55,25,0
620,2,53,23,0
621,2,54,24,0
622,3,56,53,23
623,3,57,54,24
624,3,58,55,25
625,4,56,53,23
626,4,57,54,24
627,4,58,55,25
628,6,56,53,23
629,2,59,23,0
630,2,60,24,0
631,2,61,25,0
632,2,59,23,0
633,2,60,24,0
634,3,63,60,24
635,3,64,61,25
636,4,63,60,24
637,4,64,61,25
638,6,63,60,24
639,2,65,0,0
640,2,66,0,0
641,2,67,0,0
642,3,65,0,0
643,3,66,0,0
644,3,67,0,0
645,4,65,0,0
646,4,66,0,0
647,4,67,0,0
648,2,66,69,15
649,4,66,69,15
650,2,67,70,16
651,2,66,69,15
652,4,66,69,15
653,4,67,70,16
654,3,66,69,15
655,5,66,69,15
656,5,67,70,16
657,2,71,0,0
658,2,72,0,0
659,2,73,0,0
660,4,71,0,0
661,4,72,0,0
662,3,71,0,0
663,3,72,0,0
664,3,73,0,0
665,4,71,0,0
666,4,72,0,0
667,4,73,0,0
668,2,72,75,15
669,4,72,75,15
670,2,73,76,16
671,2,72,75,15
672,4,72,75,15
673,4,73,76,16
674,2,77,0,0
675,2,78,0,0
676,2,79,0,0
677,3,77,0,0
678,3,78,0,0
679,3,79,0,0
680,4,77,0,0
681,4,79,0,0
682,2,80,0,0
683,2,81,0,0
684,2,82,0,0
685,3,80,0,0
686,3,81,0,0
687,3,82,0,0
688,4,80,0,0
689,4,81,0,0
690,4,82,0,0
691,6,80,0,0
692,6,81,0,0
693,3,80,0,0
694,3,82,0,0
695,3,81,13,0
696,3,82,14,0
697,2,83,0,0
698,2,84,0,0
699,2,85,0,0
700,3,83,0,0
701,3,85,0,0
702,3,84,0,0
703,5,83,0,0
704,5,85,0,0
705,3,84,13,0
706,3,85,14,0
707,2,86,0,0
708,2,87,0,0
709,2,88,0,0
710,3,86,0,0
711,3,87,0,0
712,3,88,0,0
713,4,86,0,0
714,4,87,0,0
715,4,88,0,0
716,5,86,0,0
717,5,88,0,0
718,5,86,0,0
719,5,88,0,0
720,7,87,0,0
721,7,88,0,0
722,3,87,13,0
723,3,88,14,0
724,2,88,91,16
725,4,88,91,16
726,5,88,91,16
727,2,92,0,0
728,2,93,0,0
729,2,94,0,0
730,3,92,0,0
731,3,93,0,0
732,3,94,0,0
733,5,92,0,0
734,5,93,0,0
735,6,92,0,0
736,6,93,0,0
737,4,92,0,0
738,4,94,0,0
739,5,92,0,0
740,5,94,0,0
741,4,92,0,0
742,4,94,0,0
743,3,93,13,0
744,3,94,14,0
745,2,93,96,15
746,4,93,96,15
747,2,94,97,16
748,2,93,96,15
749,4,93,96,15
750,4,94,97,16
751,3,17,0,0
752,3,19,0,0
753,2,98,0,0
754,2,99,0,0
755,2,100,0,0
756,5,98,0,0
757,3,98,0,0
758,3,99,0,0
759,3,100,0,0
760,4,98,0,0
761,4,99,0,0
762,4,100,0,0
763,1,318,0,0
764,1,319,0,0
765,3,322,319,0
766,2,321,318,0
767,2,322,319,0
768,3,321,318,0
769,4,321,318,0
770,5,321,318,0
771,5,322,319,0
772,4,322,319,0
773,3,322,14,0
774,2,101,0,0
775,2,102,0,0
776,2,103,0,0
777,3,104,101,0
778,3,105,102,0
779,3,106,103,0
780,5,104,101,0
781,5,105,102,0
782,5,106,103,0
783,4,104,101,0
784,4,106,103,0
785,4,104,101,0
786,4,106,103,0
787,4,105,13,0
788,4,106,14,0
789,2,108,0,0
790,2,109,0,0
791,3,108,0,0
792,3,109,0,0
793,4,108,0,0
794,4,109,0,0
795,4,108,0,0
796,4,109,0,0
797,5,108,0,0
798,5,109,0,0
799,3,108,13,0
800,3,109,14,0
804,2,110,0,0
805,2,111,0,0
806,2,112,0,0
807,3,110,0,0
808,3,111,0,0
809,3,112,0,0
810,4,110,0,0
811,4,111,0,0
812,4,112,0,0
813,2,114,0,0
814,2,115,0,0
815,3,114,0,0
816,3,115,0,0
817,3,114,0,0
818,3,115,0,0
819,4,114,0,0
820,4,115,0,0
821,5,114,0,0
822,5,115,0,0
823,3,114,13,0
824,3,115,14,0
825,2,117,0,0
826,2,118,0,0
827,3,117,0,0
828,3,118,0,0
829,4,117,0,0
830,4,118,0,0
831,4,117,0,0
832,4,118,0,0
833,3,117,13,0
834,3,118,14,0
835,2,119,0,0
836,2,120,0,0
837,2,121,0,0
838,3,119,0,0
839,3,122,119,0
840,3,123,120,0
841,3,124,121,0
842,3,122,119,0
843,3,123,120,0
844,3,124,121,0
845,4,122,119,0
846,4,123,120,0
847,4,124,121,0
848,5,122,119,0
849,5,123,120,0
850,5,124,121,0
851,5,122,119,0
852,5,124,121,0
853,3,123,13,0
854,3,124,14,0
855,2,125,0,0
856,2,126,0,0
857,2,127,0,0
858,3,125,0,0
859,3,126,0,0
860,3,127,0,0
861,4,125,0,0
862,4,126,0,0
863,4,127,0,0
864,5,125,0,0
865,5,127,0,0
866,3,125,0,0
867,3,126,0,0
868,3,127,0,0
869,3,126,13,0
870,3,127,14,0
871,2,128,0,0
872,2,129,0,0
873,2,130,0,0
874,3,128,0,0
875,3,129,0,0
876,3,130,0,0
877,5,128,0,0
878,5,129,0,0
879,5,130,0,0
880,4,128,0,0
881,4,129,0,0
882,4,130,0,0
883,5,128,0,0
884,5,130,0,0
885,4,128,0,0
886,4,129,0,0
887,4,130,0,0
888,9,128,0,0
889,9,129,0,0
890,9,130,0,0
891,3,129,13,0
892,3,130,14,0
893,2,131,0,0
894,2,132,0,0
895,2,133,0,0
896,3,135,132,0
897,2,135,132,0
898,2,136,133,0
899,3,135,132,0
900,3,136,133,0
901,4,135,132,0
902,4,136,133,0
903,4,135,132,0
904,4,136,133,0
905,6,135,132,0
906,4,135,132,0
907,5,135,132,0
908,5,136,133,0
909,3,135,13,0
910,3,136,14,0
911,2,137,0,0
912,2,138,0,0
913,2,139,0,0
914,3,137,0,0
915,3,138,0,0
916,3,139,0,0
917,4,137,0,0
918,4,138,0,0
919,4,139,0,0
920,4,137,0,0
921,4,138,0,0
922,4,139,0,0
923,6,137,0,0
924,6,139,0,0
925,3,137,0,0
926,3,138,144,0
927,3,139,145,0
928,3,138,13,0
929,3,139,14,0
930,2,138,141,15
931,4,138,141,15
932,2,139,142,16
933,2,138,141,15
934,4,138,141,15
935,4,139,142,16
936,3,138,141,15
937,5,138,141,15
938,5,139,142,16
939,1,144,0,0
940,1,144,0,0
941,2,144,0,0
942,2,145,0,0
943,3,144,0,0
944,3,145,0,0
945,4,144,0,0
946,4,145,0,0
947,4,144,0,0
948,4,145,0,0
949,5,144,0,0
950,5,145,0,0
951,3,144,13,0
952,3,145,14,0
953,2,146,0,0
954,4,148,0,0
955,2,147,0,0
956,2,148,0,0
957,3,146,0,0
958,3,147,0,0
959,3,148,0,0
960,6,146,0,0
961,6,147,0,0
962,4,146,0,0
963,4,147,0,0
964,3,146,0,0
965,7,146,0,0
966,7,148,0,0
967,3,147,13,0
968,3,148,14,0
969,3,149,155,0
970,3,151,157,0
971,4,155,0,0
972,4,157,0,0
973,4,149,0,0
974,4,151,0,0
975,2,149,0,0
976,2,151,0,0
977,3,149,0,0
978,3,150,0,0
979,3,151,0,0
980,4,149,0,0
981,4,150,0,0
982,4,151,0,0
983,4,150,13,0
984,4,151,14,0
985,2,150,153,15
986,4,150,153,15
987,2,151,154,16
988,2,150,153,15
989,4,150,153,15
990,4,151,154,16
991,2,155,0,0
992,3,155,0,0
993,3,156,0,0
994,3,157,0,0
995,4,155,0,0
996,4,156,0,0
997,4,157,0,0
998,3,155,0,0
999,3,156,0,0
1000,3,157,0,0
1001,4,156,13,0
1002,4,157,14,0
1003,4,157,160,16
1004,2,157,160,16
1005,5,157,160,16
1006,2,330,0,0
1007,2,331,0,0
1008,3,330,0,0
1009,3,331,0,0
1010,4,330,0,0
1011,4,331,0,0
1012,5,330,0,0
1013,5,331,0,0
1014,3,331,14,0
1015,2,162,0,0
1016,2,163,0,0
1017,3,162,0,0
1018,3,163,0,0
1019,4,162,0,0
1020,4,163,0,0
1021,2,165,0,0
1022,2,166,0,0
1023,3,165,0,0
1024,3,166,0,0
1025,4,165,0,0
1026,4,166,0,0
1027,5,165,0,0
1028,5,166,0,0
1029,5,165,0,0
1030,5,166,0,0
1031,6,165,0,0
1032,6,166,0,0
1033,3,165,13,0
1034,3,166,14,0
1035,2,327,0,0
1036,2,328,0,0
1037,3,327,0,0
1038,3,328,0,0
1039,4,327,0,0
1040,4,328,0,0
1041,5,327,0,0
1042,5,328,0,0
1043,5,327,0,0
1044,5,328,0,0
1045,1,327,0,0
1046,3,328,14,0
1047,2,167,0,0
1048,2,168,0,0
1049,2,169,0,0
1050,3,167,0,0
1051,3,168,0,0
1052,3,169,0,0
1053,5,167,0,0
1054,5,169,0,0
1055,4,167,0,0
1056,4,169,0,0
1057,7,167,0,0
1058,7,168,0,0
1059,7,169,0,0
1060,3,168,13,0
1061,3,169,14,0
1062,2,168,171,15
1063,4,168,171,15
1064,2,169,172,16
1065,2,168,171,15
1066,4,168,171,15
1067,4,169,172,16
1068,5,168,171,15
1069,5,169,172,16
1070,2,173,0,0
1071,2,174,0,0
1072,2,175,0,0
1073,3,173,0,0
1074,3,174,0,0
1075,3,175,0,0
1076,4,173,0,0
1077,4,174,0,0
1078,4,175,0,0
1079,5,175,0,0
1080,2,173,0,0
1081,2,175,0,0
1082,3,175,0,0
1083,4,173,0,0
1084,4,174,0,0
1085,4,175,0,0
1086,5,175,0,0
1087,5,173,0,0
1088,5,175,0,0
1089,7,173,0,0
1090,7,174,0,0
1091,7,175,0,0
1092,8,175,0,0
1093,3,174,13,0
1094,3,175,14,0
1095,2,177,0,0
1096,2,178,0,0
1097,3,177,0,0
1098,3,178,0,0
1099,4,177,0,0
1100,4,178,0,0
1101,4,177,0,0
1102,4,178,0,0
1103,5,177,0,0
1104,5,178,0,0
1105,7,177,0,0
1106,7,178,0,0
1107,3,177,13,0
1108,3,178,14,0
1109,2,179,0,0
1110,2,180,0,0
1111,2,181,0,0
1112,5,179,0,0
1113,5,180,0,0
1114,5,181,0,0
1115,3,180,13,0
1116,3,181,14,0
1117,2,182,0,0
1118,2,183,0,0
1119,2,184,0,0
1120,3,182,0,0
1121,3,183,0,0
1122,3,184,0,0
1123,5,182,0,0
1124,5,184,0,0
1125,4,182,0,0
1126,4,184,0,0
1127,4,182,0,0
1128,4,183,0,0
1129,4,184,0,0
1130,3,182,0,0
1131,3,183,0,0
1132,3,184,0,0
1133,7,182,0,0
1134,7,183,0,0
1135,8,184,0,0
1136,3,183,13,0
1137,3,184,14,0
1138,2,183,186,15
1139,4,183,186,15
1140,2,184,187,16
1141,2,183,186,15
1142,4,183,186,15
1143,4,184,187,16
1144,2,324,0,0
1145,2,325,0,0
1146,3,324,0,0
1147,3,325,0,0
1148,4,324,0,0
1149,4,325,0,0
1150,4,324,0,0
1151,4,325,0,0
1152,5,324,0,0
1153,5,324,0,0
1154,5,325,0,0
1155,3,325,14,0
1156,2,294,0,0
1157,3,294,0,0
1158,6,294,0,0
1159,2,295,0,0
1160,3,295,0,0
1161,7,295,0,0
1162,3,295,14,0
1163,2,297,0,0
1164,2,298,0,0
1165,5,297,0,0
1166,5,298,0,0
1167,3,297,0,0
1168,3,298,0,0
1169,8,297,0,0
1170,8,298,0,0
1171,3,298,14,0
1172,2,188,206,0
1173,2,189,207,0
1174,2,190,208,0
1175,3,188,206,0
1176,3,189,207,0
1177,3,190,208,0
1178,4,188,206,0
1179,4,190,208,0
1180,5,188,206,0
1181,5,189,207,0
1182,5,190,208,0
1183,9,188,206,0
1184,9,189,211,207
1185,9,190,212,208
1186,3,189,13,207
1187,3,190,14,208
1188,2,189,192,15
1189,4,189,192,15
1190,2,190,193,16
1191,2,189,192,15
1192,4,189,192,15
1193,4,190,193,16
1194,4,189,195,209
1195,4,190,196,210
1196,6,189,195,209
1197,6,190,196,210
1198,8,189,195,209
1199,8,190,196,210
1200,5,189,195,209
1201,5,190,196,210
1202,2,197,206,0
1203,2,198,207,0
1204,2,199,208,0
1205,3,197,206,0
1206,3,198,207,0
1207,3,199,208,0
1208,4,197,206,0
1209,4,198,207,0
1210,4,199,208,0
1211,5,197,206,0
1212,5,199,208,0
1213,9,197,206,0
1214,9,198,213,207
1215,9,199,214,208
1216,3,198,13,207
1217,3,199,14,208
1218,2,198,201,15
1219,4,198,201,15
1220,2,199,202,16
1221,2,198,201,15
1222,4,198,201,15
1223,4,199,202,16
1224,4,198,204,209
1225,4,199,205,210
1226,6,198,204,209
1227,6,199,205,210
1228,7,198,204,209
1229,7,199,205,210
1230,5,198,204,209
1231,5,199,205,210
1232,1,206,188,197
1233,1,208,190,199
1234,8,206,188,197
1235,8,207,189,198
1236,7,207,204,195
1237,7,208,205,196
1238,2,215,0,0
1239,2,216,0,0
1240,2,217,0,0
1241,3,215,0,0
1242,3,216,0,0
1243,3,217,0,0
1244,4,215,0,0
1245,4,216,0,0
1246,4,217,0,0
1247,3,215,0,0
1248,3,216,0,0
1249,3,217,0,0
1250,5,215,0,0
1251,5,217,0,0
1252,4,215,0,0
1253,4,216,0,0
1254,4,217,0,0
1255,8,215,0,0
1256,8,216,0,0
1257,8,217,0,0
1258,3,216,13,0
1259,3,217,14,0
1260,2,216,219,15
1261,4,216,219,15
1262,2,217,220,16
1263,2,216,219,15
1264,4,216,219,15
1265,4,217,220,16
1266,3,216,219,15
1267,5,216,219,15
1268,5,217,220,16
1269,2,221,0,0
1270,2,222,0,0
1271,2,223,0,0
1272,3,221,0,0
1273,3,222,0,0
1274,3,223,0,0
1275,4,221,0,0
1276,4,222,0,0
1277,4,223,0,0
1278,4,221,0,0
1279,4,222,0,0
1280,4,223,0,0
1281,5,221,0,0
1282,5,222,0,0
1283,5,223,0,0
1284,5,221,0,0
1285,5,223,0,0
1286,3,221,0,0
1287,3,222,0,0
1288,3,223,0,0
1289,8,221,0,0
1290,8,222,0,0
1291,8,223,0,0
1292,3,222,13,0
1293,3,223,14,0
1294,2,223,226,16
1295,4,223,226,16
1296,5,223,226,16
1297,2,227,0,0
1298,2,228,0,0
1299,2,229,0,0
1300,3,227,0,0
1301,3,228,0,0
1302,3,229,0,0
1303,5,227,0,0
1304,5,228,0,0
1305,5,229,0,0
1306,6,227,0,0
1307,6,229,0,0
1308,4,227,0,0
1309,3,227,0,0
1310,3,228,0,0
1311,3,229,0,0
1312,8,227,0,0
1313,8,228,0,0
1314,8,229,0,0
1315,3,228,13,0
1316,3,229,14,0
1317,2,229,232,16
1318,4,229,232,16
1319,5,229,232,16
1320,2,233,0,0
1321,2,234,0,0
1322,2,235,0,0
1323,3,233,0,0
1324,3,234,0,0
1325,3,235,0,0
1326,5,233,0,0
1327,5,234,0,0
1328,5,235,0,0
1329,4,233,0,0
1330,4,234,0,0
1331,4,235,0,0
1332,6,233,0,0
1333,6,235,0,0
1334,4,233,0,0
1335,4,234,0,0
1336,4,235,0,0
1337,8,233,0,0
1338,8,234,0,0
1339,8,235,0,0
1340,3,234,13,0
1341,3,235,14,0
1342,2,235,238,16
1343,4,235,238,16
1344,5,235,238,16
1345,2,239,0,0
1346,2,240,0,0
1347,2,241,0,0
1348,3,239,0,0
1349,3,240,0,0
1350,3,241,0,0
1351,4,239,0,0
1352,4,240,0,0
1353,4,241,0,0
1354,3,239,0,0
1355,3,240,0,0
1356,3,241,0,0
1357,6,239,0,0
1358,6,241,0,0
1359,3,239,0,0
1360,5,239,0,0
1361,5,240,0,0
1362,5,241,0,0
1363,8,239,0,0
1364,8,240,0,0
1365,8,241,0,0
1366,3,240,13,0
1367,3,241,14,0
1368,2,240,243,15
1369,4,240,243,15
1370,2,241,244,16
1371,2,240,243,15
1372,4,240,243,15
1373,4,241,244,16
1374,5,240,243,15
1375,2,245,0,0
1376,2,246,0,0
1377,2,247,0,0
1378,3,245,0,0
1379,3,246,0,0
1380,3,247,0,0
1381,5,245,0,0
1382,5,247,0,0
1383,2,245,0,0
1384,2,246,0,0
1385,2,247,0,0
1386,3,245,0,0
1387,3,246,0,0
1388,3,247,0,0
1389,6,245,0,0
1390,6,246,0,0
1391,8,247,0,0
1392,3,246,13,0
1393,3,247,14,0
1394,2,246,249,15
1395,4,246,249,15
1396,2,247,250,16
1397,2,246,249,15
1398,4,246,249,15
1399,4,247,250,16
1400,3,246,249,15
1401,5,246,249,15
1402,5,247,250,16
1403,2,251,0,0
1404,2,252,0,0
1405,2,253,0,0
1406,3,251,0,0
1407,3,252,0,0
1408,3,253,0,0
1409,4,251,0,0
1410,4,252,0,0
1411,4,253,0,0
1412,5,251,0,0
1413,5,253,0,0
1414,5,251,0,0
1415,5,252,0,0
1416,5,253,0,0
1417,4,251,0,0
1418,4,252,0,0
1419,4,253,0,0
1420,8,252,0,0
1421,8,253,0,0
1422,3,252,13,0
1423,3,253,14,0
1424,2,300,0,0
1425,2,301,0,0
1426,3,300,0,0
1427,3,301,0,0
1428,4,300,0,0
1429,6,300,0,0
1430,8,301,0,0
1431,4,300,0,0
1432,5,300,0,0
1433,5,301,0,0
1434,7,300,0,0
1435,3,301,14,0
1436,2,301,304,16
1437,4,301,304,16
1438,5,301,304,16
1439,2,254,0,0
1440,2,255,0,0
1441,2,256,0,0
1442,3,254,0,0
1443,3,255,0,0
1444,3,256,0,0
1445,4,254,0,0
1446,4,255,0,0
1447,4,256,0,0
1448,5,256,259,0
1449,4,254,0,0
1450,4,255,0,0
1451,4,256,0,0
1452,5,254,0,0
1453,5,256,0,0
1454,9,254,0,0
1455,9,256,259,0
1456,9,255,0,0
1457,9,256,0,0
1458,6,254,0,0
1459,6,255,0,0
1460,6,256,0,0
1461,7,256,259,0
1462,4,254,0,0
1463,5,256,259,0
1464,3,255,13,0
1465,3,256,14,0
1466,2,257,0,0
1467,2,258,0,0
1468,2,259,0,0
1469,3,257,0,0
1470,3,258,0,0
1471,3,259,0,0
1472,4,257,0,0
1473,4,258,0,0
1474,4,259,0,0
1475,4,257,0,0
1476,4,258,0,0
1477,4,259,0,0
1478,5,257,0,0
1479,5,259,0,0
1480,9,257,0,0
1481,9,258,0,0
1482,9,259,0,0
1483,6,257,0,0
1484,6,258,0,0
1485,6,259,0,0
1486,4,257,0,0
1487,5,261,0,0
1488,5,262,0,0
1489,4,261,0,0
1490,4,262,0,0
1491,2,261,0,0
1492,2,262,0,0
1493,3,261,0,0
1494,3,262,0,0
1495,4,261,0,0
1496,5,261,0,0
1497,5,262,0,0
1498,4,261,0,0
1499,4,262,0,0
1500,8,261,0,0
1501,8,262,0,0
1502,6,261,0,0
1503,6,262,0,0
1504,3,261,13,0
1505,3,262,14,0
1506,2,264,0,0
1507,2,265,0,0
1508,9,265,0,0
1509,3,264,0,0
1510,3,265,0,0
1511,5,265,0,0
1512,4,264,0,0
1513,4,265,0,0
1514,5,265,0,0
1515,4,264,0,0
1516,4,265,0,0
1517,5,264,0,0
1518,5,264,0,0
1519,5,265,0,0
1520,3,264,0,0
1521,4,264,0,0
1522,5,264,0,0
1523,9,264,0,0
1524,3,264,13,0
1525,3,265,14,0
1526,4,266,0,0
1527,2,266,0,0
1528,2,267,0,0
1529,2,268,0,0
1530,3,266,0,0
1531,3,268,0,0
1532,4,267,0,0
1533,4,268,0,0
1534,4,267,0,0
1535,4,268,0,0
1536,3,269,0,0
1537,3,270,0,0
1538,3,271,0,0
1539,2,269,0,0
1540,2,270,0,0
1541,2,271,0,0
1542,4,269,0,0
1543,4,271,0,0
1544,5,269,0,0
1545,5,271,0,0
1546,5,270,0,0
1547,5,269,0,0
1548,5,271,0,0
1549,4,269,0,0
1550,4,270,0,0
1551,4,271,0,0
1552,9,270,0,0
1553,9,271,274,277
1554,2,272,0,0
1555,2,273,0,0
1556,2,274,0,0
1557,5,272,0,0
1558,5,273,0,0
1559,5,274,0,0
1560,3,272,0,0
1561,3,273,0,0
1562,3,274,0,0
1563,3,272,0,0
1564,3,274,0,0
1565,4,272,0,0
1566,4,274,0,0
1567,9,273,0,0
1568,2,275,0,0
1569,2,276,0,0
1570,2,277,0,0
1571,4,275,0,0
1572,5,275,0,0
1573,5,277,0,0
1574,6,275,0,0
1575,6,276,0,0
1576,6,277,0,0
1577,3,275,0,0
1578,3,276,0,0
1579,3,277,0,0
1580,5,275,0,0
1581,5,276,0,0
1582,5,277,0,0
1583,4,275,0,0
1584,4,276,0,0
1585,9,276,0,0
1586,3,279,282,0
1587,3,280,283,0
1588,2,279,0,0
1589,2,280,0,0
1590,3,279,0,0
1591,3,280,0,0
1592,5,279,0,0
1593,5,280,0,0
1594,4,279,0,0
1595,4,280,0,0
1596,5,279,0,0
1597,5,280,0,0
1598,5,279,0,0
1599,5,280,0,0
1600,9,279,0,0
1601,9,280,0,0
1602,2,282,0,0
1603,2,283,0,0
1604,3,282,0,0
1605,3,283,0,0
1606,5,282,0,0
1607,5,283,0,0
1608,4,282,0,0
1609,4,283,0,0
1610,5,282,0,0
1611,5,283,0,0
1612,5,282,0,0
1613,5,283,0,0
1614,9,282,0,0
1615,9,283,0,0
1616,2,285,0,0
1617,2,286,0,0
1618,3,285,0,0
1619,3,286,0,0
1620,3,285,0,0
1621,3,286,0,0
1622,5,285,0,0
1623,5,286,0,0
1624,5,285,0,0
1625,5,286,0,0
1626,4,285,0,0
1627,7,285,0,0
1628,7,286,0,0
1629,9,285,0,0
1630,9,286,0,0
1631,2,288,0,0
1632,2,289,0,0
1633,3,288,0,0
1634,3,289,0,0
1635,6,288,0,0
1636,6,289,0,0
1637,4,288,0,0
1638,4,289,0,0
1639,5,288,0,0
1640,5,289,0,0
1641,4,288,0,0
1642,4,289,0,0
1643,5,288,0,0
1644,5,289,0,0
1645,9,288,0,0
1646,9,289,0,0
1648,2,307,0,0
1649,3,307,0,0
1650,4,307,0,0
1651,5,307,0,0
1652,9,307,0,0
1653,2,310,0,0
1654,3,310,0,0
1655,4,310,0,0
1656,8,310,0,0
1657,4,310,0,0
1658,2,313,0,0
1659,3,313,0,0
1660,4,313,0,0
1661,4,313,0,0
1662,8,313,0,0
1663,2,316,0,0
1664,3,316,0,0
1665,4,316,0,0
1666,4,316,0,0
1667,8,316,0,0
1668,2,290,0,0
1669,2,291,0,0
1670,2,292,0,0
1671,3,290,0,0
1672,3,291,0,0
1673,3,292,0,0
1674,4,290,0,0
1675,4,292,0,0
1676,4,290,0,0
1677,4,292,0,0
1678,3,291,0,0
1679,3,292,0,0
1680,4,291,0,0
1681,4,292,0,0
1682,4,291,0,0
1683,5,291,0,0
1684,5,292,0,0
1685,9,291,0,0
1686,9,292,0,0
1687,3,290,0,0
1688,3,291,0,0
1689,3,292,0,0
1690,2,333,0,0
1691,2,334,0,0
1692,3,333,0,0
1693,3,334,0,0
1694,4,333,0,0
1695,4,334,0,0
1696,5,333,0,0
1697,5,334,0,0
1698,4,333,0,0
1699,4,334,0,0
1700,4,333,0,0
1701,4,334,0,0
1702,9,333,0,0
1703,9,334,0,0
1704,1,333,0,0
1705,3,334,0,0
1706,2,337,0,0
1707,2,337,0,0
1708,3,337,0,0
1709,4,337,0,0
1710,5,337,0,0
1711,3,337,0,0
1712,6,337,0,0
1713,9,337,0,0
1714,3,337,0,0
1837,1,13,0,0
1838,1,13,0,0
1839,1,13,0,0
1840,1,14,0,0
1841,1,14,0,0
1842,1,14,0,0
1843,1,69,0,0
1844,1,69,0,0
1845,1,69,0,0
1846,1,69,0,0
1847,1,69,0,0
1848,1,69,0,0
1849,1,69,0,0
1850,1,69,0,0
1851,1,69,0,0
1852,1,69,0,0
1853,1,70,0,0
1854,1,70,0,0
1855,1,70,0,0
1856,1,70,0,0
1857,1,70,0,0
1858,1,75,0,0
1859,1,75,0,0
1860,1,75,0,0
1861,1,75,0,0
1862,1,75,0,0
1863,1,75,0,0
1864,1,75,0,0
1865,1,75,0,0
1866,1,75,0,0
1867,1,75,0,0
1868,1,76,0,0
1869,1,76,0,0
1870,1,76,0,0
1871,1,76,0,0
1872,1,76,0,0
1873,1,153,0,0
1874,1,153,0,0
1875,1,153,0,0
1876,1,153,0,0
1877,1,153,0,0
1878,1,153,0,0
1879,1,153,0,0
1880,1,153,0,0
1881,1,153,0,0
1882,1,153,0,0
1883,1,154,0,0
1884,1,154,0,0
1885,1,154,0,0
1886,1,154,0,0
1887,1,154,0,0
1888,1,192,0,0
1889,1,192,0,0
1890,1,192,0,0
1891,1,192,0,0
1892,1,192,0,0
1893,1,192,0,0
1894,1,192,0,0
1895,1,192,0,0
1896,1,192,0,0
1897,1,192,0,0
1898,1,193,0,0
1899,1,193,0,0
1900,1,193,0,0
1901,1,193,0,0
1902,1,193,0,0
1903,1,141,0,0
1904,1,141,0,0
1905,1,141,0,0
1906,1,141,0,0
1907,1,141,0,0
1908,1,141,0,0
1909,1,141,0,0
1910,1,141,0,0
1911,1,141,0,0
1912,1,141,0,0
1913,1,142,0,0
1914,1,142,0,0
1915,1,142,0,0
1916,1,142,0,0
1917,1,142,0,0
1918,1,186,0,0
1919,1,186,0,0
1920,1,186,0,0
1921,1,186,0,0
1922,1,186,0,0
1923,1,186,0,0
1924,1,186,0,0
1925,1,186,0,0
1926,1,186,0,0
1927,1,186,0,0
1928,1,187,0,0
1929,1,187,0,0
1930,1,187,0,0
1931,1,187,0,0
1932,1,187,0,0
1933,1,171,0,0
1934,1,171,0,0
1935,1,171,0,0
1936,1,171,0,0
1937,1,171,0,0
1938,1,171,0,0
1939,1,171,0,0
1940,1,171,0,0
1941,1,171,0,0
1942,1,171,0,0
1943,1,172,0,0
1944,1,172,0,0
1945,1,172,0,0
1946,1,172,0,0
1947,1,172,0,0
1948,1,96,0,0
1949,1,96,0,0
1950,1,96,0,0
1951,1,96,0,0
1952,1,96,0,0
1953,1,96,0,0
1954,1,96,0,0
1955,1,96,0,0
1956,1,96,0,0
1957,1,96,0,0
1958,1,97,0,0
1959,1,97,0,0
1960,1,97,0,0
1961,1,97,0,0
1962,1,97,0,0
1963,1,201,0,0
1964,1,201,0,0
1965,1,201,0,0
1966,1,201,0,0
1967,1,201,0,0
1968,1,201,0,0
1969,1,201,0,0
1970,1,201,0,0
1971,1,201,0,0
1972,1,201,0,0
1973,1,202,0,0
1974,1,202,0,0
1975,1,202,0,0
1976,1,202,0,0
1977,1,202,0,0
1978,1,219,0,0
1979,1,219,0,0
1980,1,219,0,0
1981,1,219,0,0
1982,1,219,0,0
1983,1,219,0,0
1984,1,219,0,0
1985,1,219,0,0
1986,1,219,0,0
1987,1,219,0,0
1988,1,220,0,0
1989,1,220,0,0
1990,1,220,0,0
1991,1,220,0,0
1992,1,220,0,0
1993,1,249,0,0
1994,1,249,0,0
1995,1,249,0,0
1996,1,249,0,0
1997,1,249,0,0
1998,1,249,0,0
1999,1,249,0,0
2000,1,249,0,0
2001,1,249,0,0
2002,1,249,0,0
2003,1,250,0,0
2004,1,250,0,0
2005,1,250,0,0
2006,1,250,0,0
2007,1,250,0,0
2008,1,243,0,0
2009,1,243,0,0
2010,1,243,0,0
2011,1,243,0,0
2012,1,243,0,0
2013,1,243,0,0
2014,1,243,0,0
2015,1,243,0,0
2016,1,243,0,0
2017,1,243,0,0
2018,1,244,0,0
2019,1,244,0,0
2020,1,244,0,0
2021,1,244,0,0
2022,1,244,0,0
2023,1,91,0,0
2024,1,91,0,0
2025,1,91,0,0
2026,1,91,0,0
2027,1,91,0,0
2028,1,160,0,0
2029,1,160,0,0
2030,1,160,0,0
2031,1,160,0,0
2032,1,160,0,0
2033,1,238,0,0
2034,1,238,0,0
2035,1,238,0,0
2036,1,238,0,0
2037,1,238,0,0
2038,1,226,0,0
2039,1,226,0,0
2040,1,226,0,0
2041,1,226,0,0
2042,1,226,0,0
2043,1,232,0,0
2044,1,232,0,0
2045,1,232,0,0
2046,1,232,0,0
2047,1,232,0,0
2048,1,304,0,0
2049,1,304,0,0
2050,1,304,0,0
2051,1,304,0,0
2052,1,304,0,0
2158,1,4,0,0
2159,1,5,0,0
2160,1,6,0,0
2161,1,7,0,0
2162,1,8,0,0
2163,1,9,0,0
2164,1,10,0,0
2165,1,11,0,0
2166,1,12,0,0
2170,1,17,0,0
2171,1,18,0,0
2172,1,19,0,0
2173,1,26,17,0
2174,1,27,18,0
2175,1,28,19,0
2176,1,18,0,0
2177,1,20,0,0
2178,1,21,0,0
2179,1,22,0,0
2180,1,38,0,0
2181,1,39,0,0
2182,1,40,0,0
2183,1,35,32,0
2184,1,36,33,0
2185,1,37,34,0
2186,1,44,41,0
2187,1,45,42,0
2188,1,46,43,0
2189,1,63,60,0
2190,1,64,61,0
2191,1,50,47,0
2192,1,51,48,0
2193,1,52,49,0
2194,1,56,53,0
2195,1,57,54,0
2196,1,58,55,0
2197,1,65,0,0
2198,1,66,0,0
2199,1,67,0,0
2200,1,66,69,15
2201,1,66,69,15
2202,1,67,70,16
2203,1,67,70,16
2204,1,71,0,0
2205,1,72,0,0
2206,1,73,0,0
2207,1,72,75,15
2208,1,72,75,15
2209,1,73,76,16
2210,1,73,76,16
2211,1,77,0,0
2212,1,78,0,0
2213,1,79,0,0
2214,1,80,0,0
2215,1,81,0,0
2216,1,82,0,0
2217,1,81,13,0
2218,1,82,14,0
2219,1,83,0,0
2220,1,84,0,0
2221,1,85,0,0
2222,1,84,13,0
2223,1,85,14,0
2224,1,86,0,0
2225,1,87,0,0
2226,1,88,0,0
2227,1,87,13,0
2228,1,88,14,0
2229,1,88,91,16
2230,1,88,91,16
2231,1,92,0,0
2232,1,93,0,0
2233,1,94,0,0
2234,1,93,13,0
2235,1,94,14,0
2236,1,93,96,15
2237,1,93,96,15
2238,1,94,97,16
2239,1,94,97,16
2240,1,98,0,0
2241,1,99,0,0
2242,1,100,0,0
2243,1,321,0,0
2244,1,322,0,0
2245,1,322,14,0
2246,1,104,101,0
2247,1,105,102,0
2248,1,106,103,0
2249,1,105,13,0
2250,1,106,14,0
2251,1,108,0,0
2252,1,109,0,0
2253,1,108,13,0
2254,1,109,14,0
2255,1,110,0,0
2256,1,111,0,0
2257,1,112,0,0
2258,1,114,0,0
2259,1,115,0,0
2260,1,114,13,0
2261,1,115,14,0
2262,1,117,0,0
2263,1,118,0,0
2264,1,117,13,0
2265,1,118,14,0
2266,1,122,119,0
2267,1,123,120,0
2268,1,124,121,0
2269,1,123,13,0
2270,1,124,14,0
2271,1,125,0,0
2272,1,126,0,0
2273,1,127,0,0
2274,1,126,13,0
2275,1,127,14,0
2276,1,128,0,0
2277,1,129,0,0
2278,1,130,0,0
2279,1,129,13,0
2280,1,130,14,0
2281,1,135,132,0
2282,1,136,133,0
2283,1,135,13,0
2284,1,136,14,0
2285,1,137,0,0
2286,1,138,0,0
2287,1,139,0,0
2288,1,138,13,0
2289,1,139,14,0
2290,1,138,141,15
2291,1,138,141,15
2292,1,139,142,16
2293,1,139,142,16
2294,1,144,0,0
2295,1,145,0,0
2296,1,144,13,0
2297,1,145,14,0
2298,1,146,0,0
2299,1,147,0,0
2300,1,148,0,0
2301,1,147,13,0
2302,1,148,14,0
2303,1,149,0,0
2304,1,150,0,0
2305,1,151,0,0
2306,1,150,13,0
2307,1,151,14,0
2308,1,150,153,15
2309,1,150,153,15
2310,1,151,154,16
2311,1,151,154,16
2312,1,155,0,0
2313,1,156,0,0
2314,1,157,0,0
2315,1,156,13,0
2316,1,157,14,0
2317,1,157,160,16
2318,1,157,160,16
2319,1,330,0,0
2320,1,331,0,0
2321,1,331,14,0
2322,1,165,0,0
2323,1,166,0,0
2324,1,165,13,0
2325,1,166,14,0
2326,1,327,0,0
2327,1,328,0,0
2328,1,328,14,0
2329,1,167,0,0
2330,1,168,0,0
2331,1,169,0,0
2332,1,168,13,0
2333,1,169,14,0
2334,1,168,171,15
2335,1,168,171,15
2336,1,169,172,16
2337,1,169,172,16
2338,1,173,0,0
2339,1,174,0,0
2340,1,175,0,0
2341,1,174,13,0
2342,1,175,14,0
2343,1,177,0,0
2344,1,178,0,0
2345,1,177,13,0
2346,1,178,14,0
2347,1,179,0,0
2348,1,180,0,0
2349,1,181,0,0
2350,1,180,13,0
2351,1,181,14,0
2352,1,182,0,0
2353,1,183,0,0
2354,1,184,0,0
2355,1,183,13,0
2356,1,184,14,0
2357,1,183,186,15
2358,1,183,186,15
2359,1,184,187,16
2360,1,184,187,16
2361,1,324,0,0
2362,1,325,0,0
2363,1,325,14,0
2364,1,294,0,0
2365,1,295,0,0
2366,1,295,14,0
2367,1,297,0,0
2368,1,298,0,0
2369,1,298,14,0
2370,1,188,0,0
2371,1,189,0,0
2372,1,190,0,0
2373,1,189,13,0
2374,1,190,14,0
2375,1,189,192,15
2376,1,189,192,15
2377,1,190,193,16
2378,1,190,193,16
2379,1,197,0,0
2380,1,198,0,0
2381,1,199,0,0
2382,1,198,13,0
2383,1,199,14,0
2384,1,198,201,15
2385,1,198,201,15
2386,1,199,202,16
2387,1,199,202,16
2388,1,215,0,0
2389,1,216,0,0
2390,1,217,0,0
2391,1,216,13,0
2392,1,217,14,0
2393,1,216,219,15
2394,1,216,219,15
2395,1,217,220,16
2396,1,217,220,16
2397,1,221,0,0
2398,1,222,0,0
2399,1,223,0,0
2400,1,222,13,0
2401,1,223,14,0
2402,1,223,226,16
2403,1,223,226,16
2404,1,227,0,0
2405,1,228,0,0
2406,1,229,0,0
2407,1,228,13,0
2408,1,229,14,0
2409,1,229,232,16
2410,1,229,232,16
2411,1,233,0,0
2412,1,234,0,0
2413,1,235,0,0
2414,1,234,13,0
2415,1,235,14,0
2416,1,235,238,16
2417,1,235,238,16
2418,1,239,0,0
2419,1,240,0,0
2420,1,241,0,0
2421,1,240,13,0
2422,1,241,14,0
2423,1,240,243,15
2424,1,240,243,15
2425,1,241,244,16
2426,1,241,244,16
2427,1,245,0,0
2428,1,246,0,0
2429,1,247,0,0
2430,1,246,13,0
2431,1,247,14,0
2432,1,246,249,15
2433,1,246,249,15
2434,1,247,250,16
2435,1,247,250,16
2436,1,251,0,0
2437,1,252,0,0
2438,1,253,0,0
2439,1,252,13,0
2440,1,253,14,0
2441,1,300,0,0
2442,1,301,0,0
2443,1,301,14,0
2444,1,301,304,16
2445,1,301,304,16
2446,1,254,0,0
2447,1,255,0,0
2448,1,256,0,0
2449,1,255,13,0
2450,1,256,14,0
2451,1,256,259,0
2452,1,257,0,0
2453,1,258,0,0
2454,1,259,0,0
2455,1,261,0,0
2456,1,262,0,0
2457,1,261,13,0
2458,1,262,14,0
2459,1,264,0,0
2460,1,265,0,0
2461,1,264,13,0
2462,1,265,14,0
2463,1,266,0,0
2464,1,267,0,0
2465,1,268,0,0
2466,1,269,0,0
2467,1,270,0,0
2468,1,271,0,0
2469,1,272,0,0
2470,1,273,0,0
2471,1,274,0,0
2472,1,275,0,0
2473,1,276,0,0
2474,1,277,0,0
2475,1,279,0,0
2476,1,280,0,0
2477,1,282,0,0
2478,1,283,0,0
2479,1,285,0,0
2480,1,286,0,0
2481,1,288,0,0
2482,1,289,0,0
2483,1,307,0,0
2484,1,310,0,0
2485,1,313,0,0
2486,1,316,0,0
2487,1,290,0,0
2488,1,291,0,0
2489,1,292,0,0
2490,1,291,0,0
2491,1,292,0,0
2492,1,333,0,0
2493,1,334,0,0
2494,1,337,0,0
2495,1,13,0,0
2496,1,13,0,0
2497,1,14,0,0
2498,1,14,0,0
2499,1,15,0,0
2500,1,15,0,0
2501,1,16,0,0
