index,min,max,entries
1,88,125,53
2,95,125,18
3,95,110,19
4,88,130,56
5,95,125,17
6,95,110,19
7,88,116,32
8,88,125,41
9,88,125,46
10,88,125,25
11,88,125,14
12,88,125,43
13,88,125,47
14,88,125,57
15,88,125,29
16,88,125,38
17,95,125,21
18,88,125,36
19,95,120,19
20,88,125,36
21,88,125,27
22,88,125,42
23,88,125,14
24,88,125,9
25,88,125,9
26,88,125,9
27,88,125,51
28,88,125,49
29,95,110,18
30,100,100,5
31,88,125,16
32,88,125,40
33,95,125,22
34,100,100,5
35,88,130,114
36,88,130,24
37,88,125,31
38,95,110,18
39,88,125,32
40,88,125,47
41,88,125,16
42,100,100,5
43,88,125,18
44,88,125,20
45,88,125,41
46,95,125,19
47,100,100,5
48,88,125,50
49,95,110,22
50,88,125,38
51,95,125,21
52,88,125,47
53,88,125,28
54,88,123,28
55,88,125,38
56,95,110,19
57,88,125,24
58,88,125,28
59,88,125,14
60,88,125,17
61,88,125,9
62,88,125,32
63,88,115,22
64,88,125,44
65,88,125,50
66,95,120,19
67,88,125,45
68,88,125,37
69,88,115,36
70,100,100,6
71,88,125,151
113,88,125,21
114,79,125,25
115,88,125,12
116,95,115,8
117,100,100,2
118,100,100,2
119,100,100,2
120,100,100,2
121,95,115,8
122,88,125,23
123,88,125,26
124,88,125,22
125,88,125,20
126,100,100,4
127,88,119,19
128,88,125,3
129,95,125,9
130,95,110,9
131,95,115,7
132,95,115,9
133,88,119,15
134,100,100,2
135,100,100,2
