quest_id,stage,reward,hrp,fee,sub_reward,sub_hrp
101,1,300,30,0,600,10
102,1,300,30,0,300,10
103,1,300,30,0,300,10
104,1,300,30,0,300,10
105,1,300,30,0,0,0
106,1,300,30,0,0,0
107,101,300,30,0,0,0
201,1,12,0,0,0,0
202,5,12,0,0,0,0
203,2,12,0,0,0,0
204,3,12,0,0,0,0
205,4,12,0,0,0,0
206,1,900,70,100,600,10
207,1,600,40,50,0,0
208,101,1200,40,100,300,10
209,1,900,50,100,300,10
210,101,1200,40,100,600,10
211,1,1500,100,200,900,70
212,5,1200,90,100,600,10
213,5,1500,100,200,300,10
214,5,900,40,100,300,10
215,5,600,40,50,600,10
216,5,600,40,50,600,10
217,5,1500,50,200,900,10
218,5,1500,100,200,1200,90
219,2,900,70,100,600,10
220,2,900,40,100,0,0
221,102,1200,40,100,300,10
222,2,900,50,100,600,10
223,2,1500,100,200,900,70
224,3,1200,80,100,300,10
225,3,900,40,100,0,0
226,103,1500,40,200,300,10
227,3,600,40,50,300,10
228,3,1500,100,200,1200,80
229,4,1200,90,100,300,10
230,4,900,40,100,0,0
231,104,1200,40,100,300,10
232,4,600,40,50,300,10
233,4,900,40,100,300,10
234,4,1500,100,200,1200,90
301,6,12,0,0,0,0
302,7,12,0,0,0,0
303,101,2400,180,300,300,20
304,1,1800,140,200,300,10
305,101,1800,110,200,600,10
306,1,3600,250,400,0,0
307,101,1200,80,200,0,0
308,101,1200,80,200,0,0
309,101,1200,80,200,0,0
310,101,1800,100,200,0,0
311,5,2400,180,300,1200,20
312,5,2700,220,300,300,20
313,5,1200,80,200,1500,100
314,5,1500,100,200,0,0
315,5,1200,80,200,900,10
316,102,1800,80,200,900,70
317,2,900,80,100,300,10
318,2,1800,140,200,300,10
319,102,2400,120,300,0,0
320,102,2400,120,300,0,0
321,3,1800,100,200,300,10
322,103,900,80,100,600,10
323,3,2700,220,300,300,20
324,103,900,80,100,0,0
325,103,900,80,100,0,0
326,104,2100,80,300,1200,80
327,4,1800,120,200,300,10
328,4,2400,180,300,600,20
329,104,1200,80,200,0,0
330,104,1200,80,200,0,0
331,104,900,80,100,1200,90
332,6,2400,180,300,1200,20
333,6,3600,250,400,300,30
334,6,1800,80,200,0,0
335,6,1200,100,200,600,10
336,6,900,100,100,0,0
337,6,2100,150,300,2400,180
338,7,1800,110,200,1200,10
339,7,2100,170,300,300,20
340,7,1200,80,200,0,0
341,7,1200,80,200,1800,110
342,7,1800,80,200,1200,10
343,7,2100,150,300,1800,140
401,8,12,0,0,0,0
402,101,3000,200,300,600,20
403,1,3600,250,400,600,30
404,1,2400,120,300,900,10
405,101,3600,180,400,600,20
406,101,1800,150,200,600,20
407,5,2400,160,300,0,0
408,5,2700,180,300,2400,120
409,2,3300,220,400,600,20
410,2,3600,240,400,600,20
411,102,3300,250,400,0,0
412,2,1800,130,200,0,0
413,3,3300,240,400,1200,20
414,103,3300,160,400,600,20
415,104,3600,250,400,600,30
416,4,4500,290,500,600,30
417,104,2100,120,300,0,0
418,6,4500,280,500,600,30
419,6,4500,290,500,600,30
420,6,4500,320,500,0,0
421,7,3300,240,400,1500,20
422,7,3600,240,400,600,20
423,7,5100,350,600,600,40
424,7,1800,120,200,600,10
425,8,2400,120,300,0,0
426,8,5100,340,600,600,30
427,8,2100,120,300,0,0
428,8,2400,120,300,3000,10
429,8,3000,200,300,1800,110
501,1,3900,250,400,600,30
502,5,5700,370,600,0,0
503,102,3900,250,400,900,30
504,2,5100,320,600,900,30
505,102,2700,180,300,900,20
506,3,6000,380,600,900,40
507,103,5100,370,600,0,0
508,3,5100,320,600,900,30
509,104,4500,300,500,900,30
510,104,5100,320,600,900,30
511,6,4500,300,500,900,30
512,6,4500,300,500,0,0
513,6,5400,320,600,0,0
514,7,4200,290,500,0,0
515,7,2700,180,300,3600,240
516,8,4500,300,500,900,30
517,8,4200,250,500,900,30
518,8,4500,190,500,0,0
519,8,3600,190,400,1800,20
520,8,3000,160,300,0,0
521,101,5400,290,600,2100,30
522,5,5100,290,600,2100,30
523,6,5400,320,600,2100,30
601,1,5100,320,600,1200,30
602,1,5100,310,600,1200,30
603,101,4800,300,500,1200,30
604,5,5100,320,600,1200,30
605,5,5400,310,600,1200,30
606,5,5400,370,600,600,40
607,102,7200,420,800,0,0
608,103,5400,310,600,1200,30
609,104,4800,300,500,1200,30
610,6,5700,370,600,1200,40
611,7,6000,380,600,0,0
612,8,8700,520,900,600,50
613,102,5700,320,600,2400,30
614,103,5700,290,600,2400,30
615,104,8400,460,900,2400,50
616,7,6600,320,700,2400,30
617,8,8100,340,900,2400,30
618,101,6600,350,700,0,0
619,3,6600,350,700,1200,40
620,16,7200,400,800,1200,40
621,17,18600,900,1900,0,0
622,4,3000,250,300,0,0
623,101,7500,510,800,0,0
624,2,6000,400,600,0,0
625,2,10800,660,1100,0,0
626,3,14700,780,1500,0,0
627,4,8100,490,900,0,0
628,13,6600,480,700,0,0
629,1,20100,1040,2100,3000,100
630,9,9900,550,1000,0,0
631,9,12300,670,1300,0,0
632,16,10800,640,1100,0,0
633,103,12000,800,1200,0,0
634,2,12000,800,1200,0,0
635,8,12000,800,1200,0,0
636,9,30000,1580,3000,0,0
637,9,32400,1790,3300,0,0
638,9,27000,1430,2700,0,0
639,9,22800,1180,2300,0,0
640,9,18600,880,1900,0,0
641,9,21600,1010,2200,0,0
701,22,12,0,0,0,0
702,24,12,0,0,0,0
703,11,1800,130,200,1200,10
704,24,1800,150,200,1200,20
705,3,1800,150,200,1800,20
706,24,2700,230,300,2700,20
707,11,3300,270,400,1500,30
708,103,2700,160,300,1200,20
709,13,3300,270,400,1500,30
710,1,3600,280,400,1200,30
711,22,3600,280,400,1500,30
712,22,0,0,0,0,0
713,24,3600,300,400,0,0
714,24,1500,120,200,3600,300
715,24,2400,110,300,2100,10
716,104,3600,280,400,0,0
717,22,4200,320,500,0,0
718,22,2100,150,300,1800,150
719,22,2400,160,300,2400,160
720,22,1500,120,200,1800,10
721,11,12,0,0,0,0
722,13,12,0,0,0,0
723,101,12,0,0,0,0
724,5,12,0,0,0,0
725,102,12,0,0,0,0
726,103,12,0,0,0,0
727,104,12,0,0,0,0
728,24,1500,120,200,1200,10
729,24,2700,150,300,3600,280
730,24,3000,100,300,0,0
732,5,7200,480,800,1200,50
733,1,3600,300,400,1500,30
734,5,6300,450,700,1500,50
735,2,5400,400,600,2700,40
736,4,3300,120,400,1800,10
801,23,12,0,0,0,0
802,7,4500,320,500,1800,30
803,24,4500,320,500,1800,30
804,14,4500,320,500,1800,30
805,103,3900,350,400,1800,40
806,13,4500,350,500,0,0
807,24,5100,350,600,1800,40
808,22,3900,350,400,1800,40
809,24,5100,350,600,0,0
810,103,5100,380,600,2100,40
811,8,5100,380,600,0,0
812,24,5100,380,600,1800,40
813,2,7800,540,800,1800,50
814,23,5400,400,600,0,0
815,23,6000,400,600,1800,40
816,23,3000,200,300,5400,400
817,23,2700,180,300,2100,20
818,8,6300,400,700,1800,40
819,24,0,0,0,0,0
820,14,12,0,0,0,0
821,12,12,0,0,0,0
822,6,12,0,0,0,0
823,7,12,0,0,0,0
824,8,12,0,0,0,0
825,24,2700,180,300,4500,320
826,22,3300,200,400,1500,20
827,23,6300,400,700,0,0
828,23,3600,220,400,5100,350
829,11,4500,310,500,1200,30
830,13,8100,530,900,1800,50
831,14,3900,350,400,2400,40
832,12,6300,400,700,1800,40
833,101,2700,180,300,3000,20
834,5,5700,410,600,2700,40
835,4,3000,200,300,5100,350
836,6,7800,490,800,2700,50
837,6,5400,400,600,1800,40
838,6,7500,480,800,1200,50
839,7,8100,540,900,1200,50
840,8,6600,400,700,2700,40
901,14,6600,440,700,0,0
902,23,6600,480,700,2400,50
903,12,6600,480,700,2400,50
904,23,6600,480,700,2700,50
905,23,7200,480,800,2400,50
906,7,7200,480,800,0,0
907,4,7500,510,800,0,0
908,102,7500,510,800,0,0
909,103,7500,510,800,0,0
910,101,7500,510,800,0,0
911,8,11100,700,1200,2700,70
913,7,8100,490,900,2400,50
914,22,8100,490,900,2400,50
915,24,9900,560,1000,0,0
916,24,7500,490,800,0,0
917,24,6600,480,700,2400,50
918,24,10800,670,1100,2700,70
919,24,7200,480,800,2400,50
920,22,7500,510,800,2400,50
921,23,7500,510,800,2400,50
922,23,12300,690,1300,2700,70
923,23,10200,600,1100,2700,60
924,11,7500,510,800,2400,50
925,13,9900,670,1000,1800,130
926,13,7500,490,800,2400,50
927,13,8100,560,900,2400,60
928,14,11400,710,1200,2400,70
929,14,8100,490,900,2700,50
930,14,8100,510,900,1800,50
931,12,10800,690,1100,2700,70
932,5,10500,550,1100,2400,60
933,102,4500,280,500,6600,480
934,3,9900,620,1000,2400,60
935,3,7200,430,800,1200,40
936,6,6600,480,700,2400,50
937,1,9900,560,1000,0,0
938,11,11400,620,1200,2400,60
939,1,9300,500,1000,2100,50
940,5,12600,670,1300,2400,70
941,8,13200,690,1400,2100,70
1001,22,8100,600,900,3000,60
1002,22,8100,490,900,3000,50
1003,12,8700,600,900,3000,60
1004,16,10800,640,1100,3000,60
1005,24,10800,640,1100,0,0
1006,22,10200,550,1100,3000,60
1007,3,10200,550,1100,2700,60
1008,24,300,0,0,0,0
1009,23,18000,1200,1800,0,0
1011,22,18000,1200,1800,0,0
1012,2,18900,1110,1900,0,0
1013,4,18900,1110,1900,0,0
1014,23,300,0,0,0,0
1015,22,300,0,0,0,0
1016,19,300,0,0,0,0
1017,19,13200,800,1400,3600,80
1018,20,13200,800,1400,3600,80
1019,18,13200,800,1400,3600,80
1020,1,10800,640,1100,4200,60
1021,14,10800,640,1100,3000,60
1022,22,10800,640,1100,3000,60
1026,21,15000,960,1500,3600,100
1027,9,41100,2010,4200,0,0
1028,9,36900,1820,3700,0,0
1029,16,44400,2020,4500,0,0
1030,9,44700,2060,4500,0,0
1031,24,10200,550,1100,3000,60
1032,11,10800,660,1100,2700,70
1033,13,10200,550,1100,3000,60
1034,12,12300,840,1300,2700,80
1035,12,13200,770,1400,3000,80
1036,5,12300,690,1300,3000,70
1037,103,12000,700,1200,2700,70
1038,8,13200,840,1400,2700,80
1039,19,15000,1200,1500,3600,120
1040,2,9900,710,1000,0,0
1041,103,12300,740,1300,0,0
1042,104,10800,710,1100,0,0
1043,1,300,0,0,0,0
1044,24,34200,1110,3500,0,0
1045,24,18000,1200,1800,0,0
1046,23,13200,710,1400,2100,70
1047,2,9900,580,1000,2100,60
1048,4,15300,780,1600,2100,80
1049,6,16500,900,1700,2100,90
1050,7,12300,720,1300,2100,70
1051,101,18600,950,1900,0,0
1052,3,12600,620,1300,0,0
1053,24,10800,640,1100,0,0
1054,22,6000,320,600,0,0
1055,17,56100,2760,5700,0,0
10101,1,12,0,0,0,0
10102,5,12,0,0,0,0
10103,2,12,0,0,0,0
10104,3,12,0,0,0,0
10105,4,12,0,0,0,0
10106,101,1800,100,200,600,10
10107,1,4200,250,500,600,30
10108,1,3600,240,400,600,20
10109,1,1800,90,200,1800,100
10110,101,1200,90,200,900,10
10111,5,2100,130,300,300,10
10112,5,2700,140,300,900,10
10113,5,4200,250,500,600,30
10114,5,2400,90,300,600,10
10115,5,1200,90,200,900,10
10116,102,1800,100,200,300,10
10117,102,3000,200,300,600,20
10118,2,1200,90,200,900,10
10119,2,1800,90,200,1800,100
10120,103,3000,140,300,300,10
10121,3,1800,90,200,300,10
10122,3,1200,90,200,600,10
10123,4,2100,120,300,300,10
10124,104,2100,130,300,600,10
10125,4,4200,250,500,600,30
10126,4,1500,90,200,600,10
10127,4,1800,90,200,1200,10
10128,104,1800,90,200,900,10
10201,6,12,0,0,0,0
10202,7,12,0,0,0,0
10203,101,6300,340,700,600,30
10204,1,3600,170,400,600,20
10205,1,2100,150,300,3000,200
10206,5,4500,310,500,900,30
10207,5,4800,200,500,600,20
10208,5,3000,210,300,600,20
10209,5,1800,120,200,4500,310
10210,5,2700,150,300,2700,140
10211,102,5700,330,600,900,30
10212,2,6300,350,700,900,40
10213,2,2700,160,300,0,0
10214,102,2100,120,300,0,0
10215,103,4500,310,500,900,30
10216,3,5400,330,600,900,30
10217,3,2700,120,300,1200,10
10218,4,7500,420,800,600,40
10219,4,5400,310,600,1200,30
10220,4,6000,400,600,0,0
10221,104,2100,120,300,1200,10
10222,6,4800,280,500,900,30
10223,6,5700,350,600,0,0
10224,6,4200,250,500,900,30
10225,6,3000,210,300,600,20
10226,6,3600,150,400,1200,20
10227,7,3000,160,300,600,20
10228,7,5400,330,600,900,30
10229,7,5700,330,600,900,30
10230,7,1800,120,200,900,10
10231,7,3600,150,400,1200,20
10232,7,1500,120,200,1200,10
10301,8,12,0,0,0,0
10302,101,8700,450,900,1200,50
10303,101,9000,430,900,600,40
10304,1,8400,430,900,0,0
10305,1,6000,350,600,0,0
10306,5,9000,520,900,1200,50
10307,102,8700,450,900,1200,50
10308,2,7500,420,800,0,0
10309,103,8700,450,900,600,50
10310,4,7500,420,800,1200,40
10311,104,8700,450,900,1200,50
10312,4,8100,420,900,600,40
10313,6,7500,420,800,0,0
10314,6,10800,500,1100,0,0
10315,6,9000,520,900,1200,50
10316,6,9300,580,1000,600,60
10317,7,8700,450,900,600,50
10318,8,11400,540,1200,0,0
10319,8,6900,350,700,1200,40
10320,8,7800,530,800,600,50
10321,8,4500,200,500,1200,20
10322,8,5100,200,600,1200,20
10323,8,4200,200,500,3000,20
10324,1,7500,390,800,1500,40
10325,5,7800,460,800,1500,50
10326,6,7200,390,800,1500,40
10327,7,8400,410,900,1500,40
10328,8,9000,480,900,1500,50
10329,1,10200,490,1100,0,0
10330,103,10200,490,1100,1200,50
10331,103,12900,700,1300,1200,70
10332,2,12900,700,1300,1200,70
10333,8,12900,700,1300,1200,70
10334,16,11100,560,1200,1200,60
10335,21,15000,840,1500,1200,80
10401,11,12,0,0,0,0
10402,13,12,0,0,0,0
10403,101,12,0,0,0,0
10404,5,12,0,0,0,0
10405,102,12,0,0,0,0
10406,103,12,0,0,0,0
10407,104,12,0,0,0,0
10408,11,5100,330,600,1200,30
10409,11,4200,280,500,2700,30
10410,11,3600,170,400,1500,20
10411,11,2700,120,300,1200,10
10412,11,2100,120,300,3000,160
10413,13,3000,160,300,900,20
10414,13,3000,180,300,1500,20
10415,13,5100,330,600,1200,30
10416,13,2700,140,300,1500,10
10417,13,2700,120,300,600,10
10418,13,2400,120,300,1200,10
10419,13,2700,120,300,600,10
10420,101,6000,350,600,600,40
10421,1,3900,220,400,1200,20
10422,5,3900,200,400,1500,20
10423,5,6000,350,600,1800,40
10424,102,6600,490,700,2700,50
10425,2,3000,120,300,5100,330
10426,2,2100,120,300,600,10
10427,103,3000,160,300,1200,20
10428,3,4200,200,500,900,20
10429,4,3000,180,300,300,20
10430,104,6000,350,600,1800,40
10431,104,4500,160,500,1500,20
10432,15,4500,150,500,0,0
10433,9,10200,550,1100,0,0
10434,3,3000,180,300,2700,20
10501,14,12,0,0,0,0
10502,12,12,0,0,0,0
10503,6,12,0,0,0,0
10504,7,12,0,0,0,0
10505,8,12,0,0,0,0
10506,11,7200,530,800,1800,50
10507,11,6000,300,600,1500,30
10508,13,7500,430,800,1500,40
10509,13,4200,220,500,1800,20
10510,13,6900,400,700,1500,40
10511,13,8100,470,900,1500,50
10512,13,4200,290,500,0,0
10513,13,6000,300,600,900,30
10514,14,6900,400,700,600,40
10515,14,6300,430,700,0,0
10516,14,6000,320,600,3000,30
10517,14,4500,180,500,6000,350
10518,14,3000,180,300,1500,20
10519,14,3600,180,400,0,0
10520,12,9600,500,1000,1500,50
10521,12,9000,500,900,1500,50
10522,12,6000,350,600,3000,40
10523,12,4200,200,500,1500,20
10524,101,8100,500,900,1500,50
10525,1,9900,640,1000,2700,60
10526,5,6300,430,700,1200,40
10527,5,5700,320,600,0,0
10528,102,9900,520,1000,1500,50
10529,2,3900,220,400,0,0
10530,3,7500,470,800,2100,50
10531,104,7500,430,800,1500,40
10532,6,7500,430,800,0,0
10533,7,6000,350,600,0,0
10534,7,5100,250,600,1800,30
10535,8,7500,470,800,1500,50
10536,8,5100,240,600,3000,20
10537,8,7500,470,800,1500,50
10538,9,3900,220,400,5100,240
10539,101,14700,800,1500,3000,80
10540,5,13800,850,1400,3000,90
10541,15,16500,980,1700,0,0
10542,9,14400,730,1500,0,0
10543,13,6000,370,600,2700,40
10544,5,6300,400,700,2700,40
10545,8,6900,400,700,2700,40
10546,7,7200,430,800,2400,40
10601,11,12000,630,1200,2700,60
10602,11,12600,610,1300,1800,60
10603,11,10500,590,1100,1800,60
10604,11,11700,610,1200,0,0
10605,13,10500,590,1100,1800,60
10606,13,12000,630,1200,2700,60
10607,13,11700,610,1200,1800,60
10608,14,12000,630,1200,300,60
10609,14,11400,590,1200,1800,60
10610,14,15000,680,1500,1800,70
10611,14,8100,450,900,4500,50
10612,12,11400,610,1200,3000,60
10613,12,12000,630,1200,1800,60
10614,12,8100,450,900,1500,50
10615,101,13800,710,1400,3000,160
10616,1,12600,820,1300,0,0
10617,5,12000,630,1200,2700,60
10618,5,15000,680,1500,1800,70
10619,2,12000,630,1200,1800,60
10620,2,10500,590,1100,2700,140
10621,3,15000,680,1500,1800,70
10622,103,12000,630,1200,1800,60
10623,103,16200,780,1700,2700,80
10624,4,12000,630,1200,1800,60
10625,104,16500,730,1700,2700,70
10626,6,10500,590,1100,2700,60
10627,6,4800,240,500,15000,680
10628,7,12600,610,1300,1800,60
10629,7,6000,400,600,3300,40
10630,8,15000,730,1500,1800,70
10631,8,4500,300,500,1800,30
10632,8,10500,750,1100,2700,80
10633,11,16800,940,1700,4200,90
10634,13,20700,1130,2100,4200,110
10635,14,17700,1020,1800,4200,100
10636,12,18900,1040,1900,4200,100
10637,6,18300,1060,1900,4200,110
10638,7,16800,870,1700,4200,90
10639,8,18600,1090,1900,4200,110
10640,10,21600,1120,2200,0,0
10641,1,14400,700,1500,0,0
10642,103,14400,700,1500,1800,70
10643,17,14400,700,1500,0,0
10644,11,6300,400,700,2100,40
10645,11,6300,400,700,2100,40
10646,13,9000,520,900,2100,50
10647,14,8400,480,900,2100,50
10648,12,7200,420,800,2100,40
10649,12,15900,740,1600,1800,70
10650,12,6000,320,600,11700,600
10651,1,8400,480,900,2100,50
10652,101,9900,600,1000,2100,60
10653,5,7800,520,800,2100,50
10654,2,10800,600,1100,2100,60
10655,103,9000,560,900,2100,60
10656,4,9000,520,900,2100,50
10657,6,7200,420,800,2100,40
10658,6,7200,420,800,2100,40
10659,7,5100,340,600,2100,30
10660,7,7800,520,800,2100,50
10661,7,9000,560,900,2100,60
10662,7,9900,560,1000,2100,60
10663,8,11700,600,1200,2100,60
10664,8,9000,560,900,2100,60
10665,7,12000,630,1200,2100,60
10670,14,10500,540,1100,2700,50
10671,12,11400,590,1200,2700,60
10701,16,15600,800,1600,2100,80
10702,11,13800,850,1400,2700,90
10703,13,13500,820,1400,2700,80
10704,14,13500,820,1400,1800,80
10705,12,12600,740,1300,0,0
10706,12,16500,890,1700,2100,90
10707,12,15300,900,1600,2700,90
10708,1,16800,960,1700,2700,100
10709,101,22500,1120,2300,1800,110
10710,5,12600,740,1300,2100,70
10711,104,16200,940,1700,0,0
10712,6,12600,740,1300,2100,70
10713,8,21000,1090,2100,0,0
10714,10,15300,890,1600,0,0
10715,17,16800,1010,1700,0,0
10716,17,16800,1010,1700,0,0
10717,9,21600,1190,2200,0,0
10718,15,25200,1400,2600,0,0
10719,9,36900,1980,3700,0,0
10720,9,38700,2040,3900,0,0
10721,16,31500,1720,3200,0,0
10722,21,21000,1200,2100,0,0
10723,11,14100,730,1500,2400,70
10724,14,15300,730,1600,2400,70
10725,12,15300,890,1600,2400,90
10726,12,12600,710,1300,2400,70
10727,101,12600,710,1300,2400,70
10728,5,14400,760,1500,2400,80
10729,102,14400,760,1500,2400,80
10730,2,15300,980,1600,2700,100
10731,3,14400,760,1500,2400,80
10732,4,12600,710,1300,2400,70
10733,4,14400,760,1500,2400,80
10734,4,15300,730,1600,2400,70
10735,6,13800,710,1400,2400,70
10736,7,16800,830,1700,2700,80
10737,8,15300,890,1600,2400,90
10738,8,13800,730,1400,2400,70
10739,13,20100,1170,2100,2400,120
10740,5,21300,1130,2200,2400,110
10741,102,17400,1020,1800,5100,100
10742,104,25200,1300,2600,2400,130
10743,6,27300,1490,2800,2400,150
10744,7,21900,1290,2200,2400,130
10745,9,17100,990,1800,2400,100
10746,9,20700,1200,2100,2400,120
10747,9,29700,1650,3000,2400,170
10748,15,30600,1750,3100,2400,180
10749,9,39600,2080,4000,2400,210
10750,2,18900,920,1900,2100,90
10751,4,18900,920,1900,2100,90
10752,1,26700,1470,2700,2700,150
10753,8,18000,900,1800,2100,90
10754,101,25200,1440,2600,0,0
10755,5,18000,900,1800,0,0
10756,103,18000,1000,1800,2100,100
10757,14,18000,1000,1800,2100,100
10758,2,18000,1000,1800,2100,100
10759,7,18000,1000,1800,2100,100
10760,8,18000,1000,1800,2100,100
10761,12,18000,1000,1800,2100,100
10762,19,19200,1000,2000,2100,100
10763,20,19200,1000,2000,2100,100
10764,18,19200,1000,2000,2100,100
10765,19,21000,1500,2100,2100,150
10768,5,12600,610,1300,0,0
10770,11,18000,820,1800,2400,80
10771,101,18000,820,1800,2400,80
10772,101,22800,1100,2300,2400,110
10773,104,22800,1100,2300,2400,110
10774,9,31800,1770,3200,2400,180
11101,24,12,0,0,0,0
11102,22,12,0,0,0,0
11103,1,7800,420,800,1500,40
11104,4,5400,290,600,1500,30
11105,3,7800,440,800,2400,40
11106,24,7800,450,800,2700,50
11107,13,9300,530,1000,1500,50
11108,103,7800,320,800,2700,30
11109,11,9300,530,1000,3000,50
11110,101,10800,450,1100,2400,50
11111,5,12600,700,1300,3000,70
11112,22,5100,300,600,7200,320
11113,22,10800,560,1100,3000,60
11114,24,5700,360,600,5100,230
11115,24,0,0,42,0,0
11116,24,10800,560,1100,3000,60
11117,11,12,0,0,0,0
11118,13,12,0,0,0,0
11119,1,12,0,0,0,0
11120,5,12,0,0,0,0
11121,2,12,0,0,0,0
11122,3,12,0,0,0,0
11123,4,12,0,0,0,0
11124,24,9300,530,1000,1800,50
11125,24,7800,460,800,1800,50
11126,24,5100,300,600,9300,530
11127,11,12900,850,1300,3000,90
11128,1,13200,670,1400,2100,70
11129,102,7800,450,800,1500,50
11130,104,15300,900,1600,2400,90
11201,23,12,0,0,0,0
11202,22,9300,530,1000,3000,50
11203,23,10800,600,1100,1800,60
11204,22,11400,640,1200,0,0
11205,7,12600,640,1300,3300,60
11206,24,12600,640,1300,2700,60
11207,14,12600,640,1300,3300,60
11208,103,11400,690,1200,1800,70
11209,13,13200,690,1400,3300,70
11210,23,13500,690,1400,2400,70
11211,22,11400,690,1200,3300,70
11212,22,13500,690,1400,2400,70
11213,3,13500,760,1400,3300,80
11214,8,13500,760,1400,3300,80
11215,102,14700,760,1500,3300,80
11216,23,14700,800,1500,3300,80
11217,13,7200,420,800,2400,40
11218,23,6900,400,700,14700,800
11219,23,5400,350,600,2700,40
11220,14,12,0,0,0,0
11221,6,12,0,0,0,0
11222,7,12,0,0,0,0
11223,8,12,0,0,0,0
11224,24,9300,530,1000,2400,50
11225,24,6300,350,700,13500,760
11226,11,13500,690,1400,2400,70
11227,14,7800,440,800,2400,40
11228,14,6900,400,700,7800,320
11229,1,9900,610,1000,3000,60
11230,5,13500,770,1400,3300,80
11231,5,11400,690,1200,3600,70
11232,103,18900,1220,1900,3600,120
11233,104,13500,690,1400,2400,70
11234,104,14700,800,1500,2700,80
11235,6,12600,640,1300,2700,60
11236,7,11400,690,1200,2100,70
11237,7,14700,760,1500,3600,80
11238,7,15300,960,1600,2700,100
11239,8,12600,640,1300,4200,60
11240,8,7200,420,800,12600,640
11241,9,19800,980,2000,3300,100
11242,24,13200,670,1400,3600,70
11243,11,9300,540,1000,3600,50
11244,11,11100,640,1200,3600,60
11245,14,13200,670,1400,3600,70
11246,4,13200,670,1400,3600,70
11247,102,11100,640,1200,3600,60
11248,24,13500,690,1400,3300,70
11249,8,13500,760,1400,3300,80
11250,24,13500,760,1400,2700,80
11301,8,28200,1280,2900,0,0
11302,24,16200,800,1700,3900,80
11303,8,17400,800,1800,3900,80
11304,14,18900,870,1900,3900,90
11305,101,18900,950,1900,3900,100
11306,2,22800,1310,2300,2700,130
11307,6,18900,950,1900,3900,100
11308,24,20700,950,2100,3300,100
11309,12,20700,950,2100,3900,100
11310,23,21600,1010,2200,3900,100
11311,24,21600,1010,2200,3900,100
11312,14,21600,1010,2200,3900,100
11313,22,21600,1010,2200,3900,100
11314,1,21300,980,2200,3900,100
11316,24,26100,1120,2700,0,0
11317,3,26100,1120,2700,3900,110
11318,1,26100,1120,2700,0,0
11319,26,30300,1570,3100,0,0
11320,11,0,0,0,0,0
11321,11,0,0,0,0,0
11322,2,0,0,0,0,0
11323,101,0,0,0,0,0
11324,5,0,0,0,0,0
11325,24,13200,720,1400,4200,70
11326,4,0,0,0,0,0
11327,5,13500,770,1400,4200,80
11328,24,15000,770,1500,4200,80
11329,101,15000,770,1500,4200,80
11330,14,15000,770,1500,4200,80
11331,14,13800,830,1400,4200,80
11332,13,15600,830,1600,4200,80
11333,24,16200,830,1700,4200,80
11334,22,13200,720,1400,4200,70
11335,23,16200,830,1700,4200,80
11336,103,16200,910,1700,4200,90
11337,8,16200,910,1700,4200,90
11338,7,16200,910,1700,4200,90
11339,13,17700,910,1800,4200,90
11340,101,17700,960,1800,4200,100
11341,23,37800,0,227,0,0
11342,12,37800,0,227,0,0
11343,12,12,0,0,0,0
11344,24,18900,950,1900,3900,100
11345,24,21300,980,2200,3000,100
11346,23,22800,1140,2300,5400,260
11347,23,22800,1280,2300,2700,130
11348,13,18000,1060,1800,3900,110
11349,13,30900,1520,3100,3600,150
11350,12,26100,1210,2700,3600,120
11351,12,9000,620,900,17400,800
11352,5,28500,1570,2900,3900,160
11353,3,18900,870,1900,3900,90
11354,103,26100,1210,2700,1800,120
11355,4,20700,950,2100,3900,100
11356,104,21600,1010,2200,3900,100
11357,6,18900,950,1900,3900,100
11358,7,21600,1010,2200,3300,100
11359,8,22800,1370,2300,2700,140
11360,22,24000,1190,2400,5100,120
11361,11,31500,1610,3200,5100,160
11362,1,26100,1120,2700,0,0
11363,5,27300,1530,2800,5100,150
11364,1,26100,1120,2700,0,0
11365,9,18300,1020,1900,3900,100
11366,8,21900,1340,2200,4200,130
11367,10,18900,1170,1900,4200,120
11401,24,28200,1280,2900,0,0
11402,8,20700,980,2100,4500,100
11403,22,22800,1190,2300,4500,120
11404,4,22800,980,2300,4500,100
11405,13,22800,980,2300,4500,100
11406,22,22800,980,2300,4500,100
11407,12,27300,1430,2800,4500,140
11408,16,28200,1280,2900,4500,130
11409,11,27000,1090,2700,4500,110
11410,7,27000,1090,2700,4500,110
11411,24,31500,1360,3200,4800,140
11412,103,32400,1600,3300,5100,160
11413,23,32400,1600,3300,5100,160
11414,24,32400,1600,3300,5100,160
11415,2,32400,1600,3300,5100,160
11416,8,32400,1600,3300,5100,160
11417,22,32400,1600,3300,5100,160
11418,102,34200,1480,3500,4500,150
11419,23,34200,1480,3500,4500,150
11420,23,32400,1440,3300,4800,140
11421,22,32400,1440,3300,4800,140
11422,19,33300,1510,3400,4800,150
11423,19,34800,1600,3500,5100,160
11424,20,34800,1600,3500,5100,160
11425,18,34800,1600,3500,5100,160
11431,21,37800,1920,3800,5100,190
11432,27,37800,2080,3800,0,0
11433,14,22800,1040,2300,4800,100
11434,13,22800,1140,2300,4800,110
11435,8,22800,1140,2300,4800,110
11436,23,22800,1140,2300,4800,110
11438,7,24900,1140,2500,4800,110
11439,13,26100,1210,2700,4800,120
11440,23,26100,1210,2700,4800,120
11441,14,26100,1210,2700,4800,120
11442,22,26100,1210,2700,4800,120
11443,12,24900,1180,2500,4800,120
11444,13,25500,1180,2600,4800,120
11445,5,27300,1430,2800,4800,140
11446,23,27300,1180,2800,4800,120
11447,3,27300,1180,2800,4800,120
11448,22,27300,1180,2800,4800,120
11449,6,27300,1430,2800,4800,140
11450,9,78600,3610,7900,0,0
11454,25,45000,2560,4500,0,0
11455,19,37800,2400,3800,5100,240
11456,19,45000,2560,4500,0,0
11457,25,45000,2560,4500,0,0
11458,23,28200,1280,2900,4500,130
11459,22,28200,1280,2900,4200,130
11460,103,28200,1280,2900,4500,130
11461,23,27000,1090,2700,4500,110
11462,14,22800,980,2300,4500,100
11463,12,22800,1190,2300,4500,120
11464,5,27300,1180,2800,4500,120
11465,103,27000,1090,2700,4500,110
11466,8,22800,1190,2300,4500,120
11467,8,29700,1570,3000,2700,160
11468,9,30600,1570,3100,4500,160
11469,9,37800,1740,3800,4500,170
11470,6,31200,1620,3200,5100,160
11471,8,45600,2210,4600,5100,220
11472,24,32400,1310,3300,4800,130
11473,24,57300,2840,5800,0,0
11474,22,32400,1310,3300,4800,130
11475,12,21000,960,2100,4800,100
11476,101,41100,1780,4200,4800,180
11477,104,41100,1780,4200,4800,180
11478,6,24900,1140,2500,4800,110
11479,103,43800,2160,4400,5100,220
11480,9,57000,2650,5700,4800,270
11481,24,48000,2370,4800,4500,240
11482,13,31500,1360,3200,4800,140
11483,101,19500,960,2000,4800,100
11484,1,52500,2460,5300,5100,250
11485,2,46200,2280,4700,5100,230
11486,11,27300,1570,2800,4800,160
11487,13,28500,1570,2900,4800,160
11488,24,46200,2180,4700,5100,220
11489,22,46800,2210,4700,5100,220
11490,23,39600,2020,4000,5100,200
20001,9,900,0,0,0,0
20002,9,900,0,0,0,0
20003,9,900,0,0,0,0
20004,9,900,0,0,0,0
20005,10,1800,0,0,0,0
20006,15,1800,0,0,0,0
20007,9,2700,0,0,0,0
20008,9,2700,0,0,0,0
20009,9,3600,0,0,0,0
20010,9,4500,0,0,0,0
20011,9,4500,0,0,0,0
30101,1,150,0,0,0,0
30102,1,150,0,0,0,0
30103,1,150,0,0,0,0
30104,1,150,0,0,50,0
30105,1,150,0,0,0,0
30106,1,150,0,0,0,0
30107,1,150,0,0,0,0
30201,9,150,0,0,0,0
30202,9,150,0,0,0,0
30203,9,150,0,0,0,0
30204,9,150,0,0,0,0
30205,9,150,0,0,0,0
30206,9,150,0,0,0,0
30207,9,150,0,0,0,0
30208,9,150,0,0,0,0
30209,9,150,0,0,0,0
30210,9,150,0,0,0,0
30211,9,150,0,0,0,0
30212,9,150,0,0,0,0
30213,9,150,0,0,0,0
30214,9,150,0,0,0,0
30215,9,150,0,0,0,0
30216,9,150,0,0,0,0
30217,9,150,0,0,0,0
30218,9,150,0,0,0,0
30219,9,150,0,0,0,0
30220,9,150,0,0,0,0
30221,9,150,0,0,0,0
30222,9,150,0,0,0,0
30223,9,150,0,0,0,0
30224,9,150,0,0,0,0
30225,9,150,0,0,0,0
30226,9,150,0,0,0,0
30227,9,150,0,0,0,0
30228,9,150,0,0,0,0
30229,9,150,0,0,0,0
30230,9,150,0,0,0,0
30231,9,150,0,0,0,0
30232,9,150,0,0,0,0
30233,9,150,0,0,0,0
30234,9,150,0,0,0,0
30235,9,150,0,0,0,0
30236,9,150,0,0,0,0
30237,9,150,0,0,0,0
30238,9,150,0,0,0,0
30239,9,150,0,0,0,0
30240,9,150,0,0,0,0
30241,9,150,0,0,0,0
30242,9,150,0,0,0,0
30243,9,150,0,0,0,0
30244,9,150,0,0,0,0
30245,9,150,0,0,0,0
30246,9,150,0,0,0,0
30247,9,150,0,0,0,0
30248,9,150,0,0,0,0
30249,9,150,0,0,0,0
30250,9,150,0,0,0,0
30251,9,150,0,0,0,0
30252,9,150,0,0,0,0
30253,9,150,0,0,0,0
30254,9,150,0,0,0,0
30255,9,150,0,0,0,0
30256,9,150,0,0,0,0
30257,9,150,0,0,0,0
30258,9,150,0,0,0,0
30259,9,150,0,0,0,0
30260,9,150,0,0,0,0
30261,9,150,0,0,0,0
30262,9,150,0,0,0,0
30263,9,150,0,0,0,0
30264,9,150,0,0,0,0
30265,9,150,0,0,0,0
30266,9,150,0,0,0,0
30267,9,150,0,0,0,0
30268,9,150,0,0,0,0
30269,9,150,0,0,0,0
30270,9,150,0,0,0,0
30271,9,150,0,0,0,0
30272,9,150,0,0,0,0
30273,9,150,0,0,0,0
30274,9,150,0,0,0,0
30275,9,150,0,0,0,0
30276,9,150,0,0,0,0
30277,9,150,0,0,0,0
30278,9,150,0,0,0,0
30279,9,150,0,0,0,0
30280,9,150,0,0,0,0
30281,9,150,0,0,0,0
30282,9,150,0,0,0,0
30283,9,150,0,0,0,0
30284,9,150,0,0,0,0
30285,9,150,0,0,0,0
30286,9,150,0,0,0,0
30287,9,150,0,0,0,0
30288,9,150,0,0,0,0
30289,9,150,0,0,0,0
30290,9,150,0,0,0,0
30291,9,150,0,0,0,0
30292,9,150,0,0,0,0
30293,9,150,0,0,0,0
30294,9,150,0,0,0,0
30295,9,150,0,0,0,0
30296,9,150,0,0,0,0
30297,9,150,0,0,0,0
30298,9,150,0,0,0,0
40101,6,5100,360,600,0,0
40102,4,6000,420,600,2100,130
40103,6,7200,480,800,0,0
40104,104,10200,600,1100,6000,350
40105,6,12000,720,1200,1200,70
40106,4,14100,840,1500,0,0
40107,6,16200,960,1700,7500,430
40108,17,18000,1080,1800,11400,590
40109,6,20100,1200,2100,2400,120
40110,17,22200,1320,2300,0,0
40111,23,24000,1440,2400,3300,140
40112,6,25200,1500,2600,3300,150
40113,23,27000,1620,2700,3900,160
40114,104,28200,1680,2900,0,0
40115,18,30000,1800,3000,0,0
40116,18,31200,1860,3200,0,0
40201,3,5400,330,600,0,0
40202,3,6600,390,700,3000,140
40203,103,7500,460,800,0,0
40204,14,10800,650,1100,6900,400
40205,3,12900,780,1300,1800,80
40206,14,15000,910,1500,0,0
40207,14,17100,1040,1800,6300,430
40208,3,19200,1170,2000,1800,120
40209,3,21300,1300,2200,2400,130
40210,20,23400,1430,2400,2400,140
40211,3,25500,1560,2600,3300,160
40212,14,26700,1630,2700,3300,160
40213,3,28800,1760,2900,3900,180
40214,103,29700,1820,3000,0,0
40215,20,31800,1950,3200,0,0
40216,20,33000,2020,3300,0,0
40301,6,5700,350,600,0,0
40302,5,6900,420,700,2100,130
40303,6,8100,490,900,0,0
40304,5,11400,700,1200,3900,200
40305,6,13500,840,1400,1200,80
40306,5,15900,980,1600,0,0
40307,6,18000,1120,1800,10500,590
40308,5,20400,1260,2100,1800,130
40309,5,22500,1400,2300,0,0
40310,17,24900,1540,2500,2400,150
40311,22,27000,1680,2700,3300,170
40312,5,28200,1750,2900,3300,180
40313,6,30300,1890,3100,3900,190
40314,22,31500,1960,3200,0,0
40315,19,33600,2100,3400,0,0
40316,19,34800,2170,3500,0,0
40401,7,6300,400,700,0,0
40402,2,7500,480,800,1800,100
40403,101,8700,560,900,900,60
40404,11,12600,800,1300,0,0
40405,2,15000,960,1500,1500,100
40406,5,17400,1120,1800,0,0
40407,7,20100,1280,2100,7500,470
40408,17,22500,1440,2300,1500,140
40409,104,24900,1600,2500,0,0
40410,17,27300,1760,2800,2400,180
40411,23,30000,1920,3000,3300,190
40412,22,31200,2000,3200,3300,200
40413,7,33600,2160,3400,0,0
40414,24,34800,2240,3500,3900,220
40415,16,37200,2400,3800,0,0
40416,16,38700,2480,3900,0,0
40501,6,12000,750,1200,0,0
40502,12,13200,830,1400,0,0
40503,1,14400,900,1500,0,0
40504,14,15600,980,1600,1200,100
40505,12,17700,1130,1800,6000,350
40506,6,18900,1200,1900,0,0
40507,1,20100,1280,2100,6900,400
40508,20,21300,1350,2200,1800,140
40509,12,23700,1500,2400,2400,150
40510,19,26100,1650,2700,0,0
40511,6,28500,1800,2900,3300,180
40512,14,29700,1880,3000,3300,190
40513,12,32100,2030,3300,3900,200
40514,101,33300,2100,3400,0,0
40515,20,35400,2250,3600,0,0
40516,19,36600,2330,3700,0,0
40601,4,13200,850,1400,0,0
40602,1,14400,940,1500,5100,330
40603,6,15600,1020,1600,0,0
40604,104,17100,1110,1800,1500,110
40605,101,19500,1280,2000,5100,240
40606,6,21000,1360,2100,0,0
40607,1,22200,1450,2300,0,0
40608,4,23400,1530,2400,2100,150
40609,104,26100,1700,2700,2400,170
40610,17,28800,1870,2900,0,0
40611,23,31200,2040,3200,3300,200
40612,6,32700,2130,3300,3300,210
40613,23,35100,2300,3600,3900,230
40614,4,36600,2380,3700,0,0
40615,18,39000,2550,3900,0,0
40616,18,40500,2640,4100,0,0
40701,8,13800,900,1400,0,0
40702,12,15000,990,1500,4200,220
40703,8,16500,1080,1700,0,0
40704,12,17700,1170,1800,1500,120
40705,12,20400,1350,2100,10500,590
40706,8,21900,1440,2200,0,0
40707,12,23400,1530,2400,11400,610
40708,8,24600,1620,2500,2100,160
40709,12,27300,1800,2800,2400,180
40710,19,30000,1980,3000,0,0
40711,12,32700,2160,3300,3900,220
40712,8,34200,2250,3500,3900,230
40713,8,36900,2430,3700,3900,240
40714,12,38100,2520,3900,0,0
40715,19,40800,2700,4100,0,0
40716,19,42300,2790,4300,0,0
40801,2,14400,950,1500,0,0
40802,12,15900,1050,1600,6000,350
40803,1,17100,1140,1800,0,0
40804,2,18600,1240,1900,1500,120
40805,101,21300,1430,2200,7500,430
40806,12,22800,1520,2300,0,0
40807,12,24300,1620,2500,9600,500
40808,2,25800,1710,2600,2100,170
40809,101,28500,1900,2900,2400,190
40810,17,31500,2090,3200,0,0
40811,24,34200,2280,3500,3900,230
40812,1,35700,2380,3600,0,0
40813,2,38400,2570,3900,3900,260
40814,23,39900,2660,4000,4500,270
40815,16,42600,2850,4300,0,0
40816,16,44100,2950,4500,0,0
40901,2,15000,1000,1500,0,0
40902,11,16500,1100,1700,5100,330
40903,6,18000,1200,1800,1800,120
40904,8,19500,1300,2000,0,0
40905,11,22200,1500,2300,0,0
40906,102,23700,1600,2400,2100,160
40907,12,25200,1700,2600,0,0
40908,17,26700,1800,2700,2100,180
40909,1,29700,2000,3000,0,0
40910,17,32700,2200,3300,2400,220
40911,8,35700,2400,3600,3900,240
40912,12,37200,2500,3800,0,0
40913,24,40200,2700,4100,3900,270
40914,1,41700,2800,4200,4500,280
40915,19,44400,3000,4500,0,0
40916,19,45900,3100,4600,0,0
41001,4,15600,1050,1600,0,0
41002,14,17100,1160,1800,0,0
41003,104,18600,1260,1900,3000,160
41004,101,20100,1370,2100,0,0
41005,4,23100,1580,2400,0,0
41006,17,24900,1680,2500,2100,170
41007,1,26400,1790,2700,0,0
41008,14,27900,1890,2800,0,0
41009,16,30900,2100,3100,0,0
41010,17,33900,2310,3400,2400,230
41011,24,37200,2520,3800,3900,250
41012,6,38700,2630,3900,0,0
41013,23,41700,2840,4200,3900,280
41014,104,43200,2940,4400,4500,290
41015,16,46200,3150,4700,0,0
41016,16,48000,3260,4800,0,0
41101,3,16200,1100,1700,0,0
41102,13,17700,1210,1800,2700,140
41103,17,19200,1320,2000,1800,130
41104,5,21000,1430,2100,0,0
41105,13,24000,1650,2400,4200,220
41106,3,25800,1760,2600,0,0
41107,20,27300,1870,2800,2100,190
41108,5,28800,1980,2900,0,0
41109,5,32100,2200,3300,0,0
41110,20,35400,2420,3600,2400,240
41111,22,38400,2640,3900,4500,260
41112,11,40200,2750,4100,4500,280
41113,5,43200,2970,4400,0,0
41114,24,45000,3080,4500,0,0
41115,20,48000,3300,4800,0,0
41116,16,49800,3410,5000,0,0
41201,1,16800,1150,1700,0,0
41202,5,18300,1270,1900,3000,180
41203,19,20100,1380,2100,1800,140
41204,12,21600,1500,2200,0,0
41205,8,24900,1730,2500,0,0
41206,5,26700,1840,2700,0,0
41207,17,28500,1960,2900,2100,200
41208,12,30000,2070,3000,0,0
41209,101,33300,2300,3400,0,0
41210,19,36600,2530,3700,2400,250
41211,1,39900,2760,4000,4500,280
41212,23,41700,2880,4200,4500,290
41213,22,45000,3110,4500,4500,310
41214,8,46500,3220,4700,0,0
41215,19,49800,3450,5000,0,0
41216,19,51600,3570,5200,0,0
41311,101,29100,1860,3000,3300,190
41312,6,30300,1940,3100,3300,190
41313,24,32700,2090,3300,4500,210
41314,13,33900,2170,3400,0,0
41315,16,36300,2330,3700,0,0
41316,16,37800,2400,3800,0,0
41411,8,30600,1980,3100,3300,200
41412,7,31800,2060,3200,3300,210
41413,24,34500,2230,3500,4500,220
41414,8,35700,2310,3600,0,0
41415,19,38100,2480,3900,0,0
41416,19,39600,2560,4000,0,0
41511,104,39900,2760,4000,3900,280
41512,23,41700,2880,4200,3900,290
41513,13,45000,3110,4500,0,0
41514,4,46500,3220,4700,4500,320
41515,18,49800,3450,5000,0,0
41516,18,51600,3570,5200,0,0
41611,2,39900,2760,4000,3900,280
41612,7,41700,2880,4200,0,0
41613,11,45000,3110,4500,3900,310
41614,102,46500,3220,4700,4500,320
41615,16,49800,3450,5000,0,0
41616,16,51600,3570,5200,0,0
41711,14,39900,2760,4000,3900,280
41712,3,41700,2880,4200,0,0
41713,14,45000,3110,4500,3900,310
41714,103,46500,3220,4700,4500,320
41715,20,49800,3450,5000,0,0
41716,20,51600,3570,5200,0,0
41811,22,41400,2880,4200,0,0
41812,22,43200,3000,4400,0,0
41813,22,46500,3240,4700,4500,320
41814,5,48300,3360,4900,4500,340
41815,19,51600,3600,5200,0,0
41816,19,53400,3720,5400,0,0
90037,9,0,0,0,0,0
90280,14,9000,0,0,0,0
90283,14,9000,0,0,0,0
100201,1,600,40,100,0,0
100202,1,1200,40,200,0,0
100203,101,900,50,100,0,0
100301,2,600,80,100,0,0
100302,102,1500,100,200,0,0
100303,4,1500,80,200,0,0
100304,2,900,90,100,0,0
100305,6,1200,90,200,0,0
100306,7,600,80,100,0,0
100401,1,900,60,100,0,0
100402,102,1200,120,200,0,0
100403,4,1500,130,200,0,0
100404,8,1200,120,200,0,0
100405,7,1500,120,200,0,0
100406,103,1800,150,200,0,0
100501,7,900,160,100,0,0
100502,102,1200,170,200,0,0
100503,8,2100,160,300,0,0
100504,8,2400,160,300,0,0
100505,101,1500,120,200,0,0
100601,4,1800,210,200,0,0
100602,5,1800,150,200,0,0
100603,9,2100,230,300,0,0
100604,7,3000,260,300,0,0
100701,24,1500,100,200,0,0
100702,101,180,110,20,0,0
100703,13,2100,200,300,0,0
100801,22,2100,200,300,0,0
100802,103,3900,300,400,0,0
100803,24,2100,180,300,0,0
100804,13,2400,240,300,0,0
100901,12,2400,220,300,0,0
100902,8,6000,340,600,0,0
100903,5,2100,200,300,0,0
100904,7,3000,260,300,0,0
101001,102,3000,230,300,0,0
101002,6,2700,240,300,0,0
101003,23,3600,390,400,0,0
101004,14,5400,380,600,0,0
101005,9,9000,500,900,0,0
110101,1,1200,90,200,0,0
110102,3,900,90,100,0,0
110103,104,1800,120,200,0,0
110201,101,1500,120,200,0,0
110202,6,1200,120,200,0,0
110203,1,2100,160,300,0,0
110301,8,3000,200,300,0,0
110302,7,3000,220,300,0,0
110303,9,3600,250,400,0,0
110401,11,1500,120,200,0,0
110402,11,3000,200,300,0,0
110403,5,3600,150,400,0,0
110404,4,3600,120,400,0,0
110501,14,4500,180,500,0,0
110502,11,2400,200,300,0,0
110503,6,4500,200,500,0,0
110504,12,3900,250,400,0,0
110505,5,3600,230,400,0,0
110601,13,6000,350,600,0,0
110602,6,3000,240,300,0,0
110603,14,4500,380,500,0,0
110604,5,3900,300,400,0,0
110701,101,5400,420,600,0,0
110702,12,3600,300,400,0,0
110703,14,4200,300,500,0,0
110704,9,7200,500,800,0,0
111101,24,3300,250,400,0,0
111102,11,7200,280,800,0,0
111103,22,3600,290,400,0,0
111201,13,3900,310,400,0,0
111202,102,3000,240,300,0,0
111203,4,4800,340,500,0,0
111301,7,8100,400,900,0,0
111302,8,5400,340,600,0,0
111303,23,9000,300,900,0,0
111304,13,6000,420,600,0,0
111401,6,6900,570,700,0,0
111402,14,9000,600,900,0,0
111403,101,7800,500,800,0,0
111404,12,6900,570,700,0,0
111405,9,15000,1000,1500,0,0
120001,9,900,0,0,0,0
120002,9,900,0,0,0,0
120003,9,2700,0,0,0,0
120004,9,2700,0,0,0,0
120005,9,3600,0,0,0,0
120006,10,3600,0,0,0,0
130301,1,150,0,0,0,0
130302,1,150,0,0,0,0
130303,1,150,0,0,0,0
130304,1,150,0,0,50,0
130305,1,150,0,0,0,0
130306,1,150,0,0,0,0
130307,9,150,0,0,0,0
130308,9,150,0,0,0,0
1010004,8,11700,630,1200,1200,60
1010006,1,0,0,0,0,0
1010007,1,0,0,0,0,0
1010101,101,12600,800,1300,2700,80
1010102,5,16200,710,1700,3000,70
1010103,9,20400,1100,2100,2700,110
1010104,9,15300,760,1600,0,0
1010105,104,18600,1000,1900,2700,100
1010106,17,17100,880,1800,2700,90
1010107,8,21600,1200,2200,2400,120
1010108,16,20700,1060,2100,2400,110
1010109,8,12000,750,1200,2700,80
1010110,13,26100,1210,2700,5100,120
1010111,6,15300,850,1600,2700,90
1010112,2,20400,1210,2100,2700,120
1010118,3,10800,680,1100,2700,70
1010119,9,26700,1490,2700,2400,150
1010120,12,14400,800,1500,2700,80
1010121,103,21600,1200,2200,2400,120
1010122,101,21600,980,2200,2700,100
1010123,13,16800,940,1700,2700,90
1010124,15,8700,500,900,4200,50
1010125,2,12900,750,1300,2700,80
1010126,3,18300,880,1900,2700,90
1010127,10,19200,1040,2000,0,0
1010128,9,10500,530,1100,1800,50
1010129,9,6000,300,600,6900,400
1010130,104,20400,1140,2100,2700,110
1010131,19,23100,1200,2400,0,0
1010132,14,21600,1080,2200,0,0
1010133,104,31800,1770,3200,0,0
1010134,9,30300,1730,3100,0,0
1010135,13,21600,980,2200,2700,100
1010136,1,27300,1320,2800,2700,130
1010137,1,27300,1320,2800,2700,130
1010138,17,38400,2120,3900,2700,210
1010139,6,10200,580,1100,2700,60
1010140,5,9300,620,1000,2700,60
1010141,5,8700,500,900,2700,50
1010142,8,10800,680,1100,2700,70
1010143,12,18300,1070,1900,2700,110
1010144,14,16500,850,1700,2700,90
1010145,103,18300,880,1900,2700,90
1010146,17,17400,840,1800,0,0
1010147,17,21600,1200,2200,0,0
1010148,20,23100,1200,2400,0,0
1010149,18,23100,1200,2400,0,0
1010150,19,25200,1800,2600,0,0
1010151,21,25200,1440,2600,0,0
1010152,9,23400,1240,2400,0,0
1010153,17,63600,3230,6400,0,0
1010154,8,31800,1830,3200,0,0
1010155,9,30300,1730,3100,0,0
1010156,11,30300,1730,3100,0,0
1010157,8,18000,1000,1800,0,0
1010158,101,4800,250,500,0,0
1010159,14,15000,800,1500,0,0
1010161,9,20700,1190,2100,2400,120
1010162,8,15300,850,1600,2700,90
1010163,9,58800,2970,5900,0,0
1010164,9,53100,2860,5400,0,0
1010165,15,26400,1520,2700,0,0
1010166,9,25200,1400,2600,0,0
1010167,10,17700,1070,1800,2400,110
1010168,5,6300,400,700,1500,40
1010170,14,21600,1080,2200,0,0
1010171,9,6900,400,700,1500,40
1010172,1,27300,1320,2800,0,0
1010174,6,10200,580,1100,0,0
1010175,8,15300,850,1600,0,0
1010176,1,0,0,0,0,0
1010177,1,0,0,0,0,0
1011001,22,35700,1710,3600,4800,170
1011002,22,13200,670,1400,3600,70
1011004,101,15000,770,1500,4200,80
1011005,6,32700,1710,3300,6000,170
1011006,10,11100,640,1200,3600,60
1011007,24,26100,1120,2700,3900,110
1011008,14,39000,1920,3900,5400,190
1011010,17,29700,1370,3000,34200,1480
1011011,15,27300,1370,2800,5100,140
1011012,12,6300,500,700,22800,1190
1011013,14,16500,960,1700,3600,100
1011014,1,0,1,0,0,0
1011015,10,26400,1590,2700,4500,160
1011016,9,21900,1240,2200,3300,120
1011017,3,31800,1610,3200,4200,160
1011018,7,27900,1530,2800,5100,150
1011019,104,57300,2840,5800,0,0
1011020,2,31200,1450,3200,5100,150
1011021,4,31200,1450,3200,5100,150
1011022,3,31200,1450,3200,5100,150
1011023,1,31200,1450,3200,5100,150
1011024,22,38400,1880,3900,4800,190
1011025,11,39000,1730,3900,0,0
1011026,11,37800,1630,3800,0,0
1011027,19,40200,1810,4100,0,0
1011028,16,39000,1730,3900,0,0
1011029,17,33900,1540,3400,0,0
1011030,27,45600,2500,4600,0,0
1011031,16,33900,1540,3400,0,0
1011032,23,39000,1920,3900,0,0
1011033,12,39000,1920,3900,0,0
1011034,21,45600,2300,4600,0,0
1011035,19,41700,1920,4200,0,0
1011036,20,41700,1920,4200,0,0
1011037,26,36600,1880,3700,0,0
1011038,18,34800,1600,3500,0,0
1011039,19,45600,2880,4600,0,0
1011040,25,54000,3070,5400,0,0
1011041,19,54000,3070,5400,0,0
1011042,25,54000,3070,5400,0,0
1011043,9,69000,3330,6900,0,0
1011044,9,80400,4070,8100,0,0
1020001,9,2700,0,0,0,0
1020002,9,2700,0,0,0,0
1020003,9,2700,0,0,0,0
1020004,9,2700,0,0,0,0
1020005,15,2700,0,0,0,0
1020006,9,2700,0,0,0,0
1020007,9,2700,0,0,0,0
1020008,9,2700,0,0,0,0
1020009,9,2700,0,0,0,0
1020010,9,2700,0,0,0,0
1020011,9,2700,0,0,0,0
1020012,9,2700,0,0,0,0
1020013,9,2700,0,0,0,0
1020014,9,2700,0,0,0,0
1020015,9,4500,0,0,0,0
1020016,9,4500,0,0,0,0
1020017,9,4500,0,0,0,0
1020018,9,4500,0,0,0,0
1020019,9,4500,0,0,0,0
1020020,9,3600,0,0,0,0
1020021,9,4500,0,0,0,0
1020022,9,4500,0,0,0,0
1020023,9,4500,0,0,0,0
1020024,9,4500,0,0,0,0
1020025,9,4500,0,0,0,0
1020026,9,4500,0,0,0,0
1020027,9,4500,0,0,0,0
1020028,9,4500,0,0,0,0
1020029,9,4500,0,0,0,0
1110001,7,2700,120,300,0,0
1110002,15,2100,200,300,0,0
1110003,8,4800,230,500,0,0
1110004,6,3000,210,300,0,0
1110005,5,3000,200,300,0,0
1110006,5,2100,200,300,0,0
1110007,7,3600,210,400,0,0
1110008,9,0,0,0,0,0
1110009,9,0,0,0,0,0
1110101,9,3000,140,300,0,0
1110102,9,4200,220,500,0,0
1110103,3,3900,160,400,0,0
1110104,1,6300,420,700,0,0
1110105,9,7800,360,800,0,0
1110106,9,12000,610,1200,0,0
1110107,104,3000,240,300,0,0
1110108,2,3000,260,300,0,0
1110109,8,4200,320,500,0,0
1110110,104,3300,250,400,0,0
1110111,12,6900,350,700,0,0
1110112,9,9600,480,1000,0,0
1110114,9,0,0,0,0,0
1110115,9,0,0,0,0,0
1111001,9,8100,610,900,0,0
1111002,9,13800,650,1400,0,0
1111003,23,11400,630,1200,0,0
1111004,9,8100,500,900,0,0
1111005,9,7500,570,800,0,0
1111006,10,7200,420,800,0,0
1111014,9,0,0,0,0,0
1111015,9,0,0,0,0,0
1120001,9,1800,0,0,0,0
1120002,15,1800,0,0,0,0
1120003,9,1800,0,0,0,0
1120004,9,1800,0,0,0,0
1120005,9,1800,0,0,0,0
1120006,9,2700,0,0,0,0
1120007,9,3600,0,0,0,0
1120008,9,3600,0,0,0,0
1120009,9,3600,0,0,0,0
1120010,9,3600,0,0,0,0
1120011,9,3600,0,0,0,0
1120012,9,4500,0,0,0,0
1120013,9,4500,0,0,0,0
