quest_id,slot,rem
101,0,210052
101,1,210001
101,4,210051
102,0,210053
102,1,210001
102,4,210069
103,0,210054
103,1,210001
103,4,210024
104,0,210016
104,1,210001
104,4,210016
105,0,210055
105,1,210001
106,0,210028
106,1,210001
107,0,210029
107,1,210001
201,0,210013
202,0,210013
203,0,210013
204,0,210013
205,0,210013
206,0,110850
206,1,210001
206,4,210028
207,0,210021
207,1,210001
208,0,210028
208,1,210001
208,2,510005
208,4,110850
209,0,210014
209,1,210001
209,4,210014
210,0,210052
210,1,210001
210,4,210055
211,0,210070
211,1,210001
211,4,110850
212,0,110150
212,1,210002
212,4,210033
213,0,110170
213,1,210002
213,4,110170
214,0,210033
214,1,210002
214,4,210039
215,0,210039
215,1,210002
215,4,210020
216,0,210056
216,1,210002
216,4,210069
217,0,210037
217,1,210002
217,4,210037
218,0,210070
218,1,210002
218,4,110150
219,0,110140
219,1,210003
219,4,210031
220,0,210031
220,1,210003
221,0,210038
221,1,210003
221,4,110140
222,0,210057
222,1,210003
222,4,210068
223,0,210070
223,1,210003
223,4,110140
224,0,110300
224,1,210004
224,4,210038
225,0,210032
225,1,210004
226,0,210043
226,1,210004
226,4,110300
227,0,210058
227,1,210004
227,4,210022
228,0,210070
228,1,210004
228,4,110300
229,0,110600
229,1,210005
229,4,110600
230,0,210030
230,1,210005
231,0,210029
231,1,210005
231,4,110600
232,0,210051
232,1,210005
232,4,210059
233,0,210059
233,1,210005
233,4,210045
234,0,210070
234,1,210005
234,4,110600
301,0,210013
302,0,210013
303,0,110660
303,1,210084
303,4,110660
304,0,110080
304,1,210081
304,4,210014
305,0,110850
305,1,110850
305,4,110850
306,0,110660
306,1,210084
306,2,510006
307,0,210024
307,1,210001
308,0,210055
308,1,210001
309,0,210055
309,1,210001
310,0,210057
310,1,210001
311,0,110190
311,1,210087
311,4,210039
312,0,110560
312,1,210081
312,4,110560
313,0,210036
313,1,210002
313,4,110170
314,0,210039
314,1,210002
314,2,510103
314,3,510007
315,0,210020
315,1,210002
315,4,210061
316,0,210031
316,1,210003
316,4,210086
317,0,210071
317,1,210003
317,4,210017
318,0,110080
318,1,210081
318,4,110080
319,0,210060
319,1,210003
320,0,210060
320,1,210003
321,0,110610
321,1,210084
321,4,110610
322,0,210018
322,1,210004
322,4,210067
323,0,110030
323,1,210081
323,4,110030
324,0,210022
324,1,210004
325,0,210022
325,1,210004
326,0,210038
326,1,210005
326,4,110300
327,0,210015
327,1,210005
327,4,210015
328,0,110470
328,1,210081
328,4,110470
329,0,100300
329,1,210005
330,0,100300
330,1,210005
331,0,210059
331,1,210005
331,2,510008
331,4,110600
332,0,110470
332,1,210081
332,4,210041
333,0,110190
333,1,210087
333,4,110190
334,0,210030
334,1,210029
335,0,210025
335,1,210006
335,4,210051
336,0,210019
336,1,210006
336,2,510005
337,0,210070
337,1,210006
337,4,110660
338,0,110160
338,1,210086
338,4,210034
339,0,110090
339,1,210081
339,4,210094
340,0,210026
340,1,210027
341,0,210034
341,1,210007
341,4,110160
342,0,210061
342,1,210007
342,4,210062
343,0,210070
343,1,210007
343,4,110080
401,0,210013
402,0,110790
402,1,210081
402,4,110790
403,0,110370
403,1,210082
403,4,110370
404,0,110620
404,1,210084
404,2,510009
404,4,210024
405,0,210063
405,1,210001
405,4,110010
406,0,210052
406,1,210001
406,2,510101
406,4,110370
407,0,110150
407,1,210086
407,2,510106
408,0,210063
408,1,210002
408,4,110620
409,0,110010
409,1,210082
409,4,110010
410,0,110680
410,1,210082
410,4,110680
411,0,110080
411,1,210081
411,2,510107
412,0,110140
412,1,210086
412,2,510108
412,3,510010
413,0,110220
413,1,210084
413,4,210043
414,0,110610
414,1,110610
414,4,210084
415,0,110370
415,1,210082
415,4,110370
416,0,110470
416,1,110470
416,2,510011
416,4,110470
417,0,210062
417,1,210005
418,0,110790
418,1,210081
418,2,510012
418,4,110790
419,0,110660
419,1,110660
419,4,210084
420,0,110190
420,1,210087
420,2,510109
421,0,110200
421,1,210087
421,4,210040
422,0,110680
422,1,210082
422,4,110680
423,0,110030
423,1,110030
423,4,110030
424,0,210040
424,1,210007
424,4,110200
425,0,110620
425,1,210084
426,0,110200
426,1,210087
426,4,210040
427,0,210042
427,1,210008
428,0,210064
428,1,210008
428,4,210065
429,0,210070
429,1,210008
429,4,110160
501,0,110180
501,1,210083
501,4,110180
502,0,110560
502,1,210083
502,2,510110
503,0,110180
503,1,210083
503,4,110180
504,0,110810
504,1,210083
504,4,110810
505,0,210066
505,1,210003
505,2,510102
505,4,110010
506,0,110220
506,1,110220
506,4,210085
507,0,110030
507,1,210083
507,2,510111
508,0,110830
508,1,210085
508,4,110830
509,0,110460
509,1,210083
509,2,510013
509,4,110460
510,0,110820
510,1,210083
510,4,110820
511,0,110460
511,1,210083
511,4,110460
512,0,110020
512,1,210083
513,0,110790
513,1,110790
514,0,110090
514,1,210083
514,2,510014
514,3,510112
515,0,210038
515,1,210084
515,2,510104
515,4,110680
516,0,110020
516,1,210083
516,4,110020
517,0,110450
517,1,210083
517,4,210090
518,0,110620
518,1,110620
519,0,110160
519,1,210086
519,2,510113
519,4,210034
520,0,210035
520,1,210082
521,0,210101
521,1,210083
521,4,210089
522,0,210102
522,1,210083
522,4,210089
523,0,210103
523,1,210085
523,4,210089
601,0,110800
601,1,210083
601,4,110800
602,0,110710
602,1,210083
602,4,110710
603,0,110570
603,1,210083
603,4,110570
604,0,110800
604,1,210083
604,4,110800
605,0,110320
605,1,210083
605,4,110320
606,0,110770
606,1,210083
606,4,110770
607,0,110020
607,1,110010
607,2,510001
607,3,510018
608,0,110320
608,1,210083
608,4,110320
609,0,110570
609,1,210083
609,4,110570
610,0,110630
610,1,210083
610,4,110630
611,0,110200
611,1,110200
611,2,510001
612,0,110630
612,1,210083
612,4,110630
613,0,210104
613,1,210083
613,2,510003
613,4,210089
614,0,210105
614,1,210085
614,2,510003
614,4,210089
615,0,210106
615,1,210083
615,2,510003
615,3,510019
615,4,210089
616,0,210107
616,1,210083
616,2,510003
616,4,210089
617,0,210108
617,1,210083
617,2,510003
617,4,210089
618,0,110110
618,1,210089
618,2,510001
619,0,110110
619,1,210089
619,2,510001
619,4,210089
620,0,110720
620,1,210089
620,2,510002
620,4,110720
621,0,210109
621,1,210089
621,2,510003
621,3,510002
622,0,220051
622,1,220005
623,0,120800
623,1,220082
623,2,520009
624,0,120180
624,1,220081
625,0,120020
625,1,120010
625,2,520011
625,3,520019
626,0,120320
626,1,120320
626,2,520014
627,0,120550
627,1,220082
627,2,520005
628,0,120690
628,1,220010
629,0,220131
629,1,220082
629,2,510005
629,3,510005
629,4,220070
630,0,220132
630,1,220085
630,2,520021
631,0,220133
631,1,220082
631,2,520021
632,0,120720
632,1,220090
632,2,520018
633,0,120240
633,1,220088
633,2,520003
633,3,220091
634,0,120250
634,1,220088
634,2,520003
634,3,220092
635,0,120270
635,1,220088
635,2,520003
635,3,220093
636,0,220134
636,1,220089
636,2,510002
636,3,510004
637,0,220135
637,1,220089
637,2,510002
637,3,510004
638,0,220136
638,1,220089
638,2,510002
638,3,510004
639,0,120022
639,1,120012
639,2,510002
639,3,510002
640,0,220094
640,1,120230
640,2,510002
640,3,510002
641,0,220137
641,1,220089
641,2,510002
641,3,510004
701,0,210013
702,0,210013
703,0,120760
703,1,220009
703,4,120760
704,0,120600
704,1,220084
704,4,120600
705,0,121340
705,1,220004
705,4,220032
706,0,120080
706,1,220081
706,4,120080
707,0,120650
707,1,220084
707,4,120650
708,0,120610
708,1,220084
708,4,220018
709,0,120090
709,1,220081
709,4,120090
710,0,120660
710,1,220084
710,4,220014
711,0,120190
711,1,220081
711,4,120190
713,0,121210
713,1,220084
714,0,220046
714,1,220202
714,4,121210
715,0,220073
715,1,220202
715,4,220070
716,0,120470
716,1,220081
717,0,121440
717,1,220081
718,0,220033
718,1,220201
718,4,120150
719,0,220037
719,1,220201
719,4,120170
720,0,220056
720,1,220201
720,4,220039
721,0,210013
722,0,210013
723,0,210013
724,0,210013
725,0,210013
726,0,210013
727,0,210013
728,0,120850
728,1,220202
728,4,120850
729,0,220060
729,1,220202
729,4,120470
730,0,220202
732,0,120190
732,1,121440
732,2,510001
732,4,220002
733,0,121210
733,1,220084
733,4,121210
734,0,121440
734,1,220081
734,4,121440
735,0,120080
735,1,120090
735,2,510001
735,4,220081
736,0,120600
736,1,120600
736,4,220084
801,0,210013
802,0,121040
802,1,220081
802,4,121040
803,0,120790
803,1,220081
803,4,120790
804,0,120670
804,1,220084
804,4,220172
805,0,120030
805,1,220081
805,4,120030
806,0,121700
806,1,220010
807,0,120010
807,1,220081
807,4,120010
808,0,120560
808,1,220081
808,4,120560
809,0,120100
809,1,220081
810,0,120220
810,1,220084
810,4,220043
811,0,120360
811,1,220081
812,0,120200
812,1,220081
812,4,120200
813,0,120680
813,1,220081
813,2,530059
813,4,120680
814,0,120370
814,1,220081
815,0,120180
815,1,220081
815,4,120180
816,0,220047
816,1,220203
816,4,120370
817,0,220072
817,1,220203
817,4,220038
818,0,120450
818,1,220081
818,4,120450
820,0,210013
821,0,210013
822,0,210013
823,0,210013
824,0,210013
825,0,220051
825,1,220202
825,4,121040
826,0,120620
826,1,220084
826,4,120620
828,0,220060
828,1,220203
828,4,120010
829,0,120650
829,1,120850
829,2,510001
829,4,220009
830,0,120680
830,1,220081
830,4,120680
831,0,120030
831,1,220081
831,4,220044
832,0,120450
832,1,220081
832,4,120450
833,0,220054
833,1,220001
833,4,220074
834,0,120560
834,1,120170
834,2,510001
834,4,220081
835,0,220057
835,1,220005
835,4,120100
836,0,120010
836,1,220081
836,4,120010
837,0,120370
837,1,220081
837,4,220041
838,0,120790
838,1,120660
838,2,510001
838,4,220006
839,0,120200
839,1,121210
839,2,510001
839,4,220007
840,0,121040
840,1,120160
840,2,510001
840,4,220081
901,0,121420
901,1,220082
902,0,120690
902,1,220203
902,4,120690
903,0,120020
903,1,220082
903,4,120020
904,0,120460
904,1,220082
904,4,120460
905,0,120570
905,1,220082
905,4,120570
906,0,121050
906,1,220082
907,0,120820
907,1,220082
908,0,120810
908,1,220082
909,0,120830
909,1,220085
910,0,120800
910,1,220082
911,0,120490
911,1,120360
911,2,510002
911,4,220082
913,0,120550
913,1,220082
913,4,120550
914,0,120320
914,1,220082
914,4,120320
915,0,120110
915,1,220090
915,2,510002
916,0,120710
916,1,220082
917,0,120020
917,1,220082
917,4,120020
918,0,120570
918,1,220082
918,4,220035
919,0,121050
919,1,220082
919,4,121050
920,0,120800
920,1,220082
920,4,120800
921,0,120820
921,1,220082
921,4,120820
922,0,120550
922,1,220082
922,4,120550
923,0,120180
923,1,120100
923,2,510002
923,4,220082
924,0,120810
924,1,220082
924,4,120810
925,0,120690
925,1,220010
925,4,120760
926,0,120710
926,1,220082
926,4,120710
927,0,121700
927,1,121700
927,2,510001
927,4,220010
928,0,120830
928,1,220085
928,4,120830
929,0,120320
929,1,220082
929,4,120320
930,0,120670
930,1,120670
930,2,510001
930,4,220084
931,0,120490
931,1,220082
931,4,220042
932,0,120320
932,1,120620
932,2,510002
932,4,220082
933,0,220060
933,1,220003
933,4,120020
934,0,121420
934,1,220082
934,4,121420
935,0,120220
935,1,120610
935,2,510001
935,4,220084
936,0,120460
936,1,220082
936,4,120460
937,0,120110
937,1,220090
937,2,510002
938,0,220141
938,1,220089
938,2,510002
938,4,220089
939,0,220142
939,1,220089
939,2,510002
939,4,220070
940,0,220143
940,1,220082
940,2,510002
940,4,220089
941,0,220144
941,1,220082
941,2,510002
941,4,220070
1001,0,120770
1001,1,220082
1001,4,120770
1002,0,121070
1002,1,220082
1002,4,121070
1003,0,120630
1003,1,220082
1003,4,120630
1004,0,120720
1004,1,220090
1004,2,520001
1004,4,120720
1005,0,121860
1005,1,220090
1005,2,520001
1005,3,220100
1006,0,120230
1006,1,220085
1006,4,120230
1007,0,220095
1007,1,220082
1007,4,220095
1009,0,130240
1009,1,230088
1009,2,530003
1009,3,230091
1011,0,130270
1011,1,230088
1011,2,530003
1011,3,230093
1012,0,130022
1012,1,230083
1013,0,130012
1013,1,230083
1017,0,120330
1017,1,220097
1017,2,520003
1017,4,120330
1018,0,120380
1018,1,220097
1018,2,520003
1018,4,120380
1019,0,120580
1019,1,220088
1019,2,520003
1019,4,120580
1020,0,121860
1020,1,220090
1020,2,520001
1020,3,220100
1020,4,121860
1021,0,121860
1021,1,220090
1021,2,520001
1021,3,220100
1021,4,121860
1022,0,121860
1022,1,220090
1022,2,520001
1022,3,220100
1022,4,121860
1026,0,120840
1026,1,220096
1026,2,520002
1026,4,120840
1027,0,230133
1027,1,230090
1027,2,530003
1028,0,230134
1028,1,230090
1028,2,530003
1029,0,230135
1029,1,230090
1029,2,530003
1030,0,230136
1030,1,230090
1030,2,530003
1031,0,220095
1031,1,220082
1031,4,220095
1032,0,120020
1032,1,120010
1032,2,520001
1032,3,520019
1032,4,220082
1033,0,120230
1033,1,220085
1033,4,120230
1034,0,120770
1034,1,220082
1034,4,120770
1035,0,121050
1035,1,121050
1035,2,520001
1035,4,220082
1036,0,121070
1036,1,220082
1036,4,121070
1037,0,121420
1037,1,121420
1037,2,520001
1037,4,220082
1038,0,120630
1038,1,220082
1038,4,120630
1039,0,120500
1039,1,220088
1039,2,520003
1039,4,120500
1040,0,130020
1040,1,230082
1041,0,130320
1041,1,230082
1042,0,130570
1042,1,230082
1044,0,130022
1044,1,130012
1044,2,530003
1044,3,530020
1045,0,130250
1045,1,230088
1045,2,530003
1045,3,230092
1046,0,220145
1046,1,220083
1046,2,520002
1046,4,220069
1047,0,220146
1047,1,220083
1047,2,520002
1047,4,220069
1048,0,220147
1048,1,220083
1048,2,520002
1048,4,220069
1049,0,220148
1049,1,220083
1049,2,520002
1049,4,220069
1050,0,220149
1050,1,220090
1050,2,520002
1050,4,220069
1051,0,230131
1051,1,230082
1051,2,530002
1052,0,230132
1052,1,230089
1052,2,530002
1053,0,121860
1053,1,220090
1053,2,520001
1053,3,220100
1054,0,220060
1054,1,220201
1055,0,230137
1055,1,230090
1055,2,530004
10101,0,210013
10102,0,210013
10103,0,210013
10104,0,210013
10105,0,210013
10106,0,110850
10106,1,210001
10106,4,210055
10107,0,110660
10107,1,210001
10107,4,110660
10108,0,110090
10108,1,210001
10108,4,110090
10109,0,210028
10109,1,210001
10109,4,110850
10110,0,210052
10110,1,210001
10110,4,210029
10111,0,110150
10111,1,210002
10111,4,110150
10112,0,110170
10112,1,210002
10112,4,210037
10113,0,110190
10113,1,210002
10113,4,110190
10114,0,210039
10114,1,210002
10114,4,110190
10115,0,210056
10115,1,210002
10115,4,210037
10116,0,110140
10116,1,210003
10116,4,110140
10117,0,110080
10117,1,210003
10117,4,110080
10118,0,210071
10118,1,210003
10118,4,210054
10119,0,210031
10119,1,210003
10119,4,110140
10120,0,110610
10120,1,210004
10120,4,110610
10121,0,210032
10121,1,210004
10121,4,210018
10122,0,210058
10122,1,210004
10122,4,210067
10123,0,110300
10123,1,210005
10123,4,110300
10124,0,110600
10124,1,210005
10124,4,210059
10125,0,110470
10125,1,210005
10125,4,110470
10126,0,210041
10126,1,210005
10126,4,110470
10127,0,210029
10127,1,210005
10127,4,210030
10128,0,210062
10128,1,210005
10128,4,210054
10201,0,210013
10202,0,210013
10203,0,110790
10203,1,210081
10203,4,110790
10204,0,110620
10204,1,210084
10204,4,110620
10205,0,210021
10205,1,210001
10205,2,510105
10205,4,110080
10206,0,110560
10206,1,210081
10206,4,110560
10207,0,110620
10207,1,210084
10207,4,110620
10208,0,110150
10208,1,110150
10208,4,210086
10209,0,210036
10209,1,210002
10209,4,110560
10210,0,210037
10210,1,210002
10210,4,110170
10211,0,110680
10211,1,210081
10211,4,110680
10212,0,110180
10212,1,210081
10212,4,110180
10213,0,110140
10213,1,110140
10214,0,210038
10214,1,210003
10215,0,110030
10215,1,210081
10215,4,110030
10216,0,110220
10216,1,210084
10216,4,110220
10217,0,210043
10217,1,210004
10217,4,210058
10218,0,110370
10218,1,210081
10218,4,110370
10219,0,110010
10219,1,210081
10219,4,210060
10220,0,110470
10220,1,110470
10221,0,210030
10221,1,210005
10221,4,210029
10222,0,110790
10222,1,210081
10222,4,110790
10223,0,110370
10223,1,210081
10224,0,110660
10224,1,210084
10224,4,110660
10225,0,110600
10225,1,110600
10225,4,210084
10226,0,210024
10226,1,210006
10226,4,210061
10227,0,110160
10227,1,210086
10227,4,110160
10228,0,110200
10228,1,210087
10228,4,110200
10229,0,110680
10229,1,210081
10229,4,110680
10230,0,210034
10230,1,210007
10230,4,210063
10231,0,210026
10231,1,210007
10231,4,210027
10232,0,210071
10232,1,210007
10232,4,210068
10301,0,210013
10302,0,110800
10302,1,210083
10302,4,110800
10303,0,110320
10303,1,210083
10303,4,110320
10304,0,110710
10304,1,210083
10305,0,210063
10305,1,210001
10305,2,510015
10306,0,110770
10306,1,210083
10306,4,110770
10307,0,110810
10307,1,210083
10307,4,110810
10308,0,110020
10308,1,210083
10309,0,110830
10309,1,210085
10309,4,110830
10310,0,110460
10310,1,210083
10310,4,110460
10311,0,110820
10311,1,210083
10311,4,110820
10312,0,110570
10312,1,210083
10312,4,110570
10313,0,110460
10313,1,210083
10313,2,510016
10314,0,110570
10314,1,210083
10315,0,110630
10315,1,210083
10315,2,510017
10315,4,110630
10316,0,110020
10316,1,110010
10316,2,510001
10316,3,510018
10316,4,210083
10317,0,110810
10317,1,210083
10317,4,110810
10318,0,110800
10318,1,210083
10319,0,110450
10319,1,210083
10319,4,210090
10320,0,110200
10320,1,110200
10320,2,510001
10320,4,210087
10321,0,210040
10321,1,210008
10321,4,210090
10322,0,210035
10322,1,210042
10322,4,110630
10323,0,210064
10323,1,210008
10323,4,210065
10324,0,210110
10324,1,210083
10324,2,510003
10324,4,210089
10325,0,210111
10325,1,210083
10325,2,510003
10325,4,210089
10326,0,210112
10326,1,210083
10326,2,510003
10326,4,210089
10327,0,210113
10327,1,210083
10327,2,510003
10327,4,210089
10328,0,210114
10328,1,210083
10328,2,510003
10328,4,210089
10329,0,110110
10329,1,210089
10329,2,510001
10330,0,110110
10330,1,210089
10330,2,510001
10330,4,210089
10331,0,110240
10331,1,210088
10331,2,510001
10331,3,210091
10331,4,110240
10332,0,110250
10332,1,210088
10332,2,510001
10332,3,210092
10332,4,110250
10333,0,110270
10333,1,210088
10333,2,510001
10333,3,210093
10333,4,110270
10334,0,110720
10334,1,210088
10334,2,510002
10334,4,110720
10335,0,110840
10335,1,210088
10335,2,510002
10335,4,110840
10401,0,210013
10402,0,210013
10403,0,210013
10404,0,210013
10405,0,210013
10406,0,210013
10407,0,210013
10408,0,120650
10408,1,220084
10408,4,120650
10409,0,120080
10409,1,220081
10409,4,120080
10410,0,120850
10410,1,220009
10410,4,220028
10411,0,220030
10411,1,220029
10411,4,120650
10412,0,220051
10412,1,220009
10412,4,220099
10413,0,120760
10413,1,220010
10413,4,220036
10414,0,120150
10414,1,220010
10414,4,220033
10415,0,120090
10415,1,220081
10415,4,120090
10416,0,120140
10416,1,220010
10416,4,220031
10417,0,220034
10417,1,220033
10417,4,220023
10418,0,220062
10418,1,220010
10418,4,220034
10419,0,220023
10419,1,220010
10419,4,120760
10420,0,120660
10420,1,220084
10420,4,220014
10421,0,120850
10421,1,120850
10421,4,120850
10422,0,120170
10422,1,220002
10422,4,220037
10423,0,120190
10423,1,220081
10423,4,220039
10424,0,120080
10424,1,120090
10424,2,510001
10424,4,220081
10425,0,220038
10425,1,220003
10425,4,120090
10426,0,220017
10426,1,220003
10426,4,220016
10427,0,120300
10427,1,220084
10427,4,220032
10428,0,120610
10428,1,220084
10428,4,220018
10429,0,120600
10429,1,220084
10429,4,220017
10430,0,120470
10430,1,220081
10430,4,220041
10431,0,220024
10431,1,220005
10431,4,220025
10432,0,220038
10432,1,220021
10433,0,220101
10433,1,220089
10434,0,121340
10434,1,220004
10434,4,121340
10501,0,210013
10502,0,210013
10503,0,210013
10504,0,210013
10505,0,210013
10506,0,120650
10506,1,120650
10506,2,510001
10506,4,220084
10507,0,220070
10507,1,220009
10507,4,220025
10508,0,120010
10508,1,220081
10508,4,120010
10509,0,120160
10509,1,220010
10509,4,220034
10510,0,120790
10510,1,220081
10510,4,120790
10511,0,120680
10511,1,220081
10511,4,120680
10512,0,120150
10512,1,120150
10512,2,520006
10513,0,220070
10513,1,220010
10513,4,220017
10514,0,120670
10514,1,220084
10514,4,220044
10515,0,120030
10515,1,220081
10516,0,120610
10516,1,120610
10516,4,220044
10517,0,220044
10517,1,220011
10517,4,120660
10518,0,220053
10518,1,220011
10518,4,120670
10519,0,220044
10519,1,220011
10520,0,120450
10520,1,220081
10520,4,220021
10521,0,120180
10521,1,220081
10521,4,120180
10522,0,120660
10522,1,220084
10522,4,220035
10523,0,220064
10523,1,220012
10523,4,120180
10524,0,120370
10524,1,220081
10524,4,120370
10525,0,120790
10525,1,120790
10525,2,510001
10525,4,220081
10526,0,120560
10526,1,220081
10526,4,220020
10527,0,120170
10527,1,120170
10527,2,520006
10528,0,120010
10528,1,220081
10528,4,120010
10529,0,120140
10529,1,120140
10529,2,520006
10530,0,120220
10530,1,220084
10530,2,520008
10530,4,220043
10531,0,120100
10531,1,220081
10531,4,120100
10532,0,120100
10532,1,220081
10533,0,120160
10533,1,120160
10533,2,520006
10534,0,220026
10534,1,220071
10534,4,220027
10535,0,120360
10535,1,220081
10535,4,120360
10536,0,120620
10536,1,220084
10536,4,220064
10537,0,120200
10537,1,220081
10537,4,120200
10538,0,220036
10538,1,220089
10538,4,220098
10539,0,220102
10539,1,220081
10539,2,510003
10539,4,220070
10540,0,220103
10540,1,220081
10540,2,510003
10540,4,220070
10541,0,220104
10541,1,220081
10541,2,510003
10542,0,220105
10542,1,220084
10542,2,510003
10543,0,121210
10543,1,220084
10543,4,121210
10544,0,121440
10544,1,220081
10544,4,121440
10545,0,121040
10545,1,220081
10545,4,121040
10546,0,121700
10546,1,220007
10546,4,121700
10601,0,120810
10601,1,220082
10601,4,120810
10602,0,120320
10602,1,220082
10602,4,120320
10603,0,120020
10603,1,220082
10603,4,120020
10604,0,120710
10604,1,220082
10604,2,520017
10605,0,120690
10605,1,220010
10605,4,120690
10606,0,120820
10606,1,220082
10606,4,120820
10607,0,120710
10607,1,220082
10607,4,120710
10608,0,120830
10608,1,220085
10608,4,220022
10609,0,120570
10609,1,220082
10609,4,120570
10610,0,220095
10610,1,220082
10610,4,220095
10611,0,220070
10611,1,220011
10611,4,220044
10612,0,120490
10612,1,220082
10612,4,220042
10613,0,120800
10613,1,220082
10613,4,120800
10614,0,220070
10614,1,220012
10614,4,220023
10615,0,120690
10615,1,220001
10615,4,120760
10616,0,120020
10616,1,120010
10616,2,510001
10616,3,520019
10617,0,120800
10617,1,220082
10617,4,120800
10618,0,120230
10618,1,220085
10618,4,120230
10619,0,120810
10619,1,220082
10619,4,120810
10620,0,120020
10620,1,220082
10620,4,120140
10621,0,120230
10621,1,220085
10621,4,120230
10622,0,120830
10622,1,220085
10622,4,120830
10623,0,120220
10623,1,220085
10623,2,520103
10623,3,510001
10623,4,120220
10624,0,120820
10624,1,220082
10624,4,120820
10625,0,120550
10625,1,220082
10625,4,120550
10626,0,120460
10626,1,220082
10626,4,120460
10627,0,220030
10627,1,220006
10627,4,120430
10628,0,120550
10628,1,220082
10628,4,120550
10629,0,220063
10629,1,220007
10629,4,220040
10630,0,120490
10630,1,220082
10630,4,120490
10631,0,220064
10631,1,220008
10631,2,520101
10631,4,220085
10632,0,120360
10632,1,120360
10632,2,510001
10632,4,220082
10633,0,220106
10633,1,220082
10633,2,510004
10633,4,220070
10634,0,220107
10634,1,220082
10634,2,510004
10634,4,220070
10635,0,220108
10635,1,220085
10635,2,510004
10635,4,220070
10636,0,220109
10636,1,220082
10636,2,510004
10636,4,220070
10637,0,220110
10637,1,220082
10637,2,510004
10637,4,220070
10638,0,220111
10638,1,220082
10638,2,510004
10638,4,220070
10639,0,220112
10639,1,220082
10639,2,510004
10639,4,220070
10640,0,220113
10640,1,220085
10640,2,510004
10641,0,120110
10641,1,220090
10641,2,510002
10642,0,120110
10642,1,220090
10642,2,510002
10642,4,220090
10643,0,120110
10643,1,220090
10643,2,510002
10644,0,190090
10644,1,221013
10644,2,521001
10644,4,521018
10645,0,190650
10645,1,221008
10645,2,521001
10645,4,521013
10646,0,190010
10646,1,221007
10646,2,521001
10646,4,521014
10647,0,190670
10647,1,221012
10647,2,521001
10647,4,521011
10648,0,190660
10648,1,221001
10648,2,521001
10648,4,521007
10649,0,190660
10649,1,221001
10649,2,521002
10649,3,520104
10649,4,521007
10650,0,220064
10650,1,220090
10650,4,190450
10651,0,190790
10651,1,221015
10651,2,521001
10651,4,521015
10652,0,190370
10652,1,221002
10652,2,521001
10652,4,521008
10653,0,190560
10653,1,221009
10653,2,521001
10653,4,521013
10654,0,190180
10654,1,221007
10654,2,521001
10654,4,521019
10655,0,190220
10655,1,221012
10655,2,521001
10655,3,520007
10655,4,521011
10656,0,190100
10656,1,221010
10656,2,521001
10656,4,521020
10657,0,190190
10657,1,221003
10657,2,521001
10657,3,520007
10657,4,521009
10658,0,190470
10658,1,221008
10658,2,521001
10658,4,521013
10659,0,190080
10659,1,221004
10659,2,521001
10659,4,521016
10660,0,190030
10660,1,221011
10660,2,521001
10660,4,521017
10661,0,190200
10661,1,221003
10661,2,521001
10661,3,520007
10661,4,521009
10662,0,190680
10662,1,221016
10662,2,521001
10662,4,521012
10663,0,190450
10663,1,221006
10663,2,521001
10663,4,521020
10664,0,190360
10664,1,221005
10664,2,521001
10664,3,520010
10664,4,521010
10665,0,220114
10665,1,221003
10665,2,521002
10665,4,521022
10670,0,121420
10670,1,220082
10670,4,121420
10671,0,121050
10671,1,220082
10671,4,121050
10701,0,120720
10701,1,220090
10701,2,520001
10701,4,120720
10702,0,120810
10702,1,120010
10702,2,520001
10702,4,220082
10703,0,120820
10703,1,120790
10703,2,520001
10703,4,220082
10704,0,120830
10704,1,120670
10704,2,520001
10704,4,220070
10705,0,120630
10705,1,220082
10706,0,120770
10706,1,220082
10706,4,120770
10707,0,120800
10707,1,120450
10707,2,520001
10707,4,220082
10708,0,120570
10708,1,120320
10708,2,520001
10708,4,220082
10709,0,120230
10709,1,220085
10709,2,520105
10709,3,520001
10709,4,120230
10710,0,120770
10710,1,220082
10710,4,120770
10711,0,120570
10711,1,120570
10711,2,520001
10712,0,120630
10712,1,220082
10712,4,120630
10713,0,220095
10713,1,120230
10713,2,520002
10714,0,120180
10714,1,120320
10714,2,520001
10715,0,120800
10715,1,120820
10715,2,520001
10716,0,120810
10716,1,120830
10716,2,520001
10717,0,220115
10717,1,220090
10717,2,520002
10718,0,220116
10718,1,220083
10718,2,520002
10719,0,220117
10719,1,220083
10719,2,520002
10720,0,220118
10720,1,220083
10720,2,520002
10721,0,220119
10721,1,220083
10721,2,520002
10722,0,120840
10722,1,220096
10722,2,520002
10723,0,190710
10723,1,221031
10723,2,521003
10723,4,521040
10724,0,190320
10724,1,221017
10724,2,521003
10724,3,520013
10724,4,521023
10725,0,190770
10725,1,221019
10725,2,521003
10725,4,521024
10726,0,190020
10726,1,221007
10726,2,521003
10726,4,521025
10727,0,190690
10727,1,221025
10727,2,521003
10727,4,521027
10728,0,190800
10728,1,221021
10728,2,521003
10728,4,521029
10729,0,190810
10729,1,221028
10729,2,521003
10729,4,521032
10730,0,190020
10730,1,190010
10730,2,521004
10730,3,520012
10730,4,521041
10731,0,190830
10731,1,221026
10731,2,521003
10731,4,521030
10732,0,190460
10732,1,221027
10732,2,521003
10732,4,521032
10733,0,190820
10733,1,221024
10733,2,521003
10733,4,521028
10734,0,190550
10734,1,221020
10734,2,521003
10734,4,521031
10735,0,190570
10735,1,221029
10735,2,521003
10735,3,520015
10735,4,521033
10736,0,190090
10736,1,221013
10736,2,521004
10736,3,520106
10736,4,521018
10737,0,190630
10737,1,221032
10737,2,521003
10737,3,520016
10737,4,521034
10738,0,190490
10738,1,221022
10738,2,521003
10738,4,521026
10739,0,220120
10739,1,221017
10739,2,521004
10739,4,521023
10740,0,220121
10740,1,221018
10740,2,521005
10740,3,520021
10740,4,521035
10741,0,220122
10741,1,221007
10741,2,521005
10741,3,520022
10741,4,521041
10742,0,220123
10742,1,221029
10742,2,521005
10742,4,521039
10743,0,220124
10743,1,221019
10743,2,521004
10743,4,521042
10744,0,220125
10744,1,221019
10744,2,521004
10744,3,520022
10744,4,521043
10745,0,220126
10745,1,221007
10745,2,521005
10745,4,521044
10746,0,220127
10746,1,221017
10746,2,521005
10746,4,521036
10747,0,220128
10747,1,221019
10747,2,521005
10747,4,521038
10748,0,220129
10748,1,221024
10748,2,521005
10748,4,521037
10749,0,220130
10749,1,221018
10749,2,521005
10749,4,521045
10750,0,120022
10750,1,220083
10750,4,120022
10751,0,120012
10751,1,220083
10751,4,120012
10752,0,120022
10752,1,120012
10752,2,520002
10752,3,520020
10752,4,220083
10753,0,120235
10753,1,220090
10753,2,520003
10753,4,120235
10754,0,120235
10754,1,120235
10754,2,520003
10755,0,120435
10755,1,220083
10755,2,520003
10755,3,520021
10756,0,120240
10756,1,220088
10756,2,520003
10756,3,220091
10756,4,120240
10757,0,120240
10757,1,220088
10757,2,520003
10757,3,220091
10757,4,120240
10758,0,120250
10758,1,220088
10758,2,520003
10758,3,220092
10758,4,120250
10759,0,120250
10759,1,220088
10759,2,520003
10759,3,220092
10759,4,120250
10760,0,120270
10760,1,220088
10760,2,520003
10760,3,220093
10760,4,120270
10761,0,120270
10761,1,220088
10761,2,520003
10761,3,220093
10761,4,120270
10762,0,120330
10762,1,220097
10762,2,520003
10762,4,120330
10763,0,120380
10763,1,220097
10763,2,520003
10763,4,120380
10764,0,120580
10764,1,220088
10764,2,520003
10764,4,120580
10765,0,120500
10765,1,220088
10765,2,520003
10765,4,120500
10768,0,121070
10768,1,220082
10770,0,190430
10770,1,221030
10770,2,521005
10770,3,520004
10770,4,521050
10771,0,190230
10771,1,221029
10771,2,521005
10771,3,520004
10771,4,521033
10772,0,190022
10772,1,221023
10772,2,521005
10772,3,520003
10772,4,521046
10773,0,190012
10773,1,221023
10773,2,521005
10773,3,520003
10773,4,521047
10774,0,190022
10774,1,190012
10774,2,521006
10774,3,520004
10774,4,521049
11101,0,210013
11102,0,210013
11103,0,130760
11103,1,130760
11103,2,530005
11103,3,530037
11103,4,230048
11104,0,130600
11104,1,230084
11104,2,530031
11104,4,230049
11105,0,131340
11105,1,130300
11105,2,520002
11105,3,530037
11105,4,230032
11106,0,130080
11106,1,230081
11106,2,530031
11106,4,230039
11107,0,130650
11107,1,230084
11107,2,530031
11107,4,230023
11108,0,130610
11108,1,230084
11108,2,530031
11108,4,130610
11109,0,130090
11109,1,230081
11109,2,530031
11109,4,230094
11110,0,130660
11110,1,230084
11110,2,530058
11110,3,530031
11110,4,230028
11111,0,130170
11111,1,130190
11111,2,530005
11111,3,530037
11111,4,230002
11112,0,230056
11112,1,230008
11112,4,130170
11113,0,130190
11113,1,230081
11113,2,530031
11113,4,130190
11114,0,230046
11114,1,230009
11114,4,130850
11116,0,130470
11116,1,230081
11116,2,530031
11116,4,130470
11117,0,210013
11118,0,210013
11119,0,210013
11120,0,210013
11121,0,210013
11122,0,210013
11123,0,210013
11124,0,130090
11124,1,230081
11124,2,530031
11124,4,230025
11125,0,130600
11125,1,130600
11125,2,530005
11125,3,530037
11125,4,230084
11126,0,230051
11126,1,230009
11126,4,130090
11127,0,130650
11127,1,130650
11127,2,530005
11127,3,530037
11127,4,230084
11128,0,130660
11128,1,230084
11128,2,530031
11128,4,230021
11129,0,130080
11129,1,230081
11129,2,530031
11129,4,230016
11130,0,130470
11130,1,130470
11130,2,530005
11130,3,530037
11130,4,230041
11201,0,210013
11202,0,130620
11202,1,230084
11202,2,530032
11202,4,130620
11203,0,131210
11203,1,230154
11203,2,530032
11203,4,230071
11204,0,131440
11204,1,230156
11204,2,530032
11205,0,131040
11205,1,230151
11205,2,530032
11205,4,131040
11206,0,130790
11206,1,230081
11206,2,530032
11206,4,130790
11207,0,130670
11207,1,230084
11207,2,530032
11207,4,230172
11208,0,130030
11208,1,230081
11208,2,530032
11208,4,230018
11209,0,131700
11209,1,230157
11209,2,530032
11209,4,131700
11210,0,130010
11210,1,230081
11210,2,530032
11210,4,230038
11211,0,130560
11211,1,230084
11211,2,530032
11211,4,130560
11212,0,130100
11212,1,230081
11212,2,530032
11212,4,230033
11213,0,130220
11213,1,230084
11213,2,530032
11213,4,130220
11214,0,130200
11214,1,230081
11214,2,530032
11214,4,130200
11215,0,130680
11215,1,230081
11215,2,530032
11215,4,130680
11216,0,130370
11216,1,230081
11216,2,530032
11216,4,130370
11217,0,230034
11217,1,230007
11217,4,230070
11218,0,230047
11218,1,230014
11218,4,130370
11219,0,230072
11219,1,230014
11219,4,230031
11220,0,210013
11221,0,210013
11222,0,210013
11223,0,210013
11224,0,130620
11224,1,230084
11224,2,530032
11224,4,230024
11225,0,230073
11225,1,230009
11225,4,130200
11226,0,130010
11226,1,230081
11226,2,530032
11226,4,230030
11227,0,230044
11227,1,230013
11227,4,230070
11228,0,230057
11228,1,230013
11228,4,130610
11229,0,130620
11229,1,130850
11229,2,520004
11229,3,530038
11229,4,230070
11230,0,131440
11230,1,230156
11230,2,530032
11230,4,131440
11231,0,130560
11231,1,230084
11231,2,530032
11231,4,230037
11232,0,130220
11232,1,130220
11232,2,520004
11232,3,530038
11232,4,230043
11233,0,130100
11233,1,230081
11233,2,530032
11233,4,230029
11234,0,130370
11234,1,230081
11234,2,530032
11234,4,130370
11235,0,130790
11235,1,230081
11235,2,530032
11235,4,230019
11236,0,130030
11236,1,230081
11236,2,530032
11236,4,230027
11237,0,130680
11237,1,230081
11237,2,530032
11237,4,230040
11238,0,131210
11238,1,131210
11238,2,530055
11238,3,530038
11238,4,230084
11239,0,131040
11239,1,230151
11239,2,530032
11239,4,230035
11240,0,230064
11240,1,230012
11240,4,131040
11241,0,230101
11241,1,230089
11241,2,530006
11241,3,530039
11241,4,230089
11242,0,180190
11242,1,231002
11242,2,531001
11242,3,530039
11242,4,531008
11243,0,180080
11243,1,231006
11243,2,531001
11243,3,530039
11243,4,531012
11244,0,180650
11244,1,231004
11244,2,531001
11244,3,530063
11244,4,531010
11245,0,180660
11245,1,231001
11245,2,531001
11245,3,530039
11245,4,531007
11246,0,180470
11246,1,231004
11246,2,531001
11246,3,530039
11246,4,531010
11247,0,180090
11247,1,231008
11247,2,531001
11247,3,530039
11247,4,531014
11248,0,130010
11248,1,230081
11248,2,530032
11248,4,130010
11249,0,130360
11249,1,230081
11249,2,530032
11249,4,130360
11250,0,130200
11250,1,230081
11250,2,530032
11250,4,130200
11302,0,130180
11302,1,230082
11302,2,530033
11302,4,130180
11303,0,130450
11303,1,230082
11303,2,530061
11303,3,530033
11303,4,130450
11304,0,131420
11304,1,230155
11304,2,530033
11304,4,131420
11305,0,130690
11305,1,230001
11305,2,530033
11305,4,130690
11306,0,130020
11306,1,130010
11306,2,530006
11306,3,530040
11306,4,230082
11307,0,130460
11307,1,230082
11307,2,530033
11307,4,130460
11308,0,130570
11308,1,230082
11308,2,530033
11308,4,230047
11309,0,131050
11309,1,230152
11309,2,530033
11309,4,131050
11310,0,130820
11310,1,230082
11310,2,530033
11310,4,130820
11311,0,130810
11311,1,230082
11311,2,530033
11311,4,130810
11312,0,130830
11312,1,230085
11312,2,530033
11312,4,130830
11313,0,130800
11313,1,230082
11313,2,530033
11313,4,130800
11314,0,130710
11314,1,230082
11314,2,530033
11314,4,130710
11316,0,130110
11316,1,230089
11316,2,520004
11316,3,530033
11317,0,130110
11317,1,230089
11317,2,520004
11317,3,530033
11317,4,230090
11318,0,130110
11318,1,230089
11318,2,520004
11318,3,530033
11319,0,131120
11319,1,230087
11319,2,530102
11319,3,230099
11325,0,181210
11325,1,231011
11325,2,531003
11325,3,530041
11325,4,531017
11327,0,181440
11327,1,231017
11327,2,531003
11327,3,530041
11327,4,531023
11328,0,181040
11328,1,231013
11328,2,531003
11328,3,530041
11328,4,531019
11329,0,180790
11329,1,231010
11329,2,531003
11329,3,530060
11329,4,531016
11330,0,180670
11330,1,231005
11330,2,531003
11330,3,530041
11330,4,531011
11331,0,180030
11331,1,231007
11331,2,531003
11331,3,530041
11331,4,531013
11332,0,181700
11332,1,231037
11332,2,531003
11332,3,530041
11332,4,531051
11333,0,180010
11333,1,231013
11333,2,531003
11333,3,530041
11333,4,531019
11334,0,180560
11334,1,231012
11334,2,531003
11334,3,530041
11334,4,531018
11335,0,180100
11335,1,231009
11335,2,531003
11335,3,530041
11335,4,531015
11336,0,180220
11336,1,231005
11336,2,531003
11336,3,530041
11336,4,531011
11337,0,180360
11337,1,231016
11337,2,531003
11337,3,530041
11337,4,531022
11338,0,180200
11338,1,231017
11338,2,531003
11338,3,530041
11338,4,531023
11339,0,180680
11339,1,231003
11339,2,531003
11339,3,530041
11339,4,531009
11340,0,180370
11340,1,231015
11340,2,531003
11340,3,530041
11340,4,531021
11343,0,210013
11344,0,130460
11344,1,230082
11344,2,530033
11344,4,130460
11345,0,130710
11345,1,230082
11345,2,530033
11345,4,130710
11346,0,130690
11346,1,230014
11346,2,530033
11346,4,130760
11347,0,130180
11347,1,130180
11347,2,530006
11347,3,530040
11347,4,230082
11348,0,131700
11348,1,130790
11348,2,520004
11348,3,530040
11348,4,230007
11349,0,131050
11349,1,230152
11349,2,530101
11349,3,530040
11349,4,230036
11350,0,130800
11350,1,230082
11350,2,530033
11350,4,230042
11351,0,230065
11351,1,230015
11351,4,130450
11352,0,130010
11352,1,130800
11352,2,520004
11352,3,530040
11352,4,230082
11353,0,131420
11353,1,230155
11353,2,530033
11353,4,131420
11354,0,130830
11354,1,230085
11354,2,530033
11354,4,130830
11355,0,130570
11355,1,230082
11355,2,530033
11355,4,130570
11356,0,130820
11356,1,230082
11356,2,530033
11356,4,130820
11357,0,130020
11357,1,230082
11357,2,530033
11357,4,130020
11358,0,130810
11358,1,230082
11358,2,530033
11358,4,230026
11359,0,130360
11359,1,130020
11359,2,520004
11359,3,530040
11359,4,230082
11360,0,230102
11360,1,230089
11360,2,520004
11360,3,530040
11360,4,230070
11361,0,230103
11361,1,230082
11361,2,530007
11361,3,530041
11361,4,230070
11363,0,230104
11363,1,230089
11363,2,520004
11363,3,530041
11363,4,230070
11365,0,230105
11365,1,230085
11365,2,520004
11365,3,530064
11365,4,230089
11366,0,230106
11366,1,231039
11366,2,531004
11366,3,530056
11366,4,531045
11367,0,180650
11367,1,181700
11367,2,531004
11367,3,530041
11367,4,531044
11401,0,131860
11401,1,230158
11401,2,530075
11401,3,230100
11402,0,130490
11402,1,230082
11402,2,530010
11402,3,530034
11402,4,130490
11403,0,130770
11403,1,230082
11403,2,530010
11403,3,530034
11403,4,130770
11404,0,130550
11404,1,230082
11404,2,530010
11404,3,530034
11404,4,130550
11405,0,130320
11405,1,230082
11405,2,530010
11405,3,530034
11405,4,130320
11406,0,131070
11406,1,230153
11406,2,530010
11406,3,530034
11406,4,230171
11407,0,130630
11407,1,230082
11407,2,530010
11407,3,530034
11407,4,130630
11408,0,130720
11408,1,230090
11408,2,530002
11408,3,530034
11408,4,130720
11409,0,130230
11409,1,230085
11409,2,530010
11409,3,530034
11409,4,130230
11410,0,130430
11410,1,230082
11410,2,530010
11410,3,530034
11410,4,130430
11411,0,130715
11411,1,230090
11411,2,530004
11411,3,530034
11411,4,130715
11412,0,130240
11412,1,230088
11412,2,530072
11412,3,230091
11412,4,130240
11413,0,130240
11413,1,230088
11413,2,530072
11413,3,230091
11413,4,130240
11414,0,130250
11414,1,230088
11414,2,530072
11414,3,230092
11414,4,130250
11415,0,130250
11415,1,230088
11415,2,530072
11415,3,230092
11415,4,130250
11416,0,130270
11416,1,230088
11416,2,530072
11416,3,230093
11416,4,130270
11417,0,130270
11417,1,230088
11417,2,530072
11417,3,230093
11417,4,130270
11418,0,130022
11418,1,230083
11418,2,530003
11418,3,530034
11418,4,130022
11419,0,130012
11419,1,230083
11419,2,530003
11419,3,530034
11419,4,130012
11420,0,130235
11420,1,230086
11420,2,530004
11420,3,530034
11420,4,130235
11421,0,130435
11421,1,230083
11421,2,530004
11421,3,530034
11421,4,130435
11422,0,130635
11422,1,230083
11422,2,530004
11422,3,530034
11422,4,130635
11423,0,130330
11423,1,230097
11423,2,530008
11423,3,530034
11423,4,130330
11424,0,130380
11424,1,230097
11424,2,530008
11424,3,530034
11424,4,130380
11425,0,130580
11425,1,230098
11425,2,530008
11425,3,530034
11425,4,130580
11431,0,130840
11431,1,230096
11431,2,530008
11431,3,530034
11431,4,130840
11432,0,131870
11432,1,230090
11432,2,530002
11432,3,530034
11433,0,181420
11433,1,231030
11433,2,531005
11433,3,530044
11433,4,531038
11434,0,180690
11434,1,231019
11434,2,531005
11434,3,530044
11434,4,531025
11435,0,180020
11435,1,231038
11435,2,531005
11435,3,530044
11435,4,531019
11436,0,180460
11436,1,231026
11436,2,531005
11436,3,530057
11436,4,531032
11438,0,181050
11438,1,231028
11438,2,531005
11438,3,530044
11438,4,531034
11439,0,180820
11439,1,231029
11439,2,531005
11439,3,530044
11439,4,531035
11440,0,180810
11440,1,231032
11440,2,531005
11440,3,530044
11440,4,531038
11441,0,180830
11441,1,231030
11441,2,531005
11441,3,530044
11441,4,531036
11442,0,180800
11442,1,231031
11442,2,531005
11442,3,530044
11442,4,531037
11443,0,180490
11443,1,231018
11443,2,531005
11443,3,530044
11443,4,531024
11444,0,180710
11444,1,231033
11444,2,531005
11444,3,530044
11444,4,531039
11445,0,180770
11445,1,231027
11445,2,531005
11445,3,530044
11445,4,531033
11446,0,180550
11446,1,231022
11446,2,531005
11446,3,530044
11446,4,531028
11447,0,180320
11447,1,231020
11447,2,531005
11447,3,530044
11447,4,531026
11448,0,181070
11448,1,231021
11448,2,531005
11448,3,530044
11448,4,531027
11449,0,180630
11449,1,231024
11449,2,531005
11449,3,530057
11449,4,531030
11450,0,230116
11450,1,230090
11450,2,531006
11450,3,530046
11454,0,131130
11454,1,230088
11454,2,530074
11454,3,230076
11455,0,130500
11455,1,230088
11455,2,530009
11455,3,530034
11455,4,130500
11456,0,131131
11456,1,230088
11456,2,530074
11456,3,230077
11457,0,131132
11457,1,230088
11457,2,530074
11457,3,230078
11458,0,131860
11458,1,230158
11458,2,530075
11458,3,230100
11458,4,131860
11459,0,131860
11459,1,230158
11459,2,530075
11459,3,230100
11459,4,131860
11460,0,131860
11460,1,230158
11460,2,530075
11460,3,230100
11460,4,131860
11461,0,130430
11461,1,230082
11461,2,530010
11461,3,530034
11461,4,130430
11462,0,130320
11462,1,230082
11462,2,530010
11462,3,530034
11462,4,130320
11463,0,130770
11463,1,230082
11463,2,530010
11463,3,530034
11463,4,130770
11464,0,131070
11464,1,230153
11464,2,530010
11464,3,530034
11464,4,131070
11465,0,130230
11465,1,230085
11465,2,530010
11465,3,530034
11465,4,130230
11466,0,130630
11466,1,230082
11466,2,530010
11466,3,530034
11466,4,130630
11467,0,130800
11467,1,131050
11467,2,530002
11467,3,530043
11467,4,230082
11468,0,130490
11468,1,130550
11468,2,530002
11468,3,530043
11468,4,230082
11469,0,130230
11469,1,130430
11469,2,530002
11469,3,530051
11469,4,230090
11470,0,230109
11470,1,230082
11470,2,530002
11470,3,530043
11470,4,230070
11471,0,230110
11471,1,230082
11471,2,530002
11471,3,530043
11471,4,230070
11472,0,180430
11472,1,231034
11472,2,531005
11472,3,530044
11472,4,531040
11473,0,180022
11473,1,180012
11473,2,531006
11473,3,530045
11473,4,531043
11474,0,180230
11474,1,231023
11474,2,531005
11474,3,530044
11474,4,531029
11475,0,180450
11475,1,231014
11475,2,531005
11475,3,530044
11475,4,531020
11476,0,180012
11476,1,231036
11476,2,531005
11476,3,530044
11476,4,531042
11477,0,180022
11477,1,231035
11477,2,531005
11477,3,530044
11477,4,531041
11478,0,180570
11478,1,231023
11478,2,531005
11478,3,530057
11478,4,531029
11479,0,230114
11479,1,231030
11479,2,531006
11479,3,530045
11479,4,531050
11480,0,230115
11480,1,230090
11480,2,530003
11480,3,530046
11480,4,230090
11481,0,130022
11481,1,130012
11481,2,530004
11481,3,530043
11481,4,230083
11482,0,130715
11482,1,230090
11482,2,530062
11482,3,530071
11482,4,130715
11483,0,180180
11483,1,231025
11483,2,531005
11483,3,530044
11483,4,531031
11484,0,230107
11484,1,230082
11484,2,530002
11484,3,530044
11484,4,230070
11485,0,230108
11485,1,230082
11485,2,530002
11485,3,530044
11485,4,230070
11486,0,180020
11486,1,180010
11486,2,531006
11486,3,530045
11486,4,531019
11487,0,181050
11487,1,181700
11487,2,531006
11487,3,530045
11487,4,531046
11488,0,230111
11488,1,231032
11488,2,531006
11488,3,530045
11488,4,531047
11489,0,230112
11489,1,231031
11489,2,531006
11489,3,530045
11489,4,531048
11490,0,230113
11490,1,231029
11490,2,531006
11490,3,530045
11490,4,531049
20001,0,310001
20001,2,310101
20001,3,310201
20002,0,310002
20002,2,310102
20002,3,310202
20003,0,310003
20003,2,310103
20003,3,310203
20004,0,310004
20004,2,310104
20004,3,310204
20005,0,310005
20005,2,310105
20005,3,310205
20006,0,310006
20006,2,310106
20006,3,310206
20007,0,310007
20007,2,310107
20007,3,310207
20008,0,310008
20008,2,310108
20008,3,310208
20009,0,310009
20009,2,310109
20009,3,310209
20010,0,310010
20010,2,310110
20010,3,310210
20011,0,310011
20011,2,310111
20011,3,310211
30101,0,300000
30102,0,300000
30103,0,300000
30104,0,300000
30105,0,300000
30106,0,300000
30107,0,300000
30201,0,300000
30202,0,300000
30203,0,300000
30204,0,300000
30205,0,300000
30206,0,300000
30207,0,300000
30208,0,300000
30209,0,300000
30210,0,300000
30211,0,300000
30212,0,300000
30213,0,300000
30214,0,300000
30215,0,300000
30216,0,300000
30217,0,300000
30218,0,300000
30219,0,300000
30220,0,300000
30221,0,300000
30222,0,300000
30223,0,300000
30224,0,300000
30225,0,300000
30226,0,300000
30227,0,300000
30228,0,300000
30229,0,300000
30230,0,300000
30231,0,300000
30232,0,300000
30233,0,300000
30234,0,300000
30235,0,300000
30236,0,300000
30237,0,300000
30238,0,300000
30239,0,300000
30240,0,300000
30241,0,300000
30242,0,300000
30243,0,300000
30244,0,300000
30245,0,300000
30246,0,300000
30247,0,300000
30248,0,300000
30249,0,300000
30250,0,300000
30251,0,300000
30252,0,300000
30253,0,300000
30254,0,300000
30255,0,300000
30256,0,300000
30257,0,300000
30258,0,300000
30259,0,300000
30260,0,300000
30261,0,300000
30262,0,300000
30263,0,300000
30264,0,300000
30265,0,300000
30266,0,300000
30267,0,300000
30268,0,300000
30269,0,300000
30270,0,300000
30271,0,300000
30272,0,300000
30273,0,300000
30274,0,300000
30275,0,300000
30276,0,300000
30277,0,300000
30278,0,300000
30279,0,300000
30280,0,300000
30281,0,300000
30282,0,300000
30283,0,300000
30284,0,300000
30285,0,300000
30286,0,300000
30287,0,300000
30288,0,300000
30289,0,300000
30290,0,300000
30291,0,300000
30292,0,300000
30293,0,300000
30294,0,300000
30295,0,300000
30296,0,300000
30297,0,300000
30298,0,300000
40101,0,110604
40101,1,222031
40101,2,522001
40102,0,110604
40102,1,222031
40102,2,522002
40102,4,110600
40103,0,110604
40103,1,222031
40103,2,522003
40104,0,120604
40104,1,222033
40104,2,522004
40104,4,120470
40105,0,120604
40105,1,222033
40105,2,522005
40105,4,120790
40106,0,222001
40106,1,222035
40106,2,522006
40106,3,522201
40107,0,222001
40107,1,222035
40107,2,522007
40107,4,120100
40108,0,222001
40108,1,222035
40108,2,522008
40108,4,120570
40109,0,222002
40109,1,222037
40109,2,522009
40109,3,522202
40109,4,120435
40110,0,222002
40110,1,222037
40110,2,522010
40110,3,522203
40111,0,130604
40111,1,232042
40111,2,532006
40111,4,130604
40112,0,130604
40112,1,232042
40112,2,532007
40112,4,130604
40113,0,232001
40113,1,232044
40113,2,532008
40113,4,181210
40114,0,232001
40114,1,232044
40114,2,532009
40114,3,532202
40115,0,232001
40115,1,232044
40115,2,532010
40115,3,532203
40116,0,232002
40116,1,232046
40116,2,532011
40116,3,532204
40201,0,110614
40201,1,222031
40201,2,522011
40202,0,110614
40202,1,222031
40202,2,522012
40202,4,110610
40203,0,110614
40203,1,222031
40203,2,522013
40204,0,120614
40204,1,222033
40204,2,522014
40204,4,120670
40205,0,120614
40205,1,222033
40205,2,522015
40205,4,120300
40206,0,222003
40206,1,222035
40206,2,522016
40206,3,522204
40207,0,222003
40207,1,222035
40207,2,522017
40207,4,120030
40208,0,222003
40208,1,222035
40208,2,522018
40208,4,120220
40209,0,222004
40209,1,222037
40209,2,522019
40209,3,522205
40209,4,120320
40210,0,222004
40210,1,222037
40210,2,522020
40210,3,522206
40210,4,120830
40211,0,130614
40211,1,232042
40211,2,532016
40211,4,130614
40212,0,130614
40212,1,232042
40212,2,532017
40212,4,130614
40213,0,232003
40213,1,232044
40213,2,532018
40213,4,131420
40214,0,232003
40214,1,232044
40214,2,532019
40214,3,532205
40215,0,232003
40215,1,232044
40215,2,532020
40215,3,532206
40216,0,232004
40216,1,232046
40216,2,532021
40216,3,532207
40301,0,110194
40301,1,222030
40301,2,522021
40302,0,110194
40302,1,222030
40302,2,522022
40302,4,110150
40303,0,110194
40303,1,222030
40303,2,522023
40304,0,120194
40304,1,222032
40304,2,522024
40304,4,120170
40305,0,120194
40305,1,222032
40305,2,522025
40305,4,120190
40306,0,222005
40306,1,222034
40306,2,522026
40306,3,522207
40307,0,222005
40307,1,222034
40307,2,522027
40307,4,120460
40308,0,222005
40308,1,222034
40308,2,522028
40308,4,120800
40309,0,222006
40309,1,222036
40309,2,522029
40309,3,522208
40310,0,222006
40310,1,222036
40310,2,522030
40310,3,522209
40310,4,120230
40311,0,130194
40311,1,232042
40311,2,532026
40311,4,130194
40312,0,130194
40312,1,232042
40312,2,532027
40312,4,130194
40313,0,232005
40313,1,232044
40313,2,532028
40313,4,130570
40314,0,232005
40314,1,232044
40314,2,532029
40314,3,532208
40315,0,232005
40315,1,232044
40315,2,532030
40315,3,532209
40316,0,232006
40316,1,232046
40316,2,532031
40316,3,532210
40401,0,110014
40401,1,222030
40401,2,522031
40402,0,110014
40402,1,222030
40402,2,522032
40402,4,110140
40403,0,110014
40403,1,222030
40403,2,522033
40403,4,110850
40404,0,120014
40404,1,222032
40404,2,522034
40405,0,120014
40405,1,222032
40405,2,522035
40405,4,120020
40406,0,222007
40406,1,222036
40406,2,522036
40406,3,522210
40407,0,222007
40407,1,222036
40407,2,522037
40407,4,120200
40408,0,222007
40408,1,222036
40408,2,522038
40408,4,120300
40409,0,222008
40409,1,222036
40409,2,522039
40409,3,522211
40410,0,222008
40410,1,222036
40410,2,522040
40410,3,522212
40410,4,120010
40411,0,130014
40411,1,232041
40411,2,532036
40411,4,130014
40412,0,130014
40412,1,232041
40412,2,532037
40412,4,130014
40413,0,232007
40413,1,232043
40413,2,532038
40414,0,232007
40414,1,232043
40414,2,532039
40414,3,532211
40414,4,130012
40415,0,232007
40415,1,232043
40415,2,532040
40415,3,532212
40416,0,232008
40416,1,232045
40416,2,532041
40416,3,532213
40501,0,120664
40501,1,222033
40501,2,522041
40502,0,120664
40502,1,222033
40502,2,522042
40503,0,120664
40503,1,222033
40503,2,522043
40504,0,120664
40504,1,222033
40504,2,522044
40504,4,120670
40505,0,222009
40505,1,222035
40505,2,522045
40505,4,120660
40506,0,222009
40506,1,222035
40506,2,522046
40506,3,522213
40507,0,222009
40507,1,222035
40507,2,522047
40507,4,120790
40508,0,222009
40508,1,222035
40508,2,522048
40508,4,120830
40509,0,222010
40509,1,222037
40509,2,522049
40509,3,522214
40509,4,120630
40510,0,222010
40510,1,222037
40510,2,522050
40510,3,522215
40511,0,130664
40511,1,232042
40511,2,532046
40511,4,130664
40512,0,130664
40512,1,232042
40512,2,532047
40512,4,130664
40513,0,232009
40513,1,232044
40513,2,532048
40513,4,131050
40514,0,232009
40514,1,232044
40514,2,532049
40514,3,532214
40515,0,232009
40515,1,232044
40515,2,532050
40515,3,532215
40516,0,232010
40516,1,232046
40516,2,532051
40516,3,532216
40601,0,120374
40601,1,222032
40601,2,522051
40602,0,120374
40602,1,222032
40602,2,522052
40602,4,120090
40603,0,120374
40603,1,222032
40603,2,522053
40604,0,120374
40604,1,222032
40604,2,522054
40604,4,120370
40605,0,222011
40605,1,222034
40605,2,522055
40605,4,120620
40606,0,222011
40606,1,222034
40606,2,522056
40606,3,522216
40607,0,222011
40607,1,222034
40607,2,522057
40608,0,222011
40608,1,222034
40608,2,522058
40608,4,120820
40609,0,222012
40609,1,222036
40609,2,522059
40609,3,522217
40609,4,120550
40610,0,222012
40610,1,222036
40610,2,522060
40610,3,522218
40611,0,130374
40611,1,232041
40611,2,532056
40611,4,130374
40612,0,130374
40612,1,232041
40612,2,532057
40612,4,130374
40613,0,232011
40613,1,232043
40613,2,532058
40613,4,130180
40614,0,232011
40614,1,232043
40614,2,532059
40614,3,532217
40615,0,232011
40615,1,232043
40615,2,532060
40615,3,532218
40616,0,232012
40616,1,232045
40616,2,532061
40616,3,532219
40701,0,120454
40701,1,222032
40701,2,522061
40702,0,120454
40702,1,222032
40702,2,522062
40702,4,120160
40703,0,120454
40703,1,222032
40703,2,522063
40704,0,120454
40704,1,222032
40704,2,522064
40704,4,120450
40705,0,222013
40705,1,222034
40705,2,522065
40705,4,120020
40706,0,222013
40706,1,222034
40706,2,522066
40706,3,522219
40707,0,222013
40707,1,222034
40707,2,522067
40707,4,120490
40708,0,222013
40708,1,222034
40708,2,522068
40708,4,120800
40709,0,222014
40709,1,222036
40709,2,522069
40709,3,522220
40709,4,120770
40710,0,222014
40710,1,222036
40710,2,522070
40710,3,522221
40711,0,130454
40711,1,232041
40711,2,532066
40711,4,130454
40712,0,130454
40712,1,232041
40712,2,532067
40712,4,130454
40713,0,232013
40713,1,232043
40713,2,532068
40713,4,180200
40714,0,232013
40714,1,232043
40714,2,532069
40714,3,532220
40715,0,232013
40715,1,232043
40715,2,532070
40715,3,532221
40716,0,232014
40716,1,232045
40716,2,532071
40716,3,532222
40801,0,120184
40801,1,222032
40801,2,522071
40802,0,120184
40802,1,222032
40802,2,522072
40802,4,120660
40803,0,120184
40803,1,222032
40803,2,522073
40804,0,120184
40804,1,222032
40804,2,522074
40804,4,120180
40805,0,222015
40805,1,222034
40805,2,522075
40805,4,120010
40806,0,222015
40806,1,222034
40806,2,522076
40806,3,522222
40807,0,222015
40807,1,222034
40807,2,522077
40807,4,120450
40808,0,222015
40808,1,222034
40808,2,522078
40808,4,120810
40809,0,222016
40809,1,222036
40809,2,522079
40809,3,522223
40809,4,120370
40810,0,222016
40810,1,222036
40810,2,522080
40810,3,522224
40811,0,130184
40811,1,232041
40811,2,532076
40811,4,130184
40812,0,130184
40812,1,232041
40812,2,532077
40813,0,232015
40813,1,232043
40813,2,532078
40813,4,232015
40814,0,232015
40814,1,232043
40814,2,532079
40814,3,532223
40814,4,130230
40815,0,232015
40815,1,232043
40815,2,532080
40815,3,532224
40816,0,232016
40816,1,232045
40816,2,532081
40816,3,532225
40901,0,120024
40901,1,222032
40901,2,522081
40902,0,120024
40902,1,222032
40902,2,522082
40902,4,120650
40903,0,120024
40903,1,222032
40903,2,522083
40903,4,120010
40904,0,120024
40904,1,222032
40904,2,522084
40904,3,522225
40905,0,222017
40905,1,222034
40905,2,522085
40906,0,222017
40906,1,222034
40906,2,522086
40906,3,522226
40906,4,120810
40907,0,222017
40907,1,222034
40907,2,522087
40908,0,222017
40908,1,222034
40908,2,522088
40908,4,120300
40909,0,222018
40909,1,222036
40909,2,522089
40909,3,522227
40910,0,222018
40910,1,222036
40910,2,522090
40910,3,522228
40910,4,120014
40911,0,130024
40911,1,232041
40911,2,532086
40911,4,130024
40912,0,130024
40912,1,232041
40912,2,532087
40913,0,232017
40913,1,232043
40913,2,532088
40913,4,232017
40914,0,232017
40914,1,232043
40914,2,532089
40914,3,532227
40914,4,130800
40915,0,232017
40915,1,232043
40915,2,532090
40915,3,532228
40916,0,232018
40916,1,232045
40916,2,532091
40916,3,532229
41001,0,120574
41001,1,222032
41001,2,522091
41002,0,120574
41002,1,222032
41002,2,522092
41003,0,120574
41003,1,222032
41003,2,522093
41003,4,120300
41004,0,120574
41004,1,222032
41004,2,522094
41005,0,222019
41005,1,222034
41005,2,522095
41006,0,222019
41006,1,222034
41006,2,522096
41006,4,120150
41007,0,222019
41007,1,222034
41007,2,522097
41007,3,522229
41008,0,222019
41008,1,222034
41008,2,522098
41009,0,222020
41009,1,222036
41009,2,522099
41009,3,522230
41010,0,222020
41010,1,222036
41010,2,522100
41010,3,522231
41010,4,120300
41011,0,130574
41011,1,232041
41011,2,532096
41011,4,130574
41012,0,130574
41012,1,232041
41012,2,532097
41013,0,232019
41013,1,232043
41013,2,532098
41013,4,232019
41014,0,232019
41014,1,232043
41014,2,532099
41014,3,532230
41014,4,130604
41015,0,232019
41015,1,232043
41015,2,532100
41015,3,532231
41016,0,232020
41016,1,232045
41016,2,532101
41016,3,532232
41101,0,120324
41101,1,222032
41101,2,522101
41102,0,120324
41102,1,222032
41102,2,522102
41102,4,120140
41103,0,120324
41103,1,222032
41103,2,522103
41103,4,120150
41104,0,120324
41104,1,222032
41104,2,522104
41105,0,222021
41105,1,222034
41105,2,522105
41105,4,120160
41106,0,222021
41106,1,222034
41106,2,522106
41106,3,522232
41107,0,222021
41107,1,222034
41107,2,522107
41107,4,120300
41108,0,222021
41108,1,222034
41108,2,522108
41109,0,222022
41109,1,222036
41109,2,522109
41109,3,522233
41110,0,222022
41110,1,222036
41110,2,522110
41110,3,522234
41110,4,120320
41111,0,130324
41111,1,232041
41111,2,532106
41111,4,130324
41112,0,130324
41112,1,232041
41112,2,532107
41112,4,130324
41113,0,232021
41113,1,232043
41113,2,532108
41114,0,232021
41114,1,232043
41114,2,532109
41114,3,532233
41115,0,232021
41115,1,232043
41115,2,532110
41115,3,532234
41116,0,232022
41116,1,232045
41116,2,532111
41116,3,532235
41201,0,120804
41201,1,222032
41201,2,522111
41202,0,120804
41202,1,222032
41202,2,522112
41202,4,120150
41203,0,120804
41203,1,222032
41203,2,522113
41203,4,120160
41204,0,120804
41204,1,222032
41204,2,522114
41205,0,222023
41205,1,222034
41205,2,522115
41206,0,222023
41206,1,222034
41206,2,522116
41206,3,522235
41207,0,222023
41207,1,222034
41207,2,522117
41207,4,120300
41208,0,222023
41208,1,222034
41208,2,522118
41209,0,222024
41209,1,222036
41209,2,522119
41209,3,522236
41210,0,222024
41210,1,222036
41210,2,522120
41210,3,522237
41210,4,120800
41211,0,130804
41211,1,232041
41211,2,532116
41211,4,130804
41212,0,130804
41212,1,232041
41212,2,532117
41212,4,130804
41213,0,232023
41213,1,232043
41213,2,532118
41213,4,180800
41214,0,232023
41214,1,232043
41214,2,532119
41214,3,532236
41215,0,232023
41215,1,232043
41215,2,532120
41215,3,532237
41216,0,232024
41216,1,232045
41216,2,532121
41216,3,532238
41311,0,130794
41311,1,232041
41311,2,532126
41311,4,130794
41312,0,130794
41312,1,232041
41312,2,532127
41312,4,130794
41313,0,232025
41313,1,232043
41313,2,532128
41313,4,181040
41314,0,232025
41314,1,232043
41314,2,532129
41314,3,532239
41315,0,232025
41315,1,232043
41315,2,532130
41315,3,532240
41316,0,232026
41316,1,232045
41316,2,532131
41316,3,532241
41411,0,130204
41411,1,232042
41411,2,532136
41411,4,130204
41412,0,130204
41412,1,232042
41412,2,532137
41412,4,130204
41413,0,232027
41413,1,232044
41413,2,532138
41413,4,180790
41414,0,232027
41414,1,232044
41414,2,532139
41414,3,532242
41415,0,232027
41415,1,232044
41415,2,532140
41415,3,532243
41416,0,232028
41416,1,232046
41416,2,532141
41416,3,532244
41511,0,130824
41511,1,232041
41511,2,532146
41511,4,130824
41512,0,130824
41512,1,232041
41512,2,532147
41512,4,130824
41513,0,232029
41513,1,232043
41513,2,532148
41514,0,232029
41514,1,232043
41514,2,532149
41514,3,532245
41514,4,130374
41515,0,232029
41515,1,232043
41515,2,532150
41515,3,532246
41516,0,232030
41516,1,232045
41516,2,532151
41516,3,532247
41611,0,130814
41611,1,232041
41611,2,532156
41611,4,130814
41612,0,130814
41612,1,232041
41612,2,532157
41613,0,232031
41613,1,232043
41613,2,532158
41613,4,232031
41614,0,232031
41614,1,232043
41614,2,532159
41614,3,532248
41614,4,180810
41615,0,232031
41615,1,232043
41615,2,532160
41615,3,532249
41616,0,232032
41616,1,232045
41616,2,532161
41616,3,532250
41711,0,130834
41711,1,232042
41711,2,532166
41711,4,130834
41712,0,130834
41712,1,232042
41712,2,532167
41713,0,232033
41713,1,232044
41713,2,532168
41713,4,232033
41714,0,232033
41714,1,232044
41714,2,532169
41714,3,532251
41714,4,180220
41715,0,232033
41715,1,232044
41715,2,532170
41715,3,532252
41716,0,232034
41716,1,232046
41716,2,532171
41716,3,532253
41811,0,131074
41811,1,232041
41811,2,532176
41812,0,131074
41812,1,232041
41812,2,532177
41813,0,232035
41813,1,232043
41813,2,532178
41813,4,232035
41814,0,232035
41814,1,232043
41814,2,532179
41814,3,532254
41814,4,180770
41815,0,232035
41815,1,232043
41815,2,532180
41815,3,532255
41816,0,232036
41816,1,232045
41816,2,532181
41816,3,532256
100201,0,710101
100201,1,710001
100201,2,710051
100202,0,710102
100202,1,710001
100202,2,710051
100203,0,710103
100203,1,710001
100203,2,710051
100301,0,710104
100301,1,710003
100301,2,710051
100302,0,710103
100302,1,710003
100302,2,710051
100303,0,710105
100303,1,710005
100303,2,710051
100304,0,710106
100304,1,710003
100304,2,710051
100305,0,710107
100305,1,710006
100305,2,710051
100306,0,710108
100306,1,710007
100306,2,710051
100401,0,710109
100401,1,710033
100401,2,710051
100402,0,710110
100402,1,710003
100402,2,710051
100403,0,710111
100403,1,710005
100403,2,710051
100404,0,710112
100404,1,710008
100404,2,710051
100405,0,710113
100405,1,710007
100405,2,710051
100406,0,710114
100406,1,710004
100406,2,710051
100501,0,710115
100501,1,710007
100501,2,710051
100502,0,710116
100502,1,710003
100502,2,710051
100503,0,710117
100503,1,710008
100503,2,710051
100504,0,710118
100504,1,710008
100504,2,710051
100505,0,710119
100505,1,710031
100505,2,710051
100601,0,710120
100601,1,710032
100601,2,710051
100602,0,710121
100602,1,710034
100602,2,710051
100603,0,710122
100603,1,710035
100603,2,710051
100604,0,710123
100604,1,710037
100604,2,710051
100701,0,720118
100701,1,720013
100701,2,720051
100702,0,720119
100702,1,720001
100702,2,720051
100703,0,720120
100703,1,720033
100703,2,720051
100801,0,720121
100801,1,720014
100801,2,720051
100802,0,720122
100802,1,720033
100802,2,720052
100803,0,720123
100803,1,720013
100803,2,720051
100804,0,720124
100804,1,720032
100804,2,720052
100901,0,720125
100901,1,720012
100901,2,720051
100902,0,720126
100902,1,720037
100902,2,720052
100903,0,720108
100903,1,720002
100903,2,720051
100904,0,720127
100904,1,720031
100904,2,720052
101001,0,720108
101001,1,720003
101001,2,720051
101002,0,720104
101002,1,720006
101002,2,720051
101003,0,720128
101003,1,720031
101003,2,720052
101004,0,720129
101004,1,720037
101004,2,720052
101005,0,720130
101005,1,720035
101005,2,720052
110101,0,710124
110101,1,710001
110101,2,710051
110102,0,710125
110102,1,710004
110102,2,710051
110103,0,710103
110103,1,710005
110103,2,710051
110201,0,710126
110201,1,710001
110201,2,710051
110202,0,710127
110202,1,710006
110202,2,710051
110203,0,710128
110203,1,710033
110203,2,710051
110301,0,710129
110301,1,710008
110301,2,710051
110302,0,710113
110302,1,710007
110302,2,710051
110303,0,710130
110303,1,710036
110303,2,710051
110401,0,720101
110401,1,720009
110401,2,720051
110402,0,720102
110402,1,720009
110402,2,720051
110403,0,720103
110403,1,720002
110403,2,720051
110404,0,720104
110404,1,720005
110404,2,720051
110501,0,720105
110501,1,720011
110501,2,720051
110502,0,720106
110502,1,720032
110502,2,720051
110503,0,720107
110503,1,720006
110503,2,720051
110504,0,720108
110504,1,720008
110504,2,720051
110505,0,720109
110505,1,720033
110505,2,720051
110601,0,720110
110601,1,720035
110601,2,720051
110602,0,720111
110602,1,720033
110602,2,720051
110603,0,720112
110603,1,720032
110603,2,720051
110604,0,720113
110604,1,720002
110604,2,720051
110701,0,720114
110701,1,720032
110701,2,720051
110702,0,720115
110702,1,720032
110702,2,720051
110703,0,720116
110703,1,720011
110703,2,720051
110704,0,720117
110704,1,720037
110704,2,720051
111101,0,730101
111101,1,730013
111101,2,730051
111102,0,730102
111102,1,730009
111102,2,730051
111103,0,730103
111103,1,730014
111103,2,730051
111201,0,730104
111201,1,730010
111201,2,730051
111202,0,730105
111202,1,730003
111202,2,730051
111203,0,730106
111203,1,730031
111203,2,730052
111301,0,730107
111301,1,730007
111301,2,730051
111302,0,730108
111302,1,730008
111302,2,730051
111303,0,730115
111303,1,730015
111303,2,730051
111304,0,730109
111304,1,730033
111304,2,730052
111401,0,730110
111401,1,730031
111401,2,730052
111402,0,730111
111402,1,730035
111402,2,730052
111403,0,730112
111403,1,730034
111403,2,730052
111404,0,730113
111404,1,730031
111404,2,730052
111405,0,730114
111405,1,730032
111405,2,730052
120001,0,320001
120001,2,320101
120001,3,320201
120002,0,320002
120002,2,320102
120002,3,320202
120003,0,320003
120003,2,320103
120003,3,320203
120004,0,310008
120004,2,310108
120004,3,310208
120005,0,320005
120005,2,320105
120005,3,320205
120006,0,320006
120006,2,320106
120006,3,320206
130301,0,300000
130302,0,300000
130303,0,300000
130304,0,300000
130305,0,300000
130306,0,300000
130307,0,300000
130308,0,300000
1010004,0,610010
1010004,1,611001
1010004,2,610011
1010004,4,210090
1010101,0,620001
1010101,1,621001
1010101,2,620002
1010101,4,620003
1010102,0,620004
1010102,1,621001
1010102,2,620005
1010102,3,620006
1010102,4,620007
1010103,0,620008
1010103,1,221026
1010103,2,620009
1010103,3,521003
1010103,4,620010
1010104,0,620011
1010104,1,621004
1010104,2,620012
1010105,0,620013
1010105,1,221024
1010105,2,620014
1010105,3,521003
1010105,4,620015
1010106,0,620016
1010106,1,221031
1010106,2,620017
1010106,3,521003
1010106,4,620018
1010107,0,620019
1010107,1,621006
1010107,2,620020
1010107,3,220093
1010107,4,620021
1010108,0,620022
1010108,1,621005
1010108,2,620023
1010108,4,620022
1010109,0,620024
1010109,1,221021
1010109,2,620025
1010109,3,521001
1010109,4,620026
1010110,0,620027
1010110,1,621002
1010110,2,620028
1010110,3,620029
1010110,4,620030
1010111,0,620031
1010111,1,221027
1010111,2,620032
1010111,3,521003
1010111,4,620033
1010112,0,620034
1010112,1,621002
1010112,2,620035
1010112,4,620036
1010118,0,620051
1010118,1,221026
1010118,2,620052
1010118,3,521001
1010118,4,521030
1010119,0,620053
1010119,1,621004
1010119,2,620054
1010119,4,620055
1010120,0,620056
1010120,1,221007
1010120,2,620057
1010120,3,521001
1010120,4,620058
1010121,0,620059
1010121,1,621006
1010121,2,620060
1010121,3,220091
1010121,4,620059
1010122,0,190430
1010122,1,221030
1010122,2,620061
1010122,3,521005
1010122,4,620062
1010123,0,620063
1010123,1,221025
1010123,2,620064
1010123,3,521003
1010123,4,521027
1010124,0,620065
1010124,1,221008
1010124,2,620066
1010124,3,521001
1010124,4,220041
1010125,0,620067
1010125,1,221016
1010125,2,620068
1010125,3,521001
1010125,4,521012
1010126,0,620069
1010126,1,221017
1010126,2,620070
1010126,3,521003
1010126,4,620071
1010127,0,620072
1010127,1,621002
1010127,2,620073
1010128,0,620074
1010128,1,621003
1010128,2,620075
1010128,4,620076
1010129,0,220035
1010129,1,621001
1010129,2,620077
1010129,4,620078
1010130,0,620079
1010130,1,221017
1010130,2,620080
1010130,3,521004
1010130,4,521048
1010131,0,620081
1010131,1,220097
1010131,2,620082
1010132,0,620083
1010132,1,621005
1010132,2,520004
1010133,0,620084
1010133,1,620085
1010133,2,520020
1010133,3,620113
1010134,0,620086
1010134,1,620086
1010134,2,520004
1010135,0,190230
1010135,1,221029
1010135,2,521005
1010135,3,520004
1010135,4,521033
1010136,0,190022
1010136,1,221023
1010136,2,521005
1010136,3,520003
1010136,4,521046
1010137,0,190012
1010137,1,221033
1010137,2,521005
1010137,3,520003
1010137,4,521047
1010138,0,190022
1010138,1,190012
1010138,2,521006
1010138,3,520004
1010138,4,521049
1010139,0,620087
1010139,1,221015
1010139,2,521002
1010139,4,521015
1010140,0,620088
1010140,1,221009
1010140,2,521002
1010140,4,521013
1010141,0,620089
1010141,1,221003
1010141,2,521002
1010141,4,521009
1010142,0,620090
1010142,1,221003
1010142,2,521002
1010142,4,521009
1010143,0,620091
1010143,1,221032
1010143,2,521004
1010143,4,521034
1010144,0,620092
1010144,1,221029
1010144,2,521004
1010144,4,521033
1010145,0,620069
1010145,1,221017
1010145,2,521004
1010145,4,521023
1010146,0,620093
1010146,1,621005
1010146,2,520002
1010147,0,620094
1010147,1,621006
1010147,2,620112
1010147,3,220092
1010148,0,620095
1010148,1,220097
1010148,2,520004
1010149,0,620096
1010149,1,621006
1010149,2,520004
1010150,0,620097
1010150,1,621006
1010150,2,520004
1010151,0,620098
1010151,1,220096
1010151,2,520004
1010152,0,620099
1010152,1,621004
1010152,2,520002
1010153,0,620100
1010153,1,620101
1010153,2,520004
1010153,3,521006
1010154,0,620102
1010154,1,620103
1010154,2,520002
1010154,3,521004
1010155,0,620083
1010155,1,620083
1010155,2,520004
1010156,0,620083
1010156,1,620086
1010156,2,520004
1010157,0,620105
1010157,1,621004
1010158,0,620106
1010158,1,621003
1010159,0,620107
1010159,1,621004
1010161,0,620108
1010161,1,620107
1010161,4,621004
1010162,0,620109
1010162,1,221007
1010162,2,521004
1010162,4,521025
1010163,0,620110
1010163,1,621005
1010163,2,520004
1010164,0,620111
1010164,1,621005
1010164,2,520004
1010165,0,620114
1010165,1,620115
1010165,2,520002
1010165,3,521004
1010166,0,620116
1010166,1,621004
1010167,0,620117
1010167,1,620118
1010167,4,210090
1010168,0,121440
1010168,1,621001
1010168,2,620121
1010168,4,620122
1010170,0,120435
1010170,1,621002
1010170,2,620125
1010171,0,121040
1010171,1,621001
1010171,2,620126
1010171,4,620127
1010172,0,190022
1010172,1,221023
1010172,2,620128
1010172,3,521005
1010174,0,190790
1010174,1,221015
1010174,2,620132
1010174,3,521004
1010175,0,190020
1010175,1,221007
1010175,2,620133
1010175,3,521005
1011001,0,630001
1011001,1,630002
1011001,2,630003
1011001,3,531005
1011001,4,630004
1011002,0,180190
1011002,1,231002
1011002,2,630005
1011002,3,531001
1011002,4,630006
1011004,0,180790
1011004,1,231010
1011004,2,630010
1011004,3,531003
1011004,4,630011
1011005,0,630012
1011005,1,630013
1011005,2,630014
1011005,3,531005
1011005,4,630015
1011006,0,180650
1011006,1,231004
1011006,2,630016
1011006,3,531001
1011006,4,630017
1011007,0,130110
1011007,1,230089
1011007,2,630018
1011007,3,530033
1011007,4,630019
1011008,0,630020
1011008,1,631006
1011008,2,630021
1011008,3,230091
1011008,4,630022
1011010,0,630025
1011010,1,630026
1011010,2,630027
1011010,3,531005
1011010,4,630028
1011011,0,630029
1011011,1,630030
1011011,2,630031
1011011,3,531005
1011011,4,630032
1011012,0,230065
1011012,1,230015
1011012,2,630051
1011012,4,630052
1011013,0,130670
1011013,1,130660
1011013,2,530038
1011013,4,230089
1011015,0,181700
1011015,1,181700
1011015,2,531004
1011015,3,530042
1011015,4,531016
1011016,0,630053
1011016,1,631003
1011016,2,520004
1011016,3,530038
1011016,4,631003
1011017,0,630054
1011017,1,230090
1011017,2,520004
1011017,3,530040
1011017,4,230090
1011018,0,131040
1011018,1,131050
1011018,2,530040
1011018,4,631001
1011019,0,180022
1011019,1,180012
1011019,2,531005
1011019,3,530045
1011020,0,630056
1011020,1,630057
1011020,2,531005
1011020,3,530044
1011020,4,531038
1011021,0,630058
1011021,1,630059
1011021,2,531005
1011021,3,530044
1011021,4,531035
1011022,0,630060
1011022,1,630061
1011022,2,531005
1011022,3,530044
1011022,4,531036
1011023,0,630062
1011023,1,630063
1011023,2,531005
1011023,3,530044
1011023,4,531037
1011024,0,630089
1011024,1,630089
1011024,2,630055
1011024,4,230171
1011025,0,630064
1011025,1,631002
1011025,2,530004
1011025,3,530034
1011026,0,630065
1011026,1,631004
1011026,2,530004
1011026,3,530034
1011027,0,630066
1011027,1,631002
1011027,2,530004
1011027,3,530034
1011028,0,630067
1011028,1,631004
1011028,2,530004
1011028,3,530034
1011029,0,630068
1011029,1,631005
1011029,2,630069
1011029,3,230100
1011030,0,630070
1011030,1,631004
1011030,2,530072
1011031,0,630071
1011031,1,631004
1011031,2,530072
1011032,0,630072
1011032,1,631006
1011032,2,530072
1011032,3,230092
1011033,0,630073
1011033,1,631006
1011033,2,530072
1011033,3,230093
1011034,0,630074
1011034,1,630075
1011034,2,530009
1011034,3,530034
1011035,0,630076
1011035,1,230097
1011035,2,530009
1011035,3,530034
1011036,0,630077
1011036,1,230097
1011036,2,530009
1011036,3,530034
1011037,0,630078
1011037,1,631006
1011037,2,530102
1011037,3,630079
1011038,0,630080
1011038,1,631006
1011038,2,530009
1011038,3,530034
1011039,0,630081
1011039,1,631006
1011039,2,530009
1011039,3,530034
1011040,0,630082
1011040,1,631005
1011040,2,530074
1011040,3,230076
1011041,0,630083
1011041,1,631005
1011041,2,630084
1011041,3,230077
1011042,0,630085
1011042,1,631005
1011042,2,630086
1011042,3,230078
1011043,0,630087
1011043,1,631005
1011043,2,531006
1011043,3,530046
1011044,0,630088
1011044,1,631005
1011044,2,531006
1011044,3,530046
1020001,0,400001
1020001,2,400101
1020001,3,400201
1020002,0,400001
1020002,2,400101
1020002,3,400201
1020003,0,400001
1020003,2,400101
1020003,3,400201
1020004,0,400001
1020004,2,400101
1020004,3,400201
1020005,0,400001
1020005,2,400101
1020005,3,400201
1020006,0,400001
1020006,2,400101
1020006,3,400201
1020007,0,400001
1020007,2,400101
1020007,3,400201
1020008,0,400001
1020008,2,400101
1020008,3,400201
1020009,0,400002
1020009,2,400102
1020009,3,400202
1020010,0,400002
1020010,2,400102
1020010,3,400202
1020011,0,400002
1020011,2,400102
1020011,3,400202
1020012,0,400002
1020012,2,400102
1020012,3,400202
1020013,0,400002
1020013,2,400102
1020013,3,400202
1020014,0,400002
1020014,2,400102
1020014,3,400202
1020015,0,400001
1020015,2,400101
1020015,3,400201
1020016,0,400001
1020016,2,400101
1020016,3,400201
1020017,0,400001
1020017,2,400101
1020017,3,400201
1020018,0,400001
1020018,2,400101
1020018,3,400201
1020019,0,400001
1020019,2,400101
1020019,3,400201
1020020,0,400001
1020020,2,400101
1020020,3,400201
1020021,0,400001
1020021,2,400101
1020021,3,400201
1020022,0,400001
1020022,2,400101
1020022,3,400201
1020023,0,400001
1020023,2,400101
1020023,3,400201
1020024,0,400001
1020024,2,400101
1020024,3,400201
1020025,0,400001
1020025,2,400101
1020025,3,400201
1020026,0,400001
1020026,2,400101
1020026,3,400201
1020027,0,400001
1020027,2,400101
1020027,3,400201
1020028,0,400001
1020028,2,400101
1020028,3,400201
1020029,0,400001
1020029,2,400101
1020029,3,400201
1110001,0,711001
1110001,1,710007
1110001,2,710051
1110001,3,711101
1110002,0,711002
1110002,1,711003
1110002,2,710051
1110002,3,711102
1110003,0,711004
1110003,1,710037
1110003,2,710051
1110003,3,711103
1110004,0,710107
1110004,1,710006
1110004,2,710051
1110004,3,711104
1110005,0,711005
1110005,1,710002
1110005,2,710051
1110005,3,711105
1110006,0,711006
1110006,1,710032
1110006,2,710051
1110007,0,711007
1110007,1,710007
1110007,2,710051
1110007,3,711106
1110101,0,720101
1110101,1,721001
1110101,2,720051
1110101,3,721101
1110102,0,721002
1110102,1,720032
1110102,2,720051
1110102,3,721102
1110103,0,721003
1110103,1,720004
1110103,2,720051
1110103,3,721103
1110104,0,720108
1110104,1,720001
1110104,2,720051
1110104,3,721104
1110105,0,721004
1110105,1,720037
1110105,2,720051
1110105,3,721105
1110106,0,721005
1110106,1,720032
1110106,2,720051
1110106,3,721106
1110107,0,721007
1110107,1,720032
1110107,2,720051
1110108,0,721008
1110108,1,720031
1110108,2,720051
1110109,0,721009
1110109,1,720031
1110109,2,720051
1110110,0,721010
1110110,1,720033
1110110,2,720051
1110111,0,721006
1110111,1,720008
1110111,2,720051
1110111,3,721107
1110112,0,721011
1110112,1,720032
1110112,2,720052
1110112,3,721108
1111001,0,731001
1111001,1,730031
1111001,2,730052
1111001,3,731101
1111002,0,731002
1111002,1,731008
1111002,2,730052
1111002,3,731102
1111003,0,731003
1111003,1,731008
1111003,2,730052
1111003,3,731103
1111004,0,731004
1111004,1,730035
1111004,2,730052
1111004,3,731104
1111005,0,731005
1111005,1,730031
1111005,2,730052
1111005,3,731105
1111006,0,731006
1111006,1,730033
1111006,2,730052
1111006,3,731106
1120001,0,400003
1120001,2,400103
1120001,3,400203
1120002,0,400003
1120002,2,400103
1120002,3,400203
1120003,0,400003
1120003,2,400103
1120003,3,400203
1120004,0,400003
1120004,2,400103
1120004,3,400203
1120005,0,400003
1120005,2,400103
1120005,3,400203
1120006,0,400003
1120006,2,400103
1120006,3,400203
1120007,0,400003
1120007,2,400103
1120007,3,400203
1120008,0,400003
1120008,2,400103
1120008,3,400203
1120009,0,400003
1120009,2,400103
1120009,3,400203
1120010,0,400003
1120010,2,400103
1120010,3,400203
1120011,0,400003
1120011,2,400103
1120011,3,400203
1120012,0,400003
1120012,2,400103
1120012,3,400203
1120013,0,400003
1120013,2,400103
1120013,3,400203
