quest_id,monster,size,table
206,71,100,2
208,71,100,2
210,71,100,2
211,71,100,2
212,13,100,6
213,15,100,2
218,13,100,6
219,12,100,2
221,12,100,2
223,12,100,2
224,27,100,2
226,27,100,2
228,27,100,2
229,48,100,2
231,48,100,2
233,48,100,2
234,48,100,2
303,55,100,2
304,8,100,2
305,71,100,2
305,71,100,2
306,55,100,2
307,9,100,2
308,65,100,2
309,65,100,2
309,55,100,2
309,71,100,2
311,18,100,2
312,44,100,2
313,15,100,2
314,15,100,2
315,13,100,6
316,12,100,2
317,12,100,2
318,8,100,2
319,67,100,2
320,67,100,2
320,8,100,2
320,12,100,2
321,50,100,2
322,50,100,2
323,7,100,19
324,69,100,17
325,69,100,17
325,7,100,19
325,50,100,2
326,27,100,2
327,48,100,2
328,40,100,2
329,27,100,2
329,68,100,2
330,27,100,2
330,68,100,2
331,48,100,2
332,40,100,2
333,18,100,2
334,18,100,2
335,48,100,2
337,55,100,2
338,14,100,8
339,9,100,2
340,9,100,2
341,14,100,8
342,27,100,2
343,8,100,2
402,64,100,2
403,32,100,2
404,52,100,2
405,1,100,2
406,32,100,2
407,13,100,0
408,52,100,2
409,1,100,2
410,58,100,2
410,12,100,2
410,8,100,2
411,8,100,0
412,12,100,0
413,21,100,2
414,50,100,2
414,50,100,2
415,32,100,2
416,40,100,2
416,40,100,2
417,40,100,2
418,64,100,2
418,48,100,2
419,55,100,2
419,55,100,2
420,18,100,0
421,20,100,2
422,58,100,2
423,7,100,19
423,7,100,19
424,20,100,2
425,52,100,2
426,20,100,2
427,52,100,2
428,20,100,2
429,14,100,8
501,16,100,2
502,44,100,0
503,16,100,2
503,12,100,2
503,9,100,2
504,67,100,2
505,1,100,2
506,21,100,2
506,21,100,2
507,7,92,0
508,69,100,17
509,39,100,2
509,40,100,2
509,1,100,2
510,68,100,2
511,39,100,2
512,4,100,2
513,64,100,2
513,64,100,2
514,9,100,0
515,58,100,2
516,4,100,2
517,37,100,2
518,52,100,2
518,52,100,2
519,14,100,0
520,37,100,2
521,71,100,2
521,8,100,2
521,64,100,2
522,13,100,6
522,15,100,2
522,44,100,2
523,48,100,2
523,55,100,2
523,18,100,2
601,65,100,2
602,60,100,2
603,45,100,2
604,65,100,2
604,13,100,6
604,15,100,2
604,44,100,2
605,28,100,2
606,63,100,17
607,1,100,2
607,4,100,2
608,28,100,2
608,27,100,2
608,50,100,2
608,21,100,2
609,45,100,2
609,48,100,2
609,1,100,2
609,40,100,2
610,53,100,2
611,20,100,2
611,20,100,2
612,53,100,2
612,20,100,2
612,14,100,8
612,52,100,2
613,12,100,2
613,9,100,2
613,1,100,2
614,27,100,2
614,50,100,2
614,21,100,2
615,40,100,2
615,40,100,2
615,39,100,2
616,14,100,8
616,14,100,8
616,58,100,2
617,52,100,2
617,52,100,2
617,37,100,2
618,11,100,13
619,11,100,13
620,61,100,13
621,69,100,17
621,67,100,2
621,68,100,2
621,65,100,2
622,1,100,3
622,32,100,3
622,35,100,22
623,65,100,3
624,16,100,3
624,12,100,3
624,9,100,3
624,35,100,22
625,4,100,3
625,1,100,3
626,28,100,3
626,28,100,3
627,43,100,3
628,59,100,3
628,62,100,3
629,28,100,3
629,4,100,3
629,65,100,3
630,48,100,3
630,64,100,3
630,57,100,3
631,52,100,3
631,18,100,3
631,4,100,3
632,61,100,14
633,24,100,14
634,25,100,14
635,26,100,14
636,4,100,3
636,16,100,3
636,28,100,3
636,32,100,3
636,45,100,3
637,21,100,3
637,39,100,3
637,53,100,3
637,60,100,3
637,63,100,18
638,69,100,17
638,68,100,3
638,67,100,3
638,65,100,3
639,5,100,10
639,2,100,10
640,22,100,3
640,22,100,3
641,35,100,22
641,28,100,3
641,32,100,3
701,13,100,7
702,27,100,3
703,62,100,3
704,48,100,3
704,27,100,3
704,8,100,3
705,123,100,9
706,8,100,3
706,27,100,3
706,71,100,3
707,54,100,18
707,62,100,3
707,71,100,3
708,50,100,3
708,123,100,9
708,27,100,3
709,9,100,3
710,55,100,3
711,18,100,3
713,122,100,7
713,133,100,46
714,122,100,7
715,18,100,3
716,40,100,3
717,125,100,3
718,13,100,7
719,15,100,3
720,125,100,3
721,8,100,3
722,62,100,3
723,71,100,3
724,15,100,3
725,12,100,3
726,123,100,9
727,48,100,3
728,71,100,3
728,48,100,3
728,8,100,3
729,40,100,3
730,9,100,3
732,18,100,3
732,125,100,3
733,122,100,7
733,55,100,3
733,9,100,3
734,125,100,3
734,13,100,7
734,15,100,3
735,8,100,3
735,9,100,3
736,48,100,3
736,48,100,3
801,1,100,3
802,113,100,3
803,64,100,3
803,52,100,3
803,122,100,7
804,57,100,3
805,7,100,20
805,50,100,3
805,123,100,9
806,127,100,46
807,1,100,3
808,44,100,3
809,10,100,3
810,21,100,3
810,27,100,3
810,123,100,9
811,31,100,3
812,20,100,3
812,18,100,3
812,40,100,3
813,58,100,3
813,9,100,3
813,12,100,3
814,32,100,3
815,16,100,3
815,8,100,3
815,122,100,7
816,32,100,3
817,16,100,3
818,37,100,3
818,52,100,3
818,14,100,9
820,55,100,3
821,14,100,9
822,64,100,3
823,7,100,20
824,31,100,3
825,113,100,3
826,52,100,3
826,44,100,3
826,125,100,3
828,1,100,3
829,54,100,3
829,71,100,3
830,58,100,3
830,127,100,46
830,14,100,9
831,7,100,20
831,57,100,3
831,123,100,9
832,37,100,3
833,32,100,3
834,44,100,3
834,15,100,3
835,10,100,3
836,1,100,3
836,40,100,3
836,64,100,3
837,32,100,3
837,55,100,3
837,64,100,3
838,64,100,3
838,55,100,3
839,20,100,3
839,122,100,7
840,113,100,3
840,14,100,9
901,124,100,3
902,59,100,3
902,62,100,3
903,4,100,3
903,14,100,9
903,55,100,3
903,37,100,3
904,39,100,3
904,12,100,3
904,10,100,3
904,67,100,3
905,45,100,3
906,114,100,3
906,133,100,46
907,68,100,3
908,67,100,3
909,69,100,18
910,65,100,3
911,41,100,3
911,31,100,3
913,43,100,3
913,14,100,9
913,127,100,46
913,67,100,3
914,28,100,3
914,15,100,3
914,18,100,3
915,11,100,15
916,60,100,3
917,4,100,3
918,45,100,3
918,71,100,3
918,113,100,3
918,39,100,3
919,114,100,3
919,48,100,3
919,20,100,3
919,68,100,3
920,65,100,3
920,13,100,7
920,125,100,3
921,68,100,3
921,62,100,3
921,1,100,3
921,32,100,3
922,43,100,3
922,27,100,3
922,18,100,3
922,65,100,3
923,16,100,3
923,10,100,3
924,67,100,3
924,54,100,18
924,9,100,3
924,28,100,3
925,59,100,3
925,62,100,3
926,60,100,3
927,127,100,46
927,127,100,46
928,69,100,18
928,123,100,9
928,7,100,20
928,45,100,3
929,28,100,3
930,57,100,3
930,57,100,3
931,41,100,3
931,14,100,9
931,16,100,3
931,114,100,3
932,28,100,3
932,52,100,3
933,4,100,3
934,124,100,3
934,123,100,9
934,7,100,20
934,28,100,3
935,21,100,3
935,50,100,3
936,39,100,3
936,48,100,3
936,40,100,3
936,4,100,3
937,11,100,15
938,62,100,3
938,54,100,18
938,60,100,3
939,71,100,3
939,52,100,3
939,32,100,3
940,13,100,7
940,125,100,3
940,28,100,3
941,14,100,9
941,113,100,3
941,114,100,3
1001,63,100,18
1002,115,100,3
1003,53,100,3
1004,61,100,15
1005,133,100,46
1006,22,100,3
1007,35,100,22
1009,24,100,15
1011,26,100,15
1012,5,100,11
1013,2,100,11
1017,30,100,0
1018,34,100,0
1019,47,100,0
1020,133,100,46
1021,133,100,46
1022,133,100,46
1026,70,100,0
1027,4,100,4
1027,28,100,4
1027,32,100,4
1027,22,100,4
1028,39,100,4
1028,53,100,4
1028,4,100,4
1029,45,100,4
1029,23,100,4
1029,61,100,15
1030,115,100,4
1030,63,100,18
1030,35,100,22
1031,35,100,22
1031,48,100,3
1031,113,100,3
1031,68,100,3
1032,1,100,3
1032,4,100,3
1033,22,100,3
1033,54,100,18
1033,127,100,46
1033,114,100,3
1034,63,100,18
1034,14,100,9
1034,55,100,3
1034,37,100,3
1035,114,100,3
1035,114,100,3
1036,115,100,3
1036,13,100,7
1036,125,100,3
1036,28,100,3
1037,124,100,3
1037,124,100,3
1038,53,100,3
1038,14,100,9
1038,52,100,3
1038,41,100,3
1039,42,100,0
1040,4,100,4
1040,9,100,4
1040,58,100,4
1040,35,100,22
1041,28,100,4
1041,7,100,20
1041,124,100,4
1041,35,100,22
1042,45,100,4
1042,40,100,4
1042,32,100,4
1042,35,100,22
1044,5,100,11
1044,2,100,11
1045,25,100,15
1046,9,100,3
1046,1,100,3
1046,16,100,3
1047,12,100,3
1047,8,100,3
1047,4,100,3
1048,40,100,3
1048,10,100,3
1048,43,100,3
1049,64,100,3
1049,39,100,3
1049,45,100,3
1050,122,100,7
1050,127,100,46
1050,58,100,3
1051,16,100,4
1051,65,100,4
1052,50,100,4
1052,124,100,4
1053,133,100,46
1054,35,100,22
1055,65,100,4
1055,67,100,4
1055,68,100,4
1055,69,100,18
1055,133,100,46
10101,71,100,2
10102,13,100,6
10103,12,100,2
10104,27,100,2
10105,48,100,2
10106,71,100,2
10107,55,100,2
10108,9,100,2
10109,71,100,2
10110,55,100,2
10111,13,100,6
10112,15,100,2
10112,13,100,6
10113,18,100,2
10113,13,100,6
10114,18,100,2
10115,15,100,2
10116,12,100,2
10117,8,100,2
10118,9,100,2
10119,12,100,2
10120,50,100,2
10121,27,100,2
10122,50,100,2
10123,27,100,2
10124,48,100,2
10125,40,100,2
10126,40,100,2
10127,48,100,2
10128,40,100,2
10201,18,100,2
10202,14,100,8
10203,64,100,2
10204,52,100,2
10204,71,100,2
10205,8,100,2
10206,44,100,2
10207,52,100,2
10207,18,100,2
10207,15,100,2
10208,13,100,6
10208,13,100,6
10209,44,100,2
10210,15,100,2
10211,58,100,2
10212,16,100,2
10213,12,100,2
10213,12,100,2
10214,12,100,2
10215,7,100,19
10216,21,100,2
10217,27,100,2
10218,32,100,2
10219,1,100,2
10220,40,100,2
10220,40,100,2
10221,32,100,2
10222,64,100,2
10223,32,100,2
10224,55,100,2
10225,48,100,2
10225,48,100,2
10226,40,100,2
10227,14,100,8
10228,20,100,2
10229,58,100,2
10229,14,100,8
10229,27,100,2
10230,9,100,2
10231,58,100,2
10232,8,100,2
10301,52,100,2
10302,65,100,2
10303,28,100,2
10303,71,100,2
10304,60,100,2
10305,4,100,2
10306,63,100,17
10307,67,100,2
10308,4,100,2
10308,12,100,2
10309,69,100,17
10310,39,100,2
10311,68,100,2
10312,45,100,2
10312,27,100,2
10313,39,100,2
10313,48,100,2
10314,45,100,2
10315,53,100,2
10316,4,100,2
10316,1,100,2
10317,67,100,2
10318,65,100,2
10319,37,100,2
10319,14,100,8
10320,20,100,2
10320,20,100,2
10321,37,100,2
10322,53,100,2
10323,20,100,2
10324,71,100,2
10324,65,100,2
10325,13,100,6
10325,63,100,17
10326,48,100,2
10326,45,100,2
10327,14,100,8
10327,28,100,2
10328,52,100,2
10328,53,100,2
10329,11,100,13
10330,11,100,13
10331,24,100,13
10332,25,100,13
10333,26,100,13
10334,61,100,13
10335,70,100,0
10401,54,100,18
10402,13,100,7
10403,8,100,4
10404,15,100,4
10405,9,100,4
10406,50,100,4
10407,40,100,4
10408,54,100,18
10408,71,100,4
10408,35,100,22
10409,8,100,4
10409,71,100,4
10409,35,100,22
10410,71,100,4
10411,54,100,18
10412,62,100,4
10412,62,100,4
10413,62,100,4
10413,12,100,4
10413,35,100,22
10414,13,100,7
10415,9,100,4
10415,13,100,7
10415,12,100,4
10415,35,100,22
10416,12,100,4
10417,35,100,22
10418,13,100,7
10418,35,100,22
10419,62,100,4
10420,55,100,4
10420,8,100,4
10420,62,100,4
10420,35,100,22
10421,71,100,4
10421,71,100,4
10422,15,100,4
10422,13,100,7
10422,35,100,22
10423,18,100,4
10423,13,100,7
10423,35,100,22
10424,8,100,4
10424,9,100,4
10425,9,100,4
10426,8,100,4
10426,8,100,4
10427,27,100,4
10428,50,100,4
10428,27,100,4
10428,35,100,22
10429,48,100,4
10429,27,100,4
10429,35,100,22
10430,40,100,4
10430,27,100,4
10430,48,100,4
10430,35,100,22
10431,48,100,4
10431,35,100,22
10433,12,100,4
10433,71,100,4
10433,62,100,4
10433,27,100,4
10433,13,100,7
10434,123,100,9
10501,55,100,4
10502,14,100,9
10503,40,100,4
10504,7,100,20
10505,20,100,4
10506,54,100,18
10506,54,100,18
10507,54,100,18
10507,1,100,4
10507,35,100,22
10508,1,100,4
10508,9,100,4
10508,64,100,4
10508,35,100,22
10509,14,100,9
10510,64,100,4
10510,9,100,4
10510,13,100,7
10510,35,100,22
10511,58,100,4
10511,9,100,4
10511,14,100,9
10511,35,100,22
10512,13,100,7
10512,13,100,7
10513,64,100,4
10513,9,100,4
10513,35,100,22
10514,57,100,4
10514,7,100,20
10514,50,100,4
10514,35,100,22
10515,7,100,20
10515,55,100,4
10515,57,100,4
10515,35,100,22
10516,50,100,4
10516,50,100,4
10517,55,100,4
10518,57,100,4
10519,57,100,4
10520,37,100,4
10520,14,100,9
10520,55,100,4
10520,35,100,22
10521,16,100,4
10521,14,100,9
10521,35,100,22
10522,55,100,4
10522,14,100,9
10522,35,100,22
10523,16,100,4
10524,32,100,4
10524,16,100,4
10524,35,100,22
10525,64,100,4
10525,64,100,4
10526,44,100,4
10526,52,100,4
10526,35,100,22
10527,15,100,4
10527,15,100,4
10528,1,100,4
10528,16,100,4
10528,9,100,4
10528,35,100,22
10529,12,100,4
10529,12,100,4
10530,21,100,4
10530,27,100,4
10530,50,100,4
10530,35,100,22
10531,10,100,4
10531,40,100,4
10531,35,100,22
10532,10,100,4
10533,14,100,9
10533,14,100,9
10534,1,100,4
10534,35,100,22
10535,31,100,4
10535,14,100,9
10535,52,100,4
10535,35,100,22
10536,52,100,4
10536,31,100,4
10536,20,100,4
10536,35,100,22
10537,20,100,4
10537,37,100,4
10537,52,100,4
10537,35,100,22
10538,52,100,4
10539,52,100,4
10539,64,100,4
10539,16,100,4
10540,18,100,4
10540,1,100,4
10540,44,100,4
10541,7,100,20
10541,37,100,4
10541,20,100,4
10542,15,100,4
10542,48,100,4
10542,14,100,9
10542,50,100,4
10542,52,100,4
10543,122,100,7
10544,125,100,4
10545,113,100,4
10546,127,100,46
10601,67,100,4
10601,4,100,4
10601,28,100,4
10601,35,100,22
10602,28,100,4
10602,67,100,4
10602,22,100,4
10602,35,100,22
10603,4,100,4
10603,67,100,4
10603,22,100,4
10603,35,100,22
10604,60,100,4
10605,59,100,4
10605,62,100,4
10606,68,100,4
10607,60,100,4
10608,69,100,18
10609,45,100,4
10609,57,100,4
10609,69,100,18
10609,35,100,22
10610,35,100,22
10610,7,100,20
10610,36,100,23
10611,28,100,4
10611,57,100,4
10611,35,100,22
10612,41,100,4
10612,4,100,4
10612,35,100,22
10613,65,100,4
10613,37,100,4
10613,35,100,22
10614,4,100,4
10614,14,100,9
10614,35,100,22
10615,59,100,4
10615,62,100,4
10616,4,100,4
10616,1,100,4
10617,65,100,4
10617,18,100,4
10617,28,100,4
10617,35,100,22
10618,22,100,4
10618,52,100,4
10618,35,100,22
10618,36,100,23
10619,67,100,4
10619,4,100,4
10619,35,100,22
10619,36,100,23
10620,4,100,4
10620,12,100,4
10621,22,100,4
10621,21,100,4
10621,69,100,18
10621,35,100,22
10622,69,100,18
10622,28,100,4
10622,35,100,22
10622,36,100,23
10623,21,100,0
10624,68,100,4
10624,32,100,4
10624,45,100,4
10624,35,100,22
10625,43,100,4
10625,1,100,4
10625,35,100,22
10625,36,100,23
10626,39,100,4
10626,45,100,4
10626,35,100,22
10626,36,100,23
10627,35,100,22
10628,43,100,4
10628,58,100,4
10628,1,100,4
10628,35,100,22
10629,28,100,4
10630,41,100,4
10630,22,100,4
10630,35,100,22
10630,36,100,23
10631,22,100,4
10632,31,100,4
10632,31,100,4
10633,1,100,4
10633,8,100,4
10633,67,100,4
10634,64,100,4
10634,68,100,4
10634,59,100,4
10634,62,100,4
10635,7,100,20
10635,57,100,4
10635,69,100,18
10636,16,100,4
10636,55,100,4
10636,65,100,4
10637,32,100,4
10637,10,100,4
10637,39,100,4
10638,27,100,4
10638,58,100,4
10638,43,100,4
10639,20,100,4
10639,31,100,4
10639,41,100,4
10640,4,100,4
10640,54,100,18
10640,22,100,4
10641,11,100,15
10642,11,100,15
10643,11,100,15
10644,9,100,4
10645,54,100,18
10646,1,100,4
10647,57,100,4
10648,55,100,4
10649,55,100,0
10650,37,100,4
10651,64,100,4
10652,32,100,4
10653,44,100,4
10654,16,100,4
10655,21,100,4
10656,10,100,4
10657,18,100,4
10658,40,100,4
10659,8,100,4
10660,7,100,20
10661,20,100,4
10662,58,100,4
10663,37,100,4
10664,31,100,4
10665,8,100,4
10665,20,100,4
10670,124,100,4
10671,114,100,4
10701,61,100,15
10702,67,100,4
10702,1,100,4
10703,68,100,4
10703,64,100,4
10704,69,100,18
10704,57,100,4
10705,53,100,4
10705,4,100,4
10705,35,100,22
10706,63,100,18
10706,53,100,4
10706,16,100,4
10706,35,100,22
10707,65,100,4
10707,37,100,4
10708,45,100,4
10708,28,100,4
10709,22,100,0
10710,63,100,18
10710,28,100,4
10710,35,100,22
10710,36,100,23
10711,45,100,4
10711,45,100,4
10712,53,100,4
10712,45,100,4
10712,39,100,4
10712,35,100,22
10713,35,100,22
10713,22,100,4
10714,16,100,4
10714,28,100,4
10715,65,100,4
10715,68,100,4
10716,67,100,4
10716,69,100,18
10717,50,100,4
10717,21,100,4
10717,57,100,4
10717,69,100,18
10718,68,100,4
10718,40,100,4
10718,10,100,4
10718,59,100,4
10718,62,100,4
10719,16,100,4
10719,37,100,4
10719,41,100,4
10719,4,100,4
10719,65,100,4
10720,7,100,20
10720,39,100,4
10720,45,100,4
10720,22,100,4
10720,67,100,4
10721,32,100,4
10721,28,100,4
10721,63,100,18
10721,60,100,4
10722,70,100,0
10723,60,100,4
10724,28,100,4
10725,63,100,18
10726,4,100,4
10727,59,100,4
10727,62,100,4
10728,65,100,4
10729,67,100,4
10730,1,100,4
10730,4,100,4
10731,69,100,18
10732,39,100,4
10733,68,100,4
10734,43,100,4
10735,45,100,4
10736,9,100,0
10737,53,100,4
10738,41,100,4
10739,9,100,4
10739,58,100,4
10739,59,100,4
10739,62,100,4
10740,28,100,4
10740,63,100,18
10741,16,100,4
10741,8,100,4
10741,1,100,4
10742,40,100,4
10742,43,100,4
10742,45,100,4
10743,4,100,4
10743,45,100,4
10743,39,100,4
10744,7,100,20
10744,20,100,4
10744,67,100,4
10745,8,100,4
10745,64,100,4
10745,16,100,4
10746,69,100,18
10746,54,100,18
10746,21,100,4
10747,67,100,4
10747,4,100,4
10747,63,100,18
10748,68,100,4
10748,10,100,4
10748,44,100,4
10748,39,100,4
10749,37,100,4
10749,43,100,4
10749,53,100,4
10749,65,100,4
10750,5,100,11
10751,2,100,11
10752,5,100,11
10752,2,100,11
10753,23,100,4
10754,23,100,4
10754,23,100,4
10755,36,100,23
10756,24,100,15
10757,24,100,15
10758,25,100,15
10759,25,100,15
10760,26,100,15
10761,26,100,15
10762,30,100,0
10763,34,100,0
10764,47,100,0
10765,42,100,0
10768,115,100,4
10770,35,100,4
10771,22,100,4
10772,5,100,11
10773,2,100,11
10774,5,100,11
10774,2,100,11
11101,27,100,5
11102,13,100,5
11103,62,120,0
11103,62,91,0
11104,48,100,5
11104,27,100,5
11104,35,100,38
11105,123,100,36
11105,27,100,5
11106,8,100,5
11106,27,100,5
11106,71,100,5
11107,54,100,37
11107,12,100,5
11107,35,100,38
11108,50,100,5
11108,123,100,36
11108,22,100,5
11109,9,100,5
11109,62,100,5
11109,54,100,37
11110,55,100,5
11110,62,100,5
11110,8,100,5
11110,35,100,38
11111,15,100,5
11111,18,100,4
11112,15,100,5
11112,15,100,5
11113,18,100,5
11113,13,100,5
11113,22,100,5
11114,71,100,5
11114,71,100,5
11116,40,100,5
11116,48,100,5
11116,18,100,5
11116,35,100,38
11117,8,100,5
11118,62,100,5
11119,71,100,5
11120,15,100,5
11121,12,100,5
11122,123,100,36
11123,48,100,5
11124,9,100,5
11124,8,100,5
11125,48,120,0
11125,48,91,0
11126,9,100,5
11127,54,111,0
11127,54,91,0
11128,55,100,5
11128,71,100,5
11128,9,100,5
11128,22,100,5
11129,8,100,5
11129,12,100,5
11129,35,100,38
11130,40,100,5
11130,40,100,4
11201,18,100,5
11202,52,100,5
11202,1,100,5
11202,18,100,5
11202,22,100,5
11203,122,100,5
11203,10,100,5
11203,27,100,5
11203,1,100,5
11204,125,100,5
11205,113,100,5
11205,9,100,5
11205,14,100,36
11205,58,100,5
11206,64,100,5
11206,9,100,5
11206,48,100,5
11206,35,100,38
11207,57,100,5
11207,7,100,21
11207,123,100,36
11207,35,100,38
11208,7,100,21
11208,50,100,5
11208,123,100,36
11208,35,100,38
11209,127,100,47
11209,122,100,5
11209,58,100,5
11209,14,100,36
11210,1,100,5
11210,9,100,5
11210,62,100,5
11210,35,100,38
11211,44,100,5
11211,1,100,5
11211,15,100,5
11211,35,100,38
11212,10,100,5
11212,18,100,5
11212,15,100,5
11212,13,100,5
11213,21,100,5
11213,27,100,5
11213,123,100,36
11213,22,100,5
11214,20,100,5
11214,52,100,5
11214,14,100,36
11214,22,100,5
11215,58,100,5
11215,9,100,5
11215,12,100,5
11215,35,100,38
11216,32,100,5
11216,12,100,5
11216,18,100,5
11216,35,100,38
11217,127,100,47
11218,32,100,5
11219,10,100,5
11220,50,100,5
11221,40,100,5
11222,14,100,36
11223,31,100,5
11224,52,100,5
11224,113,100,5
11224,8,100,5
11224,35,100,38
11225,20,100,5
11226,1,100,5
11226,54,100,37
11226,71,100,5
11226,22,100,5
11227,57,100,5
11228,50,100,5
11228,50,100,5
11229,52,100,5
11229,71,100,5
11230,125,100,5
11230,1,100,5
11230,15,100,5
11230,22,100,5
11231,44,100,5
11231,52,100,5
11231,13,100,5
11231,35,100,38
11232,21,120,0
11232,21,91,0
11233,10,100,5
11233,40,100,5
11233,27,100,0
11233,35,100,38
11234,32,100,5
11234,48,100,5
11234,10,100,0
11234,35,100,38
11235,64,100,5
11235,55,100,5
11235,40,100,0
11235,35,100,38
11236,7,100,21
11236,20,100,5
11236,27,100,0
11236,35,100,38
11237,58,100,5
11237,122,100,5
11237,14,100,0
11237,35,100,38
11238,122,120,0
11238,122,91,0
11239,113,100,5
11239,20,100,5
11239,52,100,0
11239,22,100,5
11240,113,100,5
11241,12,100,5
11241,123,100,36
11241,14,100,36
11241,13,100,5
11241,71,100,5
11242,18,100,5
11243,8,100,5
11244,54,100,37
11245,55,100,5
11246,40,100,5
11247,9,100,5
11248,1,100,5
11248,122,100,5
11248,71,100,5
11248,18,100,5
11249,31,100,5
11249,113,100,5
11249,14,100,36
11249,35,100,38
11250,20,100,5
11250,40,100,5
11250,27,100,5
11250,35,100,38
11301,31,100,0
11302,16,100,5
11302,113,100,5
11302,68,100,5
11302,35,100,38
11303,37,100,5
11303,20,100,5
11303,22,100,5
11303,23,100,5
11304,124,100,5
11304,7,100,21
11304,57,100,5
11304,123,100,36
11305,59,100,5
11305,62,100,5
11306,4,100,5
11306,1,100,5
11307,39,100,5
11307,64,100,5
11307,35,100,38
11307,36,100,39
11308,45,100,5
11308,1,100,5
11308,4,100,5
11308,35,100,38
11309,114,100,5
11309,16,100,5
11309,37,100,5
11310,68,100,5
11310,32,100,5
11310,16,100,5
11310,122,100,5
11311,67,100,5
11311,64,100,5
11311,16,100,5
11311,20,100,5
11312,69,100,37
11312,7,100,21
11312,55,100,5
11312,50,100,5
11313,65,100,5
11313,125,100,5
11313,44,100,5
11313,18,100,5
11314,60,100,5
11316,11,100,16
11317,11,100,16
11318,11,100,16
11319,117,100,0
11320,8,100,0
11321,54,100,0
11322,9,100,0
11323,55,100,0
11324,18,100,0
11325,122,100,5
11326,40,100,0
11327,125,100,5
11328,113,100,5
11329,64,100,5
11330,57,100,5
11331,7,100,21
11332,127,100,47
11333,1,100,5
11334,44,100,5
11335,10,100,5
11336,21,100,5
11337,31,100,5
11338,20,100,5
11339,58,100,5
11340,32,100,5
11343,55,100,5
11344,39,100,5
11344,40,100,5
11344,114,100,5
11344,35,100,38
11345,60,100,5
11346,59,100,5
11346,62,100,5
11347,16,100,5
11347,16,100,5
11348,127,100,47
11348,64,100,4
11349,114,100,0
11349,68,100,5
11349,22,100,5
11349,35,100,38
11350,65,100,5
11350,4,100,5
11350,55,100,5
11350,35,100,38
11351,37,100,5
11352,1,100,4
11352,65,100,5
11353,124,100,5
11353,7,100,21
11353,21,100,5
11353,35,100,38
11354,69,100,37
11354,124,100,5
11354,21,100,5
11354,22,100,5
11355,45,100,5
11355,40,100,5
11355,32,100,5
11355,35,100,38
11356,68,100,5
11356,10,100,5
11356,35,100,38
11356,36,100,39
11357,4,100,5
11357,1,100,5
11357,64,100,5
11357,35,100,38
11358,67,100,5
11358,58,100,5
11358,114,100,5
11358,35,100,38
11359,31,100,5
11359,4,100,4
11360,15,100,5
11360,1,100,5
11360,10,100,5
11361,71,100,5
11361,54,100,37
11361,9,100,5
11361,67,100,5
11363,13,100,5
11363,18,100,5
11363,44,100,5
11363,125,100,5
11365,48,100,5
11365,52,100,5
11365,125,100,5
11366,113,100,5
11366,20,100,5
11367,54,100,37
11367,127,100,47
11401,133,100,47
11402,41,100,5
11402,37,100,5
11402,22,100,5
11402,23,100,5
11403,63,100,37
11403,28,100,5
11403,115,100,5
11403,22,100,5
11404,43,100,5
11404,68,100,5
11404,39,100,5
11404,35,100,38
11405,28,100,5
11405,114,100,5
11405,127,100,47
11405,22,100,5
11406,115,100,5
11406,65,100,5
11406,35,100,38
11406,36,100,39
11407,53,100,5
11407,114,100,5
11407,37,100,5
11407,35,100,38
11408,61,100,16
11409,22,100,5
11409,67,100,5
11409,4,100,38
11409,36,100,39
11410,35,100,38
11410,67,100,5
11410,43,100,5
11411,128,100,16
11412,24,100,16
11413,24,100,16
11414,25,100,16
11415,25,100,16
11416,26,100,16
11417,26,100,16
11418,5,100,12
11419,2,100,12
11420,23,100,5
11421,36,100,39
11422,126,100,0
11423,30,100,0
11424,34,100,0
11425,47,100,0
11431,70,100,0
11432,135,100,0
11432,134,100,0
11433,124,100,5
11434,59,100,5
11434,62,100,5
11435,4,100,5
11436,39,100,5
11438,114,100,5
11439,68,100,5
11440,67,100,5
11441,69,100,37
11442,65,100,5
11443,41,100,5
11444,60,100,5
11445,63,100,37
11446,43,100,5
11447,28,100,5
11448,115,100,5
11449,53,100,5
11450,68,100,5
11450,67,100,5
11450,69,100,37
11450,65,100,5
11450,115,100,5
11454,118,100,0
11455,42,100,0
11456,119,100,0
11457,120,100,0
11458,133,100,47
11459,133,100,47
11460,133,100,47
11461,35,100,38
11461,43,100,5
11461,45,100,5
11461,23,100,5
11462,28,100,5
11462,69,100,37
11462,124,100,5
11462,35,100,38
11463,63,100,37
11463,41,100,5
11463,4,100,5
11463,35,100,38
11464,115,100,5
11464,63,100,37
11464,65,100,5
11464,22,100,5
11465,22,100,5
11465,28,100,5
11465,124,100,5
11465,36,100,38
11466,53,100,5
11466,4,100,5
11466,20,100,5
11466,35,100,38
11467,65,100,5
11467,114,100,4
11468,41,100,5
11468,43,100,4
11469,22,100,5
11469,35,100,38
11470,40,100,5
11470,32,100,5
11470,39,100,5
11471,114,100,5
11471,53,100,5
11471,65,100,5
11472,35,100,38
11473,5,100,12
11473,2,100,12
11474,22,100,5
11475,37,100,5
11476,2,100,12
11477,5,100,12
11478,45,100,5
11479,7,100,21
11479,124,100,5
11479,69,100,37
11480,45,100,0
11480,58,100,0
11480,28,100,0
11480,114,100,0
11481,5,100,12
11481,2,100,12
11482,128,100,16
11483,16,100,5
11484,64,100,5
11484,45,100,5
11484,4,100,5
11484,28,100,5
11485,16,100,5
11485,58,100,5
11485,1,100,5
11485,67,100,5
11486,4,100,5
11486,1,100,5
11487,114,100,5
11487,127,100,47
11488,113,100,5
11488,45,100,5
11488,67,100,5
11489,125,100,5
11489,28,100,5
11489,65,100,5
11490,122,100,5
11490,32,100,5
11490,68,100,5
20001,64,100,0
20002,7,100,0
20003,58,100,0
20004,4,100,0
20005,54,100,0
20006,10,100,0
20007,53,100,0
20008,124,100,0
20009,16,100,0
20010,37,100,0
20011,63,100,0
30106,71,100,0
30107,71,100,0
30201,71,100,0
30202,71,100,0
30203,71,100,0
30204,71,100,0
30205,71,100,0
30206,71,100,0
30207,71,100,0
30208,71,100,0
30209,71,100,0
30210,71,100,0
30211,71,100,0
30212,71,100,0
30213,71,100,0
30214,71,100,0
30215,71,100,0
30216,71,100,0
30217,71,100,0
30218,71,100,0
30219,71,100,0
30220,71,100,0
30221,71,100,0
30222,71,100,0
30223,71,100,0
30224,71,100,0
30225,71,100,0
30226,71,100,0
30227,71,100,0
30228,71,100,0
30229,71,100,0
30230,71,100,0
30231,71,100,0
30232,71,100,0
30233,71,100,0
30234,71,100,0
30235,71,100,0
30236,71,100,0
30237,71,100,0
30238,71,100,0
30239,71,100,0
30240,71,100,0
30241,71,100,0
30242,71,100,0
30243,71,100,0
30244,71,100,0
30245,71,100,0
30246,71,100,0
30247,71,100,0
30248,71,100,0
30249,71,100,0
30250,71,100,0
30251,71,100,0
30252,71,100,0
30253,71,100,0
30254,71,100,0
30255,71,100,0
30256,71,100,0
30257,71,100,0
30258,71,100,0
30259,71,100,0
30260,71,100,0
30261,71,100,0
30262,71,100,0
30263,71,100,0
30264,71,100,0
30265,71,100,0
30266,71,100,0
30267,71,100,0
30268,71,100,0
30269,71,100,0
30270,71,100,0
30271,71,100,0
30272,71,100,0
30273,71,100,0
30274,71,100,0
30275,71,100,0
30276,71,100,0
30277,71,100,0
30278,71,100,0
30279,71,100,0
30280,71,100,0
30281,71,100,0
30282,71,100,0
30283,71,100,0
30284,71,100,0
30285,71,100,0
30286,71,100,0
30287,71,100,0
30288,71,100,0
30289,71,100,0
30290,71,100,0
30291,71,100,0
30292,71,100,0
30293,71,100,0
30294,71,100,0
30295,71,100,0
30296,71,100,0
30297,71,100,0
30298,71,100,0
40101,49,100,24
40102,49,100,24
40102,48,100,4
40103,49,104,0
40104,49,100,25
40104,40,100,4
40105,49,100,25
40105,64,100,4
40106,49,98,0
40107,49,100,25
40107,10,100,4
40108,49,100,26
40108,45,100,4
40109,49,100,26
40109,36,100,23
40110,49,100,25
40110,48,100,4
40110,49,100,27
40111,49,100,40
40112,49,97,0
40112,49,100,40
40113,49,100,40
40113,122,100,4
40114,49,100,41
40115,49,96,0
40115,23,100,4
40115,49,100,41
40116,49,110,0
40201,51,100,28
40202,51,100,28
40202,50,100,4
40203,51,100,0
40204,51,100,29
40204,57,100,4
40205,51,100,29
40205,27,100,4
40206,51,100,0
40207,51,100,29
40207,7,100,20
40208,51,100,30
40208,21,100,4
40209,51,100,30
40209,28,100,4
40210,51,100,31
40210,69,100,18
40211,51,100,42
40212,51,98,0
40212,51,100,42
40213,51,100,42
40213,124,100,4
40214,51,100,43
40215,51,96,0
40215,36,100,23
40215,51,100,43
40216,51,125,0
40301,19,100,32
40302,19,100,32
40302,13,100,7
40303,19,110,0
40304,19,100,33
40304,15,100,4
40305,19,100,33
40305,18,100,4
40306,19,98,0
40307,19,100,33
40307,39,100,4
40308,19,100,34
40308,65,100,4
40309,19,100,34
40309,19,100,35
40310,19,100,35
40310,22,100,4
40311,19,100,44
40312,19,98,0
40312,19,100,44
40313,19,100,44
40313,45,100,4
40314,19,100,45
40315,121,96,0
40315,19,100,45
40316,19,120,0
40401,3,100,24
40402,3,100,24
40402,12,100,4
40403,3,100,24
40403,71,100,4
40404,3,100,25
40405,3,100,25
40405,4,100,4
40406,3,98,0
40407,3,100,25
40407,20,100,4
40408,3,100,26
40408,27,100,4
40409,3,104,0
40410,1,120,0
40410,1,98,0
40410,3,100,27
40411,3,100,40
40412,3,100,0
40412,3,100,40
40413,3,100,40
40414,3,100,41
40414,2,100,12
40415,6,96,0
40415,67,100,4
40415,3,100,41
40416,3,110,0
40501,56,100,25
40502,56,100,25
40503,56,104,0
40504,56,100,25
40504,57,100,4
40505,56,100,25
40505,55,100,4
40506,56,98,0
40507,56,100,26
40507,64,100,4
40508,56,100,26
40508,69,100,18
40509,56,100,27
40509,53,100,4
40510,56,100,27
40510,56,100,27
40511,56,100,40
40512,56,100,0
40512,56,100,40
40513,56,100,40
40513,114,100,4
40514,56,100,41
40515,51,96,0
40515,57,100,4
40515,56,100,41
40516,56,110,0
40601,33,100,29
40602,33,100,29
40602,9,100,4
40603,33,100,0
40604,33,100,29
40604,32,100,4
40605,33,100,30
40605,52,100,4
40606,33,100,0
40607,33,100,30
40608,33,100,30
40608,68,100,4
40609,33,100,31
40609,43,100,4
40610,33,100,30
40610,33,100,31
40611,33,100,42
40612,33,98,0
40612,33,100,42
40613,33,100,42
40613,16,100,4
40614,33,100,43
40615,33,96,0
40615,49,100,40
40615,33,100,43
40616,33,125,0
40701,38,100,25
40702,38,100,25
40702,14,100,9
40703,38,104,0
40704,38,100,25
40704,37,100,4
40705,38,100,26
40705,4,100,4
40706,38,98,0
40707,38,100,26
40707,41,100,4
40708,38,100,26
40708,65,100,4
40709,38,100,27
40709,63,100,18
40710,38,100,27
40710,38,100,26
40711,38,100,40
40712,38,97,0
40712,38,100,40
40713,38,100,40
40713,20,100,4
40714,38,100,41
40715,126,100,0
40715,38,100,41
40716,38,110,0
40801,17,100,29
40802,17,100,29
40802,55,100,4
40803,17,100,0
40804,17,100,29
40804,16,100,4
40805,17,100,30
40805,1,100,4
40806,17,100,0
40807,17,100,30
40807,37,100,4
40808,17,100,30
40808,67,100,4
40809,17,100,31
40809,32,100,4
40810,17,100,31
40810,17,100,30
40811,17,100,42
40812,17,100,42
40813,17,98,0
40813,17,100,42
40814,17,100,43
40814,22,100,5
40815,17,96,0
40815,33,96,0
40815,17,100,43
40816,17,125,0
40901,6,100,25
40902,6,100,25
40902,54,100,18
40903,6,100,25
40903,1,100,4
40904,6,98,0
40905,6,100,26
40906,6,100,26
40906,67,100,4
40907,6,100,26
40908,6,100,26
40908,27,100,4
40909,6,104,0
40910,6,100,27
40910,3,100,25
40911,6,100,40
40912,6,100,40
40913,6,97,0
40913,6,100,40
40914,6,100,41
40914,65,100,5
40915,130,100,40
40915,6,100,41
40916,6,110,0
41001,46,100,29
41002,46,100,29
41003,46,100,29
41003,27,100,4
41004,46,100,0
41005,46,100,30
41006,46,100,30
41006,13,100,7
41007,46,100,0
41008,46,100,30
41009,46,105,0
41010,46,100,31
41010,27,100,4
41011,46,100,42
41012,46,100,42
41013,46,98,0
41013,46,100,42
41014,46,100,43
41014,49,100,41
41015,67,100,4
41015,23,100,4
41015,46,100,43
41016,46,125,0
41101,29,100,25
41102,29,100,25
41102,12,100,4
41103,29,100,25
41103,13,100,7
41104,29,100,0
41105,29,100,26
41105,14,100,9
41106,29,98,0
41107,29,100,26
41107,27,100,4
41108,29,100,26
41109,29,105,0
41110,29,100,27
41110,28,100,4
41111,29,100,40
41112,22,100,5
41112,60,100,5
41112,29,100,40
41113,29,97,0
41113,29,100,40
41114,29,100,41
41115,132,96,0
41115,124,100,4
41115,29,100,41
41116,29,110,0
41201,66,100,33
41202,66,100,33
41202,13,100,7
41203,66,100,33
41203,14,100,9
41204,66,100,0
41205,66,100,34
41206,66,98,0
41207,66,100,34
41207,27,100,4
41208,66,100,34
41209,66,110,0
41210,66,100,35
41210,65,100,4
41211,66,100,44
41212,66,98,0
41212,66,100,44
41213,66,100,44
41213,65,100,5
41214,66,100,45
41215,66,96,0
41215,65,100,4
41215,66,100,45
41216,66,120,0
41311,129,100,42
41312,129,98,0
41312,129,100,42
41313,129,100,42
41313,113,100,5
41314,129,100,43
41315,129,96,0
41315,17,96,0
41315,129,100,43
41316,129,125,0
41411,121,100,48
41412,121,97,0
41412,121,100,48
41413,121,100,48
41413,64,100,5
41414,121,100,49
41415,114,100,4
41415,65,100,4
41415,121,100,49
41416,121,115,0
41511,131,100,48
41512,65,100,5
41512,67,100,5
41512,131,100,48
41513,131,100,48
41514,131,100,49
41514,33,100,43
41515,45,100,4
41515,68,100,4
41515,131,100,49
41516,131,115,0
41611,130,100,40
41612,130,100,40
41613,130,97,0
41613,130,100,40
41614,130,100,41
41614,67,100,5
41615,46,96,0
41615,130,100,41
41616,130,110,0
41711,132,100,48
41712,132,100,48
41713,132,98,0
41713,132,100,48
41714,132,100,49
41714,21,100,5
41715,28,100,4
41715,51,96,0
41715,132,100,49
41716,132,115,0
41811,116,100,48
41812,116,100,48
41813,116,100,48
41813,115,100,5
41814,116,100,49
41814,63,100,37
41815,116,96,0
41815,116,114,0
41816,116,115,0
90280,124,100,0
90283,124,100,0
100401,71,100,2
100402,12,100,6
100404,14,100,2
100406,50,100,2
100501,14,100,2
100502,1,100,2
100503,52,100,2
100505,8,100,2
100601,48,100,2
100602,18,100,2
100603,12,100,2
100603,71,100,2
100604,27,100,2
100604,14,100,8
100703,12,100,3
100802,123,100,9
100802,123,100,9
100804,122,100,7
100902,52,100,3
100902,14,100,9
100903,125,100,3
100904,113,100,3
101001,58,100,3
101002,10,100,3
101003,43,100,3
101004,123,100,9
101004,50,100,3
101004,124,100,3
101005,12,100,3
101005,13,100,7
101005,123,100,9
101005,14,100,9
110102,50,100,2
110202,48,100,2
110203,71,100,2
110301,14,100,8
110302,8,100,2
110303,27,100,2
110303,48,100,2
110402,62,100,4
110403,15,100,4
110404,40,100,4
110501,57,100,4
110502,54,100,18
110503,10,100,4
110504,14,100,9
110505,13,100,7
110601,14,95,0
110601,14,110,0
110602,64,100,4
110603,50,100,4
110603,7,100,20
110604,52,100,4
110701,52,100,4
110702,37,95,0
110703,35,100,22
110704,27,100,4
110704,71,100,4
110704,13,100,7
111101,48,100,5
111102,71,100,5
111103,13,100,5
111201,122,100,5
111202,16,100,5
111203,40,100,5
111301,14,100,36
111301,9,100,5
111302,113,100,5
111303,32,100,5
111304,127,100,47
111401,39,100,5
111402,123,100,36
111402,123,100,36
111402,124,100,5
111403,62,100,5
111403,59,100,5
111404,114,90,5
111405,13,100,5
111405,27,100,5
111405,48,100,5
111405,50,100,5
120001,71,100,0
120002,9,100,0
120003,13,100,0
120003,14,100,0
120004,125,100,0
120005,55,100,0
120006,122,100,0
130306,71,100,0
130307,71,100,0
130308,71,100,0
1010004,37,100,0
1010101,16,100,4
1010101,16,100,4
1010102,1,100,0
1010103,69,113,0
1010104,52,115,0
1010104,52,121,0
1010104,37,120,0
1010105,68,100,5
1010106,60,100,4
1010107,26,100,15
1010108,61,120,0
1010109,31,120,0
1010110,68,100,0
1010111,39,100,4
1010112,67,100,4
1010112,67,100,4
1010118,21,100,4
1010119,69,100,18
1010119,64,100,4
1010119,53,100,4
1010120,16,120,0
1010121,24,100,15
1010122,35,100,22
1010123,59,120,0
1010123,62,120,0
1010124,40,100,4
1010125,58,120,0
1010126,28,100,4
1010127,8,89,0
1010127,4,89,0
1010127,28,89,0
1010128,14,120,0
1010128,12,120,0
1010128,13,120,0
1010128,71,120,0
1010129,64,100,4
1010130,68,100,4
1010130,32,100,4
1010131,30,100,0
1010132,36,100,23
1010133,5,100,11
1010133,2,100,11
1010134,23,100,4
1010134,23,100,4
1010135,22,100,4
1010136,5,100,11
1010137,2,100,11
1010138,2,100,11
1010138,5,100,11
1010139,64,100,4
1010140,44,100,4
1010141,18,100,4
1010142,20,100,4
1010143,53,100,4
1010144,45,100,4
1010145,28,100,4
1010146,11,100,15
1010147,25,100,15
1010148,34,100,0
1010149,47,100,0
1010150,42,100,0
1010151,70,100,0
1010152,54,100,18
1010152,21,100,4
1010152,22,100,4
1010153,69,100,18
1010153,67,100,4
1010153,68,100,4
1010153,65,100,4
1010153,35,100,22
1010154,41,100,4
1010154,31,100,4
1010154,53,100,4
1010155,36,100,23
1010155,36,100,23
1010156,36,100,23
1010156,23,100,4
1010157,20,100,4
1010158,71,100,0
1010159,69,100,0
1010161,43,100,4
1010161,69,100,18
1010162,4,100,4
1010163,32,100,4
1010163,28,100,4
1010163,5,100,11
1010163,2,100,11
1010163,45,100,4
1010164,4,100,4
1010164,45,100,4
1010164,53,100,4
1010164,39,100,4
1010164,36,100,23
1010165,40,124,0
1010165,10,124,0
1010165,39,124,0
1010166,41,100,4
1010166,58,100,4
1010166,39,100,4
1010167,37,100,4
1010167,41,100,4
1010168,125,100,4
1010170,36,100,23
1010171,113,100,4
1010172,5,100,11
1010174,64,100,4
1010175,4,100,4
1011001,63,100,37
1011002,18,100,5
1011004,64,100,5
1011005,53,100,5
1011006,54,100,37
1011007,11,100,16
1011008,24,100,16
1011010,2,100,12
1011010,45,100,5
1011011,39,100,5
1011012,53,100,5
1011013,57,100,50
1011013,55,100,50
1011015,127,89,0
1011015,127,115,0
1011016,122,100,50
1011016,125,100,50
1011016,9,100,50
1011017,123,89,0
1011017,21,100,51
1011017,124,100,50
1011018,113,100,51
1011018,114,100,50
1011019,5,96,0
1011019,2,96,0
1011020,67,100,5
1011021,68,100,5
1011022,69,100,37
1011023,65,100,5
1011024,115,95,0
1011024,115,100,50
1011025,36,100,39
1011026,128,100,16
1011027,126,100,0
1011028,23,100,5
1011029,133,100,47
1011030,135,100,0
1011030,134,100,0
1011031,61,100,16
1011032,25,100,16
1011033,26,100,16
1011034,70,100,0
1011035,30,100,0
1011036,34,100,0
1011037,117,100,0
1011038,47,100,0
1011039,42,100,0
1011040,118,100,0
1011041,119,100,0
1011042,120,100,0
1011043,4,100,5
1011043,28,100,5
1011043,32,100,5
1011043,39,100,5
1011043,45,100,5
1011044,53,100,5
1011044,60,100,5
1011044,63,100,37
1011044,65,100,5
1011044,133,100,47
1020001,68,100,0
1020002,65,100,0
1020003,69,100,0
1020004,67,100,0
1020005,39,100,0
1020006,28,100,0
1020006,32,100,0
1020006,45,100,0
1020007,22,100,0
1020007,35,100,0
1020008,69,100,0
1020008,67,100,0
1020008,68,100,0
1020008,65,100,0
1020009,45,100,0
1020010,60,100,0
1020011,28,100,0
1020012,4,100,0
1020013,32,100,0
1020014,69,100,0
1020014,68,100,0
1020014,65,100,0
1020014,67,100,0
1020015,3,100,0
1020016,46,100,0
1020017,33,100,0
1020018,6,100,0
1020019,29,100,0
1020020,114,100,0
1020021,132,100,0
1020022,130,100,0
1020022,131,100,0
1020023,66,100,0
1020023,116,100,0
1020023,133,100,0
1020024,19,100,0
1020025,56,100,0
1020026,49,100,0
1020027,17,100,0
1020028,51,100,0
1020029,129,100,0
1020029,126,100,0
1110001,14,100,8
1110003,14,100,8
1110003,52,100,2
1110004,48,100,2
1110005,13,100,6
1110006,44,100,2
1110007,9,100,2
1110102,27,115,0
1110103,21,118,0
1110104,64,100,4
1110105,52,112,0
1110105,71,120,0
1110106,48,118,0
1110106,50,95,0
1110106,52,95,0
1110106,27,120,0
1110107,10,100,4
1110107,27,100,4
1110108,1,93,0
1110109,4,98,0
1110110,32,100,4
1110111,4,100,4
1110112,48,100,4
1110112,50,100,4
1110112,52,100,4
1111001,65,91,0
1111002,50,114,0
1111002,50,91,0
1111003,122,100,5
1111004,123,100,36
1111004,123,100,36
1111005,114,100,0
1111006,127,100,47
1120001,52,100,0
1120002,40,100,0
1120003,50,100,0
1120004,8,100,0
1120005,48,100,0
1120006,12,100,0
1120006,48,100,0
1120006,8,100,0
1120007,4,100,0
1120008,28,100,0
1120009,32,100,0
1120010,45,100,0
1120011,53,100,0
1120012,71,100,0
1120012,64,100,0
1120012,65,100,0
