table,rate,chance
0,100,100
1,96,10
1,97,10
1,98,10
1,99,10
1,100,20
1,101,10
1,102,10
1,103,10
1,104,10
2,90,1
2,91,2
2,92,2
2,93,2
2,94,2
2,95,4
2,96,4
2,97,4
2,98,6
2,99,6
2,100,10
2,101,8
2,102,8
2,103,4
2,104,4
2,105,4
2,106,3
2,107,3
2,108,3
2,109,3
2,110,3
2,111,3
2,112,2
2,113,2
2,114,2
2,115,2
2,116,2
2,117,1
3,90,1
3,91,1
3,92,1
3,93,1
3,94,1
3,95,2
3,96,2
3,97,2
3,98,2
3,99,2
3,100,4
3,101,4
3,102,6
3,103,6
3,104,6
3,105,10
3,106,6
3,107,6
3,108,6
3,109,6
3,110,4
3,111,4
3,112,2
3,113,2
3,114,2
3,115,2
3,116,2
3,117,1
3,118,1
3,119,1
3,120,1
3,121,1
3,122,1
3,123,1
4,88,1
4,89,1
4,90,1
4,91,1
4,92,1
4,93,1
4,94,1
4,95,1
4,96,2
4,97,2
4,98,2
4,99,2
4,100,4
4,101,4
4,102,4
4,103,4
4,104,4
4,105,10
4,106,6
4,107,6
4,108,6
4,109,4
4,110,4
4,111,4
4,112,2
4,113,2
4,114,2
4,115,2
4,116,2
4,117,2
4,118,2
4,119,2
4,120,2
4,121,2
4,122,1
4,123,1
4,124,1
4,125,1
5,88,2
5,89,2
5,90,2
5,91,2
5,92,2
5,93,2
5,94,2
5,95,2
5,96,2
5,97,2
5,98,2
5,99,2
5,100,2
5,101,2
5,102,2
5,103,2
5,104,2
5,105,2
5,106,3
5,107,3
5,108,3
5,109,3
5,110,8
5,111,3
5,112,3
5,113,2
5,114,2
5,115,3
5,116,3
5,117,3
5,118,3
5,119,3
5,120,3
5,121,3
5,122,3
5,123,4
5,124,4
5,125,2
6,90,1
6,91,1
6,92,1
6,93,2
6,94,2
6,95,2
6,96,2
6,97,2
6,98,2
6,99,4
6,100,4
6,101,4
6,102,4
6,103,6
6,104,6
6,105,10
6,106,8
6,107,8
6,108,6
6,109,6
6,110,4
6,111,4
6,112,2
6,113,2
6,114,2
6,115,2
6,116,2
6,117,1
7,88,1
7,89,1
7,90,1
7,91,1
7,92,1
7,93,1
7,94,1
7,95,1
7,96,2
7,97,2
7,98,2
7,99,2
7,100,2
7,101,2
7,102,2
7,103,4
7,104,4
7,105,4
7,106,4
7,107,4
7,108,10
7,109,6
7,110,6
7,111,6
7,112,4
7,113,4
7,114,4
7,115,2
7,116,2
7,117,2
7,118,2
7,119,2
7,120,2
7,121,2
7,122,1
7,123,1
7,124,1
7,125,1
8,90,1
8,91,1
8,92,1
8,93,1
8,94,1
8,95,1
8,96,1
8,97,1
8,98,1
8,99,1
8,100,1
8,101,2
8,102,2
8,103,2
8,104,2
8,105,4
8,106,6
8,107,6
8,108,8
8,109,8
8,110,12
8,111,8
8,112,8
8,113,8
8,114,8
8,115,2
8,116,2
8,117,1
9,88,1
9,89,1
9,90,1
9,91,1
9,92,1
9,93,1
9,94,1
9,95,1
9,96,1
9,97,1
9,98,1
9,99,1
9,100,2
9,101,2
9,102,2
9,103,2
9,104,2
9,105,2
9,106,4
9,107,4
9,108,4
9,109,6
9,110,6
9,111,8
9,112,10
9,113,8
9,114,8
9,115,2
9,116,2
9,117,2
9,118,2
9,119,2
9,120,2
9,121,2
9,122,1
9,123,1
9,124,1
9,125,1
10,97,1
10,98,2
10,99,2
10,100,2
10,101,2
10,102,4
10,103,4
10,104,4
10,105,4
10,106,4
10,107,6
10,108,6
10,109,6
10,110,10
10,111,6
10,112,6
10,113,6
10,114,6
10,115,4
10,116,4
10,117,2
10,118,2
10,119,2
10,120,2
10,121,1
10,122,1
10,123,1
11,95,1
11,96,1
11,97,1
11,98,1
11,99,1
11,100,1
11,101,2
11,102,2
11,103,2
11,104,2
11,105,4
11,106,4
11,107,4
11,108,4
11,109,4
11,110,12
11,111,10
11,112,10
11,113,8
11,114,8
11,115,2
11,116,2
11,117,2
11,118,2
11,119,2
11,120,2
11,121,2
11,122,1
11,123,1
11,124,1
11,125,1
12,95,2
12,96,2
12,97,2
12,98,1
12,99,1
12,100,1
12,101,1
12,102,1
12,103,2
12,104,2
12,105,2
12,106,2
12,107,2
12,108,2
12,109,2
12,110,3
12,111,4
12,112,5
12,113,7
12,114,10
12,115,7
12,116,5
12,117,5
12,118,5
12,119,4
12,120,4
12,121,3
12,122,3
12,123,4
12,124,4
12,125,2
13,90,1
13,91,1
13,92,1
13,93,1
13,94,1
13,95,1
13,96,1
13,97,2
13,98,2
13,99,2
13,100,2
13,101,4
13,102,4
13,103,4
13,104,4
13,105,6
13,106,6
13,107,6
13,108,10
13,109,8
13,110,8
13,111,6
13,112,6
13,113,4
13,114,4
13,115,2
13,116,2
13,117,1
14,90,1
14,91,1
14,92,1
14,93,1
14,94,1
14,95,1
14,96,1
14,97,1
14,98,1
14,99,2
14,100,2
14,101,2
14,102,2
14,103,4
14,104,4
14,105,4
14,106,4
14,107,6
14,108,6
14,109,6
14,110,10
14,111,8
14,112,8
14,113,6
14,114,6
14,115,2
14,116,2
14,117,1
14,118,1
14,119,1
14,120,1
14,121,1
14,122,1
14,123,1
15,88,1
15,89,1
15,90,1
15,91,1
15,92,1
15,93,1
15,94,1
15,95,1
15,96,1
15,97,1
15,98,1
15,99,1
15,100,2
15,101,2
15,102,2
15,103,2
15,104,2
15,105,2
15,106,4
15,107,4
15,108,6
15,109,6
15,110,10
15,111,8
15,112,8
15,113,6
15,114,6
15,115,2
15,116,2
15,117,2
15,118,2
15,119,2
15,120,2
15,121,2
15,122,1
15,123,1
15,124,1
15,125,1
16,88,2
16,89,2
16,90,2
16,91,2
16,92,2
16,93,2
16,94,2
16,95,2
16,96,2
16,97,2
16,98,2
16,99,2
16,100,2
16,101,2
16,102,2
16,103,2
16,104,2
16,105,2
16,106,2
16,107,2
16,108,2
16,109,2
16,110,3
16,111,3
16,112,4
16,113,4
16,114,8
16,115,4
16,116,4
16,117,3
16,118,3
16,119,3
16,120,3
16,121,2
16,122,2
16,123,4
16,124,4
16,125,2
17,90,1
17,91,2
17,92,2
17,93,2
17,94,2
17,95,4
17,96,4
17,97,4
17,98,8
17,99,8
17,100,10
17,101,10
17,102,10
17,103,8
17,104,8
17,105,4
17,106,4
17,107,2
17,108,2
17,109,2
17,110,2
17,111,1
18,88,1
18,89,1
18,90,1
18,91,1
18,92,1
18,93,1
18,94,1
18,95,2
18,96,2
18,97,2
18,98,2
18,99,2
18,100,4
18,101,4
18,102,6
18,103,6
18,104,10
18,105,10
18,106,8
18,107,8
18,108,8
18,109,4
18,110,4
18,111,4
18,112,2
18,113,2
18,114,2
18,115,1
19,90,1
19,91,2
19,92,2
19,93,2
19,94,2
19,95,4
19,96,4
19,97,4
19,98,6
19,99,6
19,100,10
19,101,8
19,102,8
19,103,8
19,104,8
19,105,6
19,106,6
19,107,4
19,108,4
19,109,2
19,110,2
19,111,1
20,88,1
20,89,1
20,90,1
20,91,1
20,92,1
20,93,1
20,94,1
20,95,1
20,96,1
20,97,2
20,98,2
20,99,2
20,100,4
20,101,4
20,102,4
20,103,6
20,104,6
20,105,12
20,106,10
20,107,10
20,108,8
20,109,4
20,110,4
20,111,4
20,112,2
20,113,2
20,114,2
20,115,2
20,116,1
21,88,2
21,89,2
21,90,2
21,91,2
21,92,2
21,93,2
21,94,2
21,95,2
21,96,2
21,97,2
21,98,2
21,99,2
21,100,2
21,101,2
21,102,3
21,103,3
21,104,4
21,105,4
21,106,5
21,107,7
21,108,12
21,109,6
21,110,5
21,111,5
21,112,4
21,113,4
21,114,4
21,115,4
21,116,2
22,88,1
22,89,1
22,90,1
22,91,1
22,92,1
22,93,1
22,94,1
22,95,1
22,96,1
22,97,1
22,98,2
22,99,2
22,100,2
22,101,2
22,102,2
22,103,2
22,104,2
22,105,2
22,106,2
22,107,2
22,108,4
22,109,4
22,110,8
22,111,6
22,112,6
22,113,4
22,114,4
22,115,4
22,116,4
22,117,4
22,118,2
22,119,2
22,120,2
22,121,2
22,122,2
22,123,2
22,124,2
22,125,2
22,126,2
22,127,1
22,128,1
22,129,1
22,130,1
23,88,1
23,89,1
23,90,2
23,91,1
23,92,1
23,93,1
23,94,1
23,95,1
23,96,1
23,97,1
23,98,1
23,99,1
23,100,1
23,101,1
23,102,1
23,103,1
23,104,1
23,105,1
23,106,1
23,107,2
23,108,2
23,109,2
23,110,2
23,111,2
23,112,4
23,113,4
23,114,4
23,115,6
23,116,4
23,117,4
23,118,2
23,119,2
23,120,4
23,121,4
23,122,4
23,123,4
23,124,4
23,125,4
23,126,4
23,127,4
23,128,4
23,129,2
23,130,2
24,96,10
24,97,10
24,98,10
24,99,10
24,100,20
24,101,10
24,102,10
24,103,10
24,104,10
25,96,2
25,97,5
25,98,8
25,99,8
25,100,15
25,101,25
25,102,15
25,103,10
25,104,8
25,105,3
25,106,1
26,95,1
26,96,2
26,97,3
26,98,4
26,99,5
26,100,8
26,101,12
26,102,25
26,103,19
26,104,10
26,105,4
26,106,3
26,107,2
26,108,1
26,109,1
27,95,1
27,96,2
27,97,2
27,98,3
27,99,3
27,100,5
27,101,8
27,102,12
27,103,25
27,104,21
27,105,5
27,106,4
27,107,3
27,108,3
27,109,2
27,110,1
28,98,10
28,99,12
28,100,17
28,101,14
28,102,10
28,103,8
28,104,8
28,105,6
28,106,4
28,107,4
28,108,3
28,109,2
28,110,2
29,97,1
29,98,3
29,99,3
29,100,5
29,101,5
29,102,8
29,103,15
29,104,10
29,105,8
29,106,8
29,107,5
29,108,5
29,109,3
29,110,3
29,111,3
29,112,2
29,113,2
29,114,2
29,115,2
29,116,2
29,117,2
29,118,2
29,119,1
30,95,1
30,96,1
30,97,1
30,98,2
30,99,2
30,100,2
30,101,2
30,102,4
30,103,4
30,104,6
30,105,6
30,106,12
30,107,8
30,108,8
30,109,5
30,110,5
30,111,4
30,112,4
30,113,3
30,114,3
30,115,3
30,116,3
30,117,2
30,118,2
30,119,2
30,120,2
30,121,1
30,122,1
30,123,1
31,95,1
31,96,1
31,97,1
31,98,1
31,99,1
31,100,1
31,101,2
31,102,2
31,103,2
31,104,2
31,105,4
31,106,4
31,107,4
31,108,4
31,109,10
31,110,8
31,111,8
31,112,6
31,113,6
31,114,6
31,115,4
31,116,4
31,117,3
31,118,3
31,119,3
31,120,2
31,121,2
31,122,2
31,123,1
31,124,1
31,125,1
32,98,10
32,99,12
32,100,17
32,101,14
32,102,10
32,103,8
32,104,8
32,105,6
32,106,4
32,107,4
32,108,3
32,109,2
32,110,2
33,97,1
33,98,3
33,99,3
33,100,5
33,101,6
33,102,10
33,103,15
33,104,12
33,105,8
33,106,8
33,107,6
33,108,5
33,109,3
33,110,3
33,111,3
33,112,2
33,113,2
33,114,2
33,115,2
33,116,1
34,95,1
34,96,1
34,97,1
34,98,2
34,99,2
34,100,2
34,101,2
34,102,4
34,103,5
34,104,6
34,105,8
34,106,15
34,107,10
34,108,8
34,109,6
34,110,5
34,111,4
34,112,4
34,113,3
34,114,3
34,115,2
34,116,2
34,117,2
34,118,1
34,119,1
35,95,1
35,96,1
35,97,1
35,98,1
35,99,1
35,100,1
35,101,2
35,102,2
35,103,2
35,104,2
35,105,4
35,106,4
35,107,6
35,108,8
35,109,13
35,110,10
35,111,9
35,112,8
35,113,6
35,114,4
35,115,3
35,116,3
35,117,3
35,118,2
35,119,2
35,120,1
36,88,2
36,89,2
36,90,2
36,91,2
36,92,2
36,93,2
36,94,2
36,95,2
36,96,2
36,97,2
36,98,2
36,99,2
36,100,2
36,101,2
36,102,2
36,103,2
36,104,2
36,105,2
36,106,2
36,107,2
36,108,2
36,109,2
36,110,3
36,111,3
36,112,4
36,113,4
36,114,8
36,115,4
36,116,4
36,117,3
36,118,3
36,119,3
36,120,3
36,121,2
36,122,2
36,123,4
36,124,4
36,125,2
37,88,2
37,89,2
37,90,2
37,91,2
37,92,2
37,93,2
37,94,2
37,95,2
37,96,2
37,97,2
37,98,2
37,99,2
37,100,2
37,101,3
37,102,3
37,103,4
37,104,4
37,105,5
37,106,5
37,107,6
37,108,10
37,109,6
37,110,5
37,111,5
37,112,4
37,113,4
37,114,6
37,115,4
38,88,2
38,89,2
38,90,2
38,91,1
38,92,1
38,93,1
38,94,1
38,95,1
38,96,1
38,97,1
38,98,1
38,99,1
38,100,1
38,101,1
38,102,1
38,103,1
38,104,1
38,105,1
38,106,1
38,107,1
38,108,2
38,109,2
38,110,2
38,111,2
38,112,3
38,113,4
38,114,5
38,115,8
38,116,5
38,117,4
38,118,3
38,119,3
38,120,4
38,121,4
38,122,3
38,123,3
38,124,3
38,125,3
38,126,2
38,127,2
38,128,4
38,129,4
38,130,2
39,88,3
39,89,3
39,90,3
39,96,1
39,97,1
39,98,1
39,99,1
39,100,1
39,101,1
39,102,1
39,103,1
39,104,1
39,105,1
39,106,1
39,107,1
39,108,1
39,109,1
39,110,1
39,111,1
39,112,1
39,113,1
39,114,1
39,115,1
39,116,2
39,117,3
39,118,4
39,119,7
39,120,6
39,121,6
39,122,5
39,123,5
39,124,5
39,125,5
39,126,4
39,127,4
39,128,6
39,129,5
39,130,4
40,95,2
40,96,2
40,97,2
40,98,2
40,99,2
40,100,2
40,101,2
40,102,15
40,103,20
40,104,25
40,105,6
40,106,5
40,107,5
40,108,4
40,109,3
40,110,3
41,95,3
41,96,3
41,97,1
41,98,1
41,99,1
41,100,1
41,101,1
41,102,1
41,103,20
41,104,28
41,105,9
41,106,8
41,107,7
41,108,6
41,109,5
41,110,5
42,95,1
42,96,1
42,97,2
42,98,1
42,99,1
42,100,1
42,101,1
42,102,1
42,103,2
42,104,2
42,105,2
42,106,3
42,107,3
42,108,4
42,109,4
42,110,5
42,111,7
42,112,10
42,113,8
42,114,6
42,115,5
42,116,4
42,117,4
42,118,4
42,119,3
42,120,3
42,121,3
42,122,3
42,123,3
42,124,2
42,125,1
43,95,2
43,96,2
43,97,2
43,98,1
43,99,1
43,100,1
43,101,1
43,102,1
43,103,1
43,104,1
43,105,1
43,106,2
43,107,2
43,108,2
43,109,2
43,110,2
43,111,3
43,112,4
43,113,5
43,114,7
43,115,10
43,116,7
43,117,6
43,118,6
43,119,5
43,120,5
43,121,4
43,122,4
43,123,4
43,124,4
43,125,2
44,95,1
44,96,1
44,97,2
44,98,1
44,99,1
44,100,1
44,101,1
44,102,1
44,103,2
44,104,2
44,105,2
44,106,3
44,107,3
44,108,5
44,109,7
44,110,9
44,111,14
44,112,10
44,113,8
44,114,5
44,115,4
44,116,4
44,117,4
44,118,3
44,119,3
44,120,3
45,95,2
45,96,2
45,97,2
45,98,1
45,99,1
45,100,1
45,101,1
45,102,1
45,103,1
45,104,1
45,105,2
45,106,2
45,107,2
45,108,3
45,109,3
45,110,5
45,111,7
45,112,9
45,113,14
45,114,7
45,115,7
45,116,6
45,117,5
45,118,5
45,119,5
45,120,5
46,88,1
46,89,1
46,90,1
46,91,1
46,92,1
46,93,1
46,94,1
46,95,2
46,96,2
46,97,2
46,98,2
46,99,3
46,100,4
46,101,4
46,102,5
46,103,6
46,104,8
46,105,10
46,106,8
46,107,6
46,108,5
46,109,4
46,110,4
46,111,3
46,112,3
46,113,3
46,114,2
46,115,2
46,116,2
46,117,1
46,118,1
46,119,1
47,88,2
47,89,2
47,90,2
47,91,1
47,92,1
47,93,1
47,94,1
47,95,1
47,96,1
47,97,1
47,98,1
47,99,2
47,100,2
47,101,2
47,102,2
47,103,3
47,104,3
47,105,4
47,106,4
47,107,5
47,108,7
47,109,8
47,110,10
47,111,6
47,112,4
47,113,4
47,114,4
47,115,3
47,116,3
47,117,4
47,118,3
47,119,3
48,95,2
48,96,2
48,97,1
48,98,1
48,99,1
48,100,2
48,101,2
48,102,3
48,103,3
48,104,5
48,105,7
48,106,10
48,107,15
48,108,12
48,109,8
48,110,6
48,111,5
48,112,5
48,113,4
48,114,3
48,115,3
49,95,3
49,96,3
49,97,1
49,98,1
49,99,1
49,100,1
49,101,1
49,102,2
49,103,2
49,104,3
49,105,4
49,106,5
49,107,7
49,108,10
49,109,16
49,110,9
49,111,8
49,112,7
49,113,6
49,114,6
49,115,4
50,110,8
50,111,10
50,112,14
50,113,10
50,114,8
50,115,5
50,116,5
50,117,5
50,118,4
50,119,4
50,120,4
50,121,4
50,122,4
50,123,6
50,124,5
50,125,4
51,88,9
51,89,12
51,90,14
51,91,6
51,92,7
51,93,7
51,94,9
51,95,14
51,96,5
51,97,5
51,98,3
51,99,3
51,100,2
51,101,2
51,102,1
51,103,1
