tree,kind,m20,m15,m10,p10,p15,p20
0,0,0,0,0,0,0,0
1,0,2,2,2,1,1,1
2,0,4,4,4,3,3,3
3,0,6,6,6,5,5,5
4,0,9,9,9,8,7,7
5,0,0,0,0,11,10,10
6,0,0,0,0,13,12,12
7,0,0,0,0,14,14,14
8,0,0,0,0,15,15,15
9,0,17,17,17,16,16,16
10,0,19,19,19,18,18,18
11,0,0,0,0,20,20,20
12,0,0,0,0,21,21,21
13,0,0,0,0,22,22,22
14,0,0,0,0,23,23,23
15,0,0,0,0,24,24,24
16,0,0,0,0,26,25,25
17,0,28,28,28,27,27,27
18,0,34,33,32,31,30,29
19,0,40,39,38,37,36,35
20,0,44,44,43,42,41,41
21,0,47,47,47,46,45,45
22,0,50,50,50,49,48,48
23,0,53,53,53,52,51,51
24,0,56,56,56,55,54,54
25,0,59,59,59,58,57,57
26,0,0,0,0,60,60,60
27,0,63,63,63,62,61,61
28,0,66,66,66,65,64,64
29,0,69,69,69,68,67,67
30,0,72,72,72,71,70,70
31,0,75,75,75,74,73,73
32,0,77,77,77,76,76,76
33,0,80,80,80,79,78,78
34,0,82,82,82,81,81,81
35,0,0,0,0,84,83,83
36,0,86,86,86,85,85,85
37,0,88,88,88,87,87,87
38,0,0,0,0,89,89,89
39,0,0,0,0,90,90,90
40,0,0,0,0,91,91,91
41,0,0,0,0,92,92,92
42,0,0,0,0,93,93,93
43,0,0,0,0,94,94,94
44,0,0,0,0,95,95,95
45,0,101,100,99,98,97,96
46,0,107,106,105,104,103,102
47,0,111,111,110,109,108,108
48,0,0,0,0,112,112,112
49,0,0,0,0,113,113,113
50,0,0,0,0,114,114,114
51,0,0,0,0,115,115,115
52,0,0,0,0,116,116,116
53,0,0,0,0,118,117,117
54,0,0,0,0,120,119,119
55,0,0,0,0,122,121,121
56,0,0,0,0,124,123,123
57,0,0,0,0,125,125,125
58,0,0,0,0,126,126,126
59,0,0,0,0,127,127,127
60,0,0,0,0,129,128,128
61,0,0,0,0,131,130,130
62,0,0,0,0,132,132,132
63,0,0,0,0,133,133,133
64,0,0,0,0,134,134,134
65,0,0,0,0,135,135,135
66,0,0,0,0,136,136,136
67,0,0,0,0,137,137,137
68,0,0,0,0,138,138,138
69,0,0,0,0,139,139,139
70,0,145,144,143,142,141,140
71,0,0,0,0,146,146,146
72,0,0,0,0,147,147,147
73,0,0,0,0,148,148,148
74,0,0,0,0,149,149,149
75,0,0,0,0,150,150,150
76,0,0,0,0,151,151,151
77,0,153,153,153,152,152,152
78,0,155,155,155,154,154,154
79,0,159,159,158,157,156,156
80,0,161,161,161,160,160,160
81,0,0,0,0,162,162,162
82,0,165,165,165,164,163,163
83,0,0,0,0,166,166,166
84,0,0,0,0,167,167,167
85,0,170,170,170,169,168,168
86,0,0,0,0,171,171,171
87,0,0,0,0,172,172,172
88,0,0,0,0,173,173,173
89,0,0,0,0,174,174,174
90,0,0,0,0,176,175,175
91,0,0,0,0,177,177,177
92,0,0,0,0,178,178,178
93,0,0,0,0,180,179,179
94,0,0,0,0,182,181,181
95,0,0,0,0,183,183,183
96,0,0,0,0,184,184,184
97,0,0,0,0,185,185,185
98,0,188,188,188,187,186,186
99,0,0,0,0,189,189,189
100,0,0,0,0,190,190,190
101,0,0,0,0,191,191,191
102,0,0,0,0,192,192,192
103,0,194,194,194,193,193,193
104,0,0,0,0,195,195,195
105,0,0,0,0,196,196,196
106,0,198,198,198,197,197,197
107,0,0,0,0,199,199,199
108,0,0,0,0,200,200,200
109,0,0,0,0,201,201,201
110,0,0,0,0,202,202,202
111,0,0,0,0,204,203,203
112,0,0,0,0,205,205,205
113,0,0,0,0,206,206,206
114,0,0,0,0,207,207,207
115,0,209,209,209,208,208,208
116,0,0,0,0,210,210,210
117,0,212,212,212,211,211,211
118,0,216,216,215,214,213,213
119,0,218,218,218,217,217,217
120,0,0,0,0,220,219,219
121,0,224,224,223,222,221,221
122,0,0,0,0,226,225,225
123,0,229,229,229,228,227,227
124,0,0,0,0,230,230,230
125,0,0,0,0,231,231,231
126,0,0,0,0,232,232,232
127,0,0,0,0,234,233,233
128,0,238,238,237,236,235,235
129,0,0,0,0,239,239,239
130,0,0,0,0,240,240,240
131,0,243,243,243,242,241,241
132,0,0,0,0,244,244,244
133,0,0,0,0,246,245,245
134,0,250,250,249,248,247,247
135,0,255,255,254,253,252,251
136,0,0,0,0,257,256,256
137,0,0,0,0,259,258,258
138,0,0,0,0,260,260,260
139,0,0,0,0,261,261,261
140,0,0,0,0,262,262,262
141,0,0,0,0,263,263,263
142,0,0,0,0,264,264,264
143,0,0,0,0,265,265,265
144,1,0,0,0,266,266,266
145,1,0,0,0,267,267,267
146,1,0,0,0,268,268,268
147,1,0,0,0,269,269,269
148,1,0,0,0,270,270,270
149,1,0,0,0,271,271,271
150,1,0,0,0,272,272,272
151,1,0,0,0,273,273,273
152,1,0,0,0,274,274,274
153,1,0,0,0,275,275,275
154,1,0,0,0,276,276,276
155,1,0,0,0,277,277,277
156,1,0,0,0,278,278,278
157,1,0,0,0,279,279,279
158,1,0,0,0,280,280,280
159,1,0,0,0,281,281,281
160,1,0,0,0,282,282,282
161,1,0,0,0,283,283,283
162,2,0,0,0,284,284,284
163,2,0,0,0,285,285,285
164,2,0,0,0,286,286,286
165,2,0,0,0,287,287,287
166,2,0,0,0,288,288,288
167,2,0,0,0,289,289,289
168,2,0,0,0,290,290,290
169,2,0,0,0,291,291,291
170,2,0,0,0,292,292,292
171,2,0,0,0,293,293,293
172,2,0,0,0,294,294,294
173,2,0,0,0,295,295,295
174,2,0,0,0,296,296,296
175,2,0,0,0,297,297,297
176,2,0,0,0,298,298,298
177,2,0,0,0,299,299,299
178,2,0,0,0,300,300,300
179,2,0,0,0,301,301,301
180,0,0,0,0,302,302,302
181,0,0,0,0,303,303,303
182,0,0,0,0,304,304,304
183,0,0,0,0,305,305,305
184,0,0,0,0,306,306,306
185,0,0,0,0,307,307,307
186,0,0,0,0,308,308,308
187,0,0,0,0,309,309,309
188,0,0,0,0,310,310,310
189,0,0,0,0,311,311,311
190,0,0,0,0,312,312,312
191,0,0,0,0,313,313,313
192,0,0,0,0,314,314,314
193,0,0,0,0,315,315,315
194,0,0,0,0,316,316,316
195,0,0,0,0,317,317,317
196,0,0,0,0,318,318,318
197,0,0,0,0,319,319,319
198,0,0,0,0,320,320,320
199,0,0,0,0,321,321,321
200,0,0,0,0,322,322,322
201,0,0,0,0,323,323,323
202,0,0,0,0,324,324,324
203,0,0,0,0,0,0,0
204,0,0,0,0,326,326,326
205,0,0,0,0,327,327,327
