list,records,ids
weapon:0,95,
weapon:1,82,
weapon:2,84,
weapon:3,86,
weapon:4,84,
weapon:6,98,
weapon:7,82,
weapon:8,81,
weapon:9,80,
weapon:10,90,
weapon:11,86,
weapon:12,75,
weapon:13,66,
weapon:14,63,
armor:1,563,11121122222222222212212212222222422424112122222222222222222222222421222222422222242222222222142222222222222222422211122222122222222222222222122222222222222222222222222422242422222222222222222222221222222121222222222222222222242222222222222222224422212424122222222222222224442222222222222222222222222122222212222222242224242222222222244222222222222222222222222222122122211222222222222222222222222222222222222222222221222212224222224222222222222222422222222222222224442224222442221222222222222222244442222222222222222222222222222222222224422222222222442442241222422
armor:2,554,11121112222222222212222122222224224242222222222222222222222222422222222422222242222222222142222221222222222242222222212222222222222222222222222222222222222222222242224242222222222222222222222222221222222222222222222242222222222222222224422212424222222222222222244422222222222222222222222222222221122222222422242422222222222442222222222222222222222222122222222222222222222222222222222222222222222222222222222224222224222222222222222422222222222222224442224222442222222222222222222444422222222222222222222222222222222222244222222222222442442242222222242222
armor:3,538,1112112222222222222212222122222242424222222222222222222222224222222224222222422222222221422222222222224222222222212222222222222222222222222222222222222222222422242422222222222222222222222222212222222222222222222422222222222222222244222124242222222222222222444222222222222222222222222212222221222222222242242422222222224422222222222222222222222221222222222222222222222222222222222222222222222222222222224222224222222222222222422222222222222224442224222442221222222222222222244442222222222222222222222222222222222224422222222244244224222422
armor:4,517,1112111221122222222122221222222242424222222222222222222222242222222422222242222222222422222212221122222422212222222222222222222222222222222222222222222242224242222222222222222222222222222222222222222222224222222222222222222442221242422222222222222224442222222222222222222222222222222122222224224242222222222244222222222222222222222222122222222222222222222222222222222222222222222222222222422222422222222222222242222222222222222444222422244222222222222222222244442222222222222222222222222222222222224422222222244222422
armor:5,548,11121112222222222222122221222222242424222222222222222222222224222222224222222422222222221422222212222222242222222221222222222222222222222222222222222222222222224222424222222222222222222222222222122222222222222222222242222222222222222224422212424222222222222222244422222222222222222222222222222221122222222222422424222222222224422222222222222222222222212222222222222222222222222222222222222222222222222222222222422222422222222222222242222222222222222444222422244222222222222222222244442222222222222222222222222222222222224422222222222442442242222422
deco,275,
palico:weapon,508,
palico:helm,526,
palico:mail,526,
