kind,tier,skill,min,max
skill1,97,1,1,5
skill1,97,2,1,5
skill1,97,3,1,5
skill1,97,4,1,8
skill1,97,7,1,7
skill1,97,8,1,7
skill1,97,9,1,10
skill1,97,10,1,10
skill1,97,13,1,10
skill1,97,14,1,7
skill1,97,15,1,3
skill1,97,17,1,5
skill1,97,18,1,4
skill1,97,19,1,4
skill1,97,20,1,8
skill1,97,21,1,6
skill1,97,22,1,6
skill1,97,23,1,6
skill1,97,24,1,6
skill1,97,25,1,6
skill1,97,47,1,6
skill1,97,52,1,8
skill1,97,53,1,8
skill1,97,54,1,8
skill1,97,55,1,8
skill1,97,56,1,8
skill1,97,57,1,8
skill1,97,58,1,8
skill1,97,59,1,8
skill1,97,60,1,8
skill1,97,61,1,8
skill1,97,62,1,8
skill1,97,63,1,8
skill1,97,64,1,8
skill1,97,68,1,5
skill1,97,70,1,4
skill1,97,89,1,6
skill1,97,90,1,6
skill1,97,92,1,6
skill1,97,99,1,4
skill1,97,103,1,8
skill1,97,104,1,3
skill1,97,105,1,3
skill1,97,106,1,10
skill1,97,111,1,8
skill1,97,112,1,8
skill1,97,113,1,8
skill1,97,114,1,8
skill1,97,119,1,8
skill1,97,120,1,8
skill1,97,121,1,8
skill1,97,122,1,10
skill1,97,127,1,8
skill1,97,128,1,10
skill1,97,129,1,8
skill1,97,130,1,8
skill1,97,131,1,10
skill1,97,132,1,8
skill1,97,134,1,10
slots,97,,0,1
skill1,98,1,1,5
skill1,98,2,1,5
skill1,98,3,1,5
skill1,98,4,1,8
skill1,98,6,1,4
skill1,98,7,1,7
skill1,98,8,1,7
skill1,98,14,1,7
skill1,98,18,1,4
skill1,98,19,1,4
skill1,98,20,1,8
skill1,98,21,1,6
skill1,98,22,1,6
skill1,98,23,1,6
skill1,98,24,1,6
skill1,98,25,1,6
skill1,98,27,1,7
skill1,98,28,1,7
skill1,98,29,1,7
skill1,98,30,1,7
skill1,98,31,1,7
skill1,98,33,1,4
skill1,98,34,1,4
skill1,98,39,1,4
skill1,98,42,1,6
skill1,98,45,1,4
skill1,98,47,1,6
skill1,98,52,1,6
skill1,98,53,1,10
skill1,98,54,1,10
skill1,98,55,1,10
skill1,98,56,1,10
skill1,98,63,1,10
skill1,98,64,1,10
skill1,98,69,1,3
skill1,98,70,1,4
skill1,98,73,1,3
skill1,98,74,1,3
skill1,98,79,1,6
skill1,98,80,1,6
skill1,98,82,1,6
skill1,98,85,1,6
skill1,98,86,1,4
skill1,98,87,1,6
skill1,98,88,1,6
skill1,98,89,1,6
skill1,98,90,1,6
skill1,98,92,1,6
skill1,98,98,1,6
skill1,98,99,1,5
skill1,98,100,1,3
skill1,98,101,1,3
skill1,98,104,1,5
skill1,98,105,1,5
skill1,98,107,1,3
skill1,98,109,1,3
skill1,98,110,1,6
skill1,98,111,1,8
skill1,98,114,1,8
skill1,98,115,1,7
skill1,98,117,1,6
skill1,98,118,1,7
skill1,98,120,1,8
skill1,98,121,1,8
skill1,98,123,1,4
skill1,98,124,1,3
skill1,98,125,1,3
skill1,98,127,1,8
skill1,98,130,1,8
skill1,98,132,1,8
skill1,98,133,1,3
skill2,98,1,-10,7
skill2,98,2,-10,7
skill2,98,3,-10,7
skill2,98,4,-10,10
skill2,98,7,-10,8
skill2,98,8,-10,8
skill2,98,9,-10,10
skill2,98,10,-10,10
skill2,98,13,-10,10
skill2,98,14,-10,8
skill2,98,15,-5,5
skill2,98,16,-5,5
skill2,98,17,-10,10
skill2,98,18,-7,7
skill2,98,19,-7,7
skill2,98,20,-10,10
skill2,98,21,-10,10
skill2,98,22,-10,10
skill2,98,23,-10,10
skill2,98,24,-10,10
skill2,98,25,-10,10
skill2,98,33,-4,4
skill2,98,41,-5,5
skill2,98,47,-10,10
skill2,98,52,-8,8
skill2,98,53,-10,10
skill2,98,54,-10,10
skill2,98,55,-10,10
skill2,98,56,-10,10
skill2,98,57,-10,10
skill2,98,58,-10,10
skill2,98,59,-10,10
skill2,98,60,-10,12
skill2,98,61,-10,12
skill2,98,62,-10,10
skill2,98,63,-10,10
skill2,98,64,-10,10
skill2,98,66,-3,3
skill2,98,68,-10,10
skill2,98,69,-5,5
skill2,98,70,-7,7
skill2,98,73,-5,5
skill2,98,74,-5,5
skill2,98,89,-8,8
skill2,98,90,-8,8
skill2,98,92,-8,8
skill2,98,99,-5,5
skill2,98,100,-5,5
skill2,98,101,-5,5
skill2,98,103,-10,10
skill2,98,104,-7,7
skill2,98,105,-7,7
skill2,98,106,-8,8
skill2,98,107,-5,5
skill2,98,109,-5,5
skill2,98,111,-10,10
skill2,98,112,-10,10
skill2,98,113,-10,10
skill2,98,114,-10,10
skill2,98,118,-4,4
skill2,98,119,-10,10
skill2,98,120,-10,10
skill2,98,121,-10,10
skill2,98,122,-10,13
skill2,98,124,-5,5
skill2,98,125,-5,5
skill2,98,127,-10,10
skill2,98,128,-10,13
skill2,98,129,-10,10
skill2,98,130,-10,10
skill2,98,131,-10,13
skill2,98,132,-10,10
skill2,98,133,-5,5
skill2,98,134,-10,13
slots,98,,0,2
skill1,99,5,1,5
skill1,99,6,1,5
skill1,99,11,1,5
skill1,99,12,1,5
skill1,99,15,1,5
skill1,99,16,1,8
skill1,99,26,1,5
skill1,99,27,1,7
skill1,99,28,1,7
skill1,99,29,1,7
skill1,99,30,1,7
skill1,99,31,1,7
skill1,99,32,1,5
skill1,99,33,1,6
skill1,99,36,1,5
skill1,99,37,1,5
skill1,99,39,1,6
skill1,99,42,1,6
skill1,99,43,1,6
skill1,99,45,1,6
skill1,99,46,1,5
skill1,99,48,1,5
skill1,99,49,1,5
skill1,99,50,1,5
skill1,99,51,1,5
skill1,99,66,1,3
skill1,99,69,1,5
skill1,99,71,1,5
skill1,99,73,1,5
skill1,99,74,1,5
skill1,99,77,1,5
skill1,99,78,1,5
skill1,99,79,1,6
skill1,99,80,1,6
skill1,99,82,1,6
skill1,99,83,1,6
skill1,99,85,1,6
skill1,99,86,1,6
skill1,99,87,1,6
skill1,99,88,1,6
skill1,99,91,1,5
skill1,99,93,1,6
skill1,99,98,1,6
skill1,99,100,1,5
skill1,99,101,1,5
skill1,99,104,1,7
skill1,99,105,1,7
skill1,99,107,1,5
skill1,99,109,1,5
skill1,99,110,1,6
skill1,99,115,1,7
skill1,99,117,1,6
skill1,99,123,1,5
skill1,99,124,1,5
skill1,99,125,1,5
skill1,99,133,1,7
skill2,99,4,-10,13
skill2,99,5,-3,3
skill2,99,6,-10,3
skill2,99,18,-10,10
skill2,99,19,-10,10
skill2,99,20,-10,13
skill2,99,21,-10,13
skill2,99,22,-10,13
skill2,99,23,-10,13
skill2,99,24,-10,13
skill2,99,25,-10,13
skill2,99,26,-3,3
skill2,99,27,-10,13
skill2,99,28,-10,13
skill2,99,29,-10,13
skill2,99,30,-10,13
skill2,99,31,-10,13
skill2,99,33,-10,4
skill2,99,34,-10,8
skill2,99,35,-5,5
skill2,99,36,-3,3
skill2,99,37,-3,3
skill2,99,38,-3,3
skill2,99,40,-3,3
skill2,99,41,-5,8
skill2,99,42,-10,4
skill2,99,43,-3,3
skill2,99,45,-3,4
skill2,99,46,-3,3
skill2,99,48,-3,3
skill2,99,49,-3,3
skill2,99,50,-3,3
skill2,99,51,-3,3
skill2,99,65,-3,3
skill2,99,66,-5,5
skill2,99,67,-3,3
skill2,99,69,-5,5
skill2,99,70,-10,10
skill2,99,71,-3,3
skill2,99,72,-3,3
skill2,99,75,-3,3
skill2,99,77,-3,3
skill2,99,78,-3,3
skill2,99,79,-3,4
skill2,99,80,-3,4
skill2,99,81,-5,5
skill2,99,82,-3,4
skill2,99,83,-3,4
skill2,99,84,-3,3
skill2,99,85,-3,4
skill2,99,86,-3,4
skill2,99,87,-3,4
skill2,99,88,-3,4
skill2,99,89,-10,10
skill2,99,90,-10,10
skill2,99,91,-3,3
skill2,99,92,-10,10
skill2,99,93,-3,4
skill2,99,94,-3,3
skill2,99,95,-3,3
skill2,99,96,-3,3
skill2,99,98,-3,4
skill2,99,100,-5,5
skill2,99,101,-5,5
skill2,99,102,-3,3
skill2,99,104,-10,10
skill2,99,105,-10,10
skill2,99,106,-5,5
skill2,99,107,-5,5
skill2,99,108,-3,3
skill2,99,109,-5,5
skill2,99,110,-3,3
skill2,99,111,-10,12
skill2,99,115,-10,9
skill2,99,116,-3,3
skill2,99,117,-3,4
skill2,99,118,-10,12
skill2,99,120,-10,12
skill2,99,121,-10,10
skill2,99,123,-3,3
skill2,99,124,-5,5
skill2,99,125,-5,5
skill2,99,126,-3,3
skill2,99,133,-8,10
skill2,99,135,-3,3
skill2,99,136,-3,3
skill2,99,137,-3,3
skill2,99,144,-3,3
skill2,99,145,-3,3
skill2,99,146,-3,3
skill2,99,147,-3,3
skill2,99,148,-3,3
skill2,99,149,-3,3
skill2,99,150,-3,3
skill2,99,151,-3,3
skill2,99,152,-3,3
skill2,99,153,-3,3
skill2,99,154,-3,3
skill2,99,155,-3,3
skill2,99,156,-3,3
skill2,99,157,-3,3
skill2,99,158,-3,3
skill2,99,159,-3,3
skill2,99,160,-3,3
skill2,99,161,-3,3
slots,99,,0,3
skill1,100,5,3,7
skill1,100,6,5,10
skill1,100,11,3,7
skill1,100,12,3,7
skill1,100,15,3,7
skill1,100,16,5,10
skill1,100,26,3,7
skill1,100,32,3,7
skill1,100,33,3,7
skill1,100,36,3,7
skill1,100,37,3,7
skill1,100,38,1,5
skill1,100,39,2,6
skill1,100,40,1,5
skill1,100,41,1,5
skill1,100,42,5,10
skill1,100,43,5,10
skill1,100,45,3,7
skill1,100,46,2,6
skill1,100,48,2,6
skill1,100,49,2,6
skill1,100,50,2,6
skill1,100,51,2,6
skill1,100,65,1,5
skill1,100,66,1,5
skill1,100,67,1,5
skill1,100,69,3,7
skill1,100,71,2,6
skill1,100,72,1,5
skill1,100,73,2,6
skill1,100,74,2,6
skill1,100,77,2,6
skill1,100,78,2,6
skill1,100,79,3,7
skill1,100,80,3,7
skill1,100,81,2,6
skill1,100,82,2,6
skill1,100,83,2,6
skill1,100,84,1,5
skill1,100,85,3,7
skill1,100,86,3,7
skill1,100,87,5,10
skill1,100,88,5,10
skill1,100,91,2,6
skill1,100,93,2,6
skill1,100,94,1,5
skill1,100,95,1,5
skill1,100,96,1,5
skill1,100,98,2,6
skill1,100,100,2,6
skill1,100,101,2,6
skill1,100,102,1,5
skill1,100,107,2,6
skill1,100,108,1,5
skill1,100,109,3,7
skill1,100,110,3,7
skill1,100,115,3,7
skill1,100,116,1,5
skill1,100,117,3,7
skill1,100,123,2,6
skill1,100,124,3,7
skill1,100,133,3,7
skill2,100,5,-3,5
skill2,100,6,-5,7
skill2,100,18,-7,10
skill2,100,19,-5,13
skill2,100,26,-5,7
skill2,100,27,-5,13
skill2,100,28,-5,13
skill2,100,29,-5,13
skill2,100,30,-5,13
skill2,100,31,-5,13
skill2,100,33,-5,7
skill2,100,34,-7,10
skill2,100,35,-3,5
skill2,100,36,-5,7
skill2,100,37,-5,7
skill2,100,38,-3,5
skill2,100,40,-5,5
skill2,100,41,-2,8
skill2,100,42,-5,7
skill2,100,44,-3,3
skill2,100,45,-5,7
skill2,100,46,-5,7
skill2,100,48,-3,5
skill2,100,49,-3,5
skill2,100,50,-3,5
skill2,100,51,-3,5
skill2,100,65,-3,5
skill2,100,66,-3,5
skill2,100,67,-3,5
skill2,100,69,-5,7
skill2,100,70,-7,10
skill2,100,71,-3,5
skill2,100,72,-1,3
skill2,100,75,-3,5
skill2,100,76,-3,3
skill2,100,77,-3,5
skill2,100,78,-3,5
skill2,100,79,-3,5
skill2,100,80,-3,5
skill2,100,81,-3,5
skill2,100,82,-3,5
skill2,100,83,-3,5
skill2,100,84,-1,3
skill2,100,85,-3,5
skill2,100,86,-3,5
skill2,100,87,-7,10
skill2,100,88,-7,10
skill2,100,89,-5,10
skill2,100,90,-5,10
skill2,100,91,-3,5
skill2,100,92,-5,10
skill2,100,93,-3,5
skill2,100,94,-1,3
skill2,100,95,-1,3
skill2,100,96,-1,3
skill2,100,97,-3,3
skill2,100,98,-3,5
skill2,100,100,-3,5
skill2,100,101,-3,5
skill2,100,102,-1,3
skill2,100,106,-7,10
skill2,100,107,-3,5
skill2,100,108,-1,3
skill2,100,109,-5,7
skill2,100,110,-5,7
skill2,100,115,-7,10
skill2,100,116,-1,3
skill2,100,117,-3,5
skill2,100,120,-5,12
skill2,100,123,-3,5
skill2,100,124,-5,7
skill2,100,126,-3,5
skill2,100,133,-7,10
skill2,100,135,-5,7
skill2,100,136,-3,5
skill2,100,137,-5,7
skill2,100,162,-3,3
skill2,100,163,-3,3
skill2,100,164,-3,3
skill2,100,165,-3,3
skill2,100,166,-3,3
skill2,100,167,-3,3
skill2,100,168,-3,3
skill2,100,169,-3,3
skill2,100,170,-3,3
skill2,100,171,-3,3
skill2,100,172,-3,3
skill2,100,173,-3,3
skill2,100,174,-3,3
skill2,100,175,-3,3
skill2,100,176,-3,3
skill2,100,177,-3,3
skill2,100,178,-3,3
skill2,100,179,-3,3
slots,100,,0,3
