map,bit,id,need
lab,0,,start
lab,1,,q806&q10768
lab,2,,q906&q11204
lab,3,,start
lab,4,,start
lab,5,,start
lab,6,,start
lab,7,,f1033|q11204
lab,8,,f1033|q11204
lab,9,,f1033|q11204
lab,10,,f1033|q11204
lab,11,,f1033|q11204
lab,12,,f1033|q11204
lab,13,,f1033|q11204
lab,14,,f1033|q11204
lab,15,,f1033|q11204
lab,16,,f1033|q11204
lab,17,,f1033|q11204
lab,18,,f1033|q11204
lab,19,,q11319
lab,20,,q11319
lab,21,,q11319
lab,22,,q11401
lab,23,,q11401
lab,24,,q11401
lab,25,,q11401
lab,26,,q906
lab,27,,q906
lab,28,,q906
lab,29,,q906
lab,30,,q906
lab,31,,q906
lab,32,,q906
lab,33,,q906
lab,34,,q906
lab,35,,q906
lab,36,,q906
lab,37,,q906
lab,38,,q906
lab,39,,q906
lab,40,,q806
lab,41,,q806
lab,42,,q11204
lab,43,,q11204
lab,44,,f1303
lab,45,,hr&f1303
lab,46,,hr&f1303
lab,47,,hr&f1303
lab,48,,hr&f1303
lab,49,,f1303
lab,50,,hr&f1303
lab,51,,ex
lab,52,,ex
lab,53,,ex
lab,54,,ex
lab,55,,ex
lab,56,,ex
lab,57,,ex
lab,58,,ex
lab,59,,ex
lab,60,,ex
lab,61,,ex
lab,62,,ex
lab,63,,ex
lab,64,,ex
lab,65,,ex
lab,66,,ex
lab,67,,ex
lab,68,,ex
song,0,,start
song,1,,start
song,2,,start
song,3,,start
song,4,,start
song,5,,q908
song,6,,q909
song,7,,q907
song,8,,q910
song,9,,start
song,10,,f1051
song,11,,f1051
song,12,,f1217|f1219
song,13,,f1217|f1219
supply,1,,lab3
supply,2,,open
supply,3,,lab4
supply,4,,lab5
supply,5,,lab6
supply,6,,lab7
supply,7,,lab8
supply,8,,lab9
supply,9,,lab10
supply,10,,lab11
supply,11,,lab12
supply,12,,lab13
supply,13,,lab14
supply,14,,lab15
supply,15,,lab16
supply,16,,lab17
supply,17,,lab18
supply,18,,lab19
supply,19,,lab20
supply,20,,lab21
supply,21,,lab22
supply,22,,lab23
supply,23,,lab24
supply,24,,lab25
coin,0,1764,h9&f1303
coin,1,1765,hr&f1303
coin,2,1766,hr&f1303
coin,3,1767,hr&f1303
coin,4,1768,hr&f1303
coin,5,1769,h9&f1303
coin,6,1770,hr&f1303
coin,7,32,h11
coin,8,289,h9
coin,9,337,h10
coin,10,1796,h13
coin,11,1780,h10
coin,12,1781,h13
coin,13,445,h9
coin,14,446,h11
coin,15,447,h13
coin,16,45,h9
coin,17,49,h9
coin,18,110,h9
coin,19,111,h10
coin,20,113,h9
coin,21,114,h10
coin,22,119,h9
coin,23,121,h9
coin,24,123,h9
coin,25,125,h9
coin,26,127,h9
coin,27,129,h9
coin,28,131,h9
costume,0,,adopt
costume,1,,talk
costume,2,,trader
costume,3,,dlc
costume,4,,talk
costume,5,,talk
costume,6,,adopt
costume,7,,talk
costume,8,,talk
costume,9,,talk
costume,10,,talk
costume,11,,talk
costume,12,,trader
costume,13,,talk
costume,14,,talk
costume,15,,talk
costume,16,,trader
costume,17,,talk
costume,18,,item2634
costume,19,,adopt
costume,20,,talk
costume,21,,talk
costume,22,,talk
costume,23,,adopt
costume,24,,talk
costume,25,,talk
costume,26,,trader
costume,27,,trader
costume,28,,dlc
costume,29,,talk
costume,30,,trader
costume,31,,trader
costume,32,,talk
costume,33,,talk
costume,34,,trader
costume,35,,dlc
costume,36,,dlc
costume,37,,talk
costume,38,,talk
costume,39,,dlc
trader:items0,0,26,start
trader:items0,1,99,start
trader:items0,2,82,start
trader:items0,3,11,start
trader:items0,4,14,start
trader:items0,5,27,start
trader:items0,6,30,start
trader:items0,7,63,start
trader:items0,8,75,start
trader:items0,9,262,start
trader:items0,10,263,start
trader:items0,11,264,start
trader:items0,12,322,v4|h2
trader:items0,13,450,v4|h2
trader:items0,14,432,v4|h2
trader:items0,15,433,v4|h2
trader:items0,16,571,v4|h2
trader:items0,17,616,v4|h2
trader:items0,18,603,v4|h2
trader:items0,19,79,v4|h2
trader:items0,20,45,h8
trader:items0,21,526,h8
trader:items0,22,78,h8
trader:items0,23,77,h8
trader:items0,24,35,h8
trader:items0,25,36,h8
trader:items0,26,34,h8
trader:items0,27,69,h8
trader:items1,0,33,h8
trader:items1,1,94,start
trader:items1,2,96,start
trader:items1,3,95,v4|h2
trader:items1,4,245,start
trader:items1,5,346,v3|h2
trader:items1,6,347,v5|h3
trader:items1,7,348,v8|h5
trader:items1,8,349,v9|h6
trader:items1,9,350,h10
trader:items1,10,351,h11
trader:items1,11,339,v3|h2
trader:items1,12,340,v5|h3
trader:items1,13,341,v8|h5
trader:items1,14,342,v9|h6
trader:items1,15,343,h10
trader:items1,16,344,h11
trader:items1,17,1785,f39
trader:items1,18,1787,f161
trader:items1,19,1789,f211
trader:items1,20,1791,f261
trader:items1,21,1793,h8&f33
trader:items1,22,1804,h8&f711
trader:items1,23,1795,f1051
trader:items1,24,1786,f1051&f1418
trader:items1,25,1788,f1051&f1418
trader:items1,26,1790,f1051&f1418
trader:items1,27,1792,f1051&f1418
trader:items1,28,1794,f1051&f1418
trader:items1,29,219,h9
trader:items1,30,220,h10
trader:words,0,484,start
trader:words,1,485,start
trader:words,2,486,start
trader:words,3,487,start
trader:words,4,488,start
trader:words,5,489,start
trader:words,6,490,start
trader:words,7,491,start
trader:words,8,492,start
trader:words,9,493,start
trader:words,10,494,start
trader:words,11,495,start
trader:words,12,496,start
trader:words,13,497,start
trader:words,14,498,start
trader:words,15,499,start
trader:words,16,500,start
trader:words,17,501,start
trader:words,18,502,start
trader:words,19,503,start
trader:words,20,504,start
trader:words,21,505,start
trader:words,22,506,start
trader:words,23,507,start
trader:words,24,508,start
trader:words,25,509,start
trader:words,26,510,start
trader:words,27,511,start
trader:words,28,512,start
trader:words,29,513,start
trader:words,30,514,start
trader:words,31,515,start
trader:words,32,516,start
trader:words,33,517,start
trader:words,34,518,start
trader:words,35,519,start
trader:words,36,520,start
trader:words,37,521,start
trader:words,38,522,start
trader:words,39,523,start
trader:words,40,524,start
trader:words,41,525,start
trader:words,42,526,start
trader:words,43,527,start
trader:words,44,528,start
trader:words,45,529,start
trader:words,46,530,start
trader:words,47,531,start
trader:words,48,532,start
trader:words,49,533,start
trader:words,50,534,start
trader:words,51,211,h9
trader:words,52,212,h9
trader:words,53,213,h9
trader:words,54,214,h9
trader:words,55,215,h9
trader:words,56,216,h9
trader:words,57,217,h9
trader:words,58,218,h9
trader:words,59,219,h9
trader:words,60,220,h9
trader:words,61,221,h9
trader:words,62,222,h9
trader:words,63,223,h9
trader:words,64,224,h9
trader:words,65,225,h9
trader:words,66,226,h9
trader:words,67,227,h9
trader:words,68,228,h9
trader:words,69,229,h9
trader:words,70,230,h9
trader:words,71,231,h9
trader:words,72,232,h9
trader:words,73,233,h9
trader:words,74,234,h9
trader:words,75,235,h9
trader:words,76,236,h9
trader:words,77,237,h9
trader:words,78,238,h9
trader:words,79,239,h9
trader:words,80,240,h9
trader:words,81,241,h9
trader:words,82,242,h9
trader:words,83,243,h9
trader:words,84,244,h9
trader:words,85,245,h9
trader:words,86,246,h9
trader:words,87,247,h9
trader:words,88,248,h9
trader:words,89,249,h9
trader:words,90,250,h9
trader:words,91,251,h9
trader:words,92,252,h9
trader:words,93,253,h9
trader:words,94,254,h9
trader:words,95,255,h9
trader:words,96,256,h9
trader:words,97,257,h9
trader:words,98,258,h9
trader:words,99,259,h9
trader:words,100,260,h9
trader:words,101,261,h9
trader:words,102,262,h9
trader:words,103,263,h9
trader:words,104,264,h9
trader:words,105,265,h9
trader:words,106,266,h9
trader:words,107,267,h9
trader:words,108,268,h9
trader:words,109,269,h9
trader:words,110,270,h9
trader:words,111,271,h9
trader:words,112,272,h9
trader:words,113,273,h9
trader:words,114,274,h9
trader:words,115,275,h9
trader:words,116,276,h9
trader:words,117,277,h9
trader:words,118,278,h9
trader:words,119,279,h9
trader:words,120,280,h9
trader:words,121,281,h9
trader:words,122,282,h9
trader:words,123,283,h9
trader:words,124,284,h9
trader:words,125,285,h9
trader:words,126,286,h9
trader:words,127,287,h9
trader:words,128,288,h9
trader:words,129,289,h9
trader:words,130,290,h9
trader:words,131,291,h9
trader:words,132,292,h9
trader:words,133,293,h9
trader:words,134,294,h9
trader:words,135,295,h9
trader:words,136,296,h9
trader:words,137,297,h9
trader:words,138,298,h9
trader:words,139,299,h9
trader:words,140,300,h9
trader:words,141,301,h9
trader:words,142,302,h9
trader:words,143,303,h9
trader:words,144,304,h9
trader:words,145,305,h9
trader:words,146,306,h9
trader:words,147,307,h9
trader:words,148,308,h9
trader:words,149,309,h9
trader:words,150,310,h9
trader:words,151,311,h9
trader:words,152,312,h9
trader:words,153,313,h9
trader:words,154,314,h9
trader:words,155,315,h9
trader:words,156,316,h9
trader:words,157,317,h9
trader:words,158,318,h9
trader:words,159,319,h9
trader:words,160,320,h9
trader:words,161,321,h9
trader:words,162,322,h9
trader:words,163,323,h9
trader:words,164,324,h9
trader:words,165,325,h9
trader:words,166,326,h9
trader:words,167,327,h9
trader:words,168,328,h9
trader:words,169,329,h9
trader:words,170,330,h9
trader:words,171,811,dlc
trader:words,172,812,dlc
trader:words,173,813,dlc
trader:words,174,814,dlc
trader:words,175,815,dlc
trader:words,176,816,dlc
trader:words,177,817,dlc
trader:words,178,818,dlc
trader:words,179,819,dlc
trader:words,180,820,dlc
trader:words,181,821,dlc
trader:words,182,822,dlc
trader:words,183,823,dlc
trader:words,184,824,dlc
trader:words,185,825,dlc
trader:words,186,826,dlc
trader:words,187,827,dlc
trader:words,188,828,dlc
trader:words,189,829,dlc
trader:words,190,830,dlc
trader:words,191,831,dlc
trader:words,192,832,dlc
trader:words,193,833,dlc
trader:words,194,834,dlc
trader:words,195,835,dlc
trader:words,196,836,dlc
trader:words,197,837,dlc
trader:words,198,838,dlc
trader:words,199,839,dlc
trader:words,200,840,dlc
trader:words,201,841,dlc
trader:words,202,842,dlc
trader:words,203,843,dlc
trader:words,204,844,dlc
trader:words,205,845,dlc
trader:words,206,846,dlc
trader:words,207,847,dlc
trader:words,208,848,dlc
trader:words,209,849,dlc
trader:words,210,850,dlc
trader:words,211,851,dlc
trader:words,212,852,dlc
trader:words,213,853,dlc
trader:words,214,854,dlc
trader:words,215,855,dlc
trader:words,216,856,dlc
trader:words,217,857,dlc
trader:words,218,858,dlc
trader:words,219,859,dlc
trader:words,220,860,dlc
trader:words,221,861,dlc
trader:words,222,862,dlc
trader:words,223,863,dlc
trader:words,224,864,dlc
trader:words,225,865,dlc
trader:words,226,866,dlc
trader:words,227,867,dlc
trader:words,228,868,dlc
trader:words,229,869,dlc
trader:words,230,870,dlc
trader:words,231,871,dlc
trader:words,232,872,dlc
trader:words,233,873,never
trader:words,234,874,never
trader:words,235,875,never
trader:words,236,876,never
trader:words,237,877,never
trader:words,238,878,dlc
trader:words,239,879,dlc
trader:words,240,880,dlc
trader:words,241,881,dlc
trader:words,242,882,never
trader:words,243,883,never
trader:words,244,884,never
trader:words,245,885,dlc
trader:words,246,886,dlc
trader:words,247,887,dlc
trader:words,248,888,dlc
trader:words,249,889,dlc
trader:words,250,890,dlc
trader:words,251,891,dlc
trader:words,252,892,dlc
trader:words,253,893,dlc
trader:words,254,894,dlc
trader:words,255,895,dlc
trader:words,256,896,dlc
trader:words,257,897,dlc
trader:words,258,898,dlc
trader:words,259,899,dlc
trader:words,260,900,dlc
trader:words,261,901,dlc
trader:words,262,902,dlc
trader:words,263,903,dlc
trader:words,264,904,dlc
trader:words,265,905,dlc
trader:words,266,906,dlc
trader:words,267,907,dlc
trader:words,268,908,dlc
trader:words,269,909,dlc
trader:words,270,910,dlc
trader:words,271,911,dlc
trader:words,272,912,dlc
trader:words,273,913,dlc
trader:words,274,914,dlc
trader:words,275,915,dlc
trader:words,276,916,dlc
trader:words,277,917,dlc
trader:words,278,918,dlc
trader:words,279,919,dlc
trader:words,280,920,never
trader:words,281,921,never
trader:words,282,922,dlc
trader:words,283,923,dlc
trader:words,284,924,dlc
trader:words,285,925,dlc
trader:words,286,926,dlc
trader:words,287,927,dlc
trader:words,288,928,dlc
trader:words,289,929,dlc
trader:words,290,930,dlc
trader:words,291,931,dlc
trader:words,292,932,dlc
trader:words,293,933,dlc
trader:words,294,934,dlc
trader:words,295,935,dlc
trader:words,296,936,dlc
trader:words,297,937,dlc
trader:words,298,938,dlc
trader:words,299,939,dlc
trader:words,300,940,dlc
trader:words,301,941,dlc
trader:words,302,942,dlc
trader:words,303,943,dlc
trader:words,304,944,dlc
trader:words,305,945,dlc
trader:words,306,946,dlc
trader:words,307,947,dlc
trader:words,308,948,dlc
trader:words,309,949,dlc
trader:words,310,950,dlc
trader:words,311,951,dlc
trader:words,312,1179,dlc
trader:words,313,1180,dlc
trader:words,314,1181,dlc
trader:words,315,1182,dlc
trader:words,316,1183,dlc
trader:words,317,1184,dlc
trader:words,318,1185,dlc
trader:words,319,1186,dlc
trader:words,320,1187,dlc
trader:words,321,1188,dlc
trader:words,322,1189,dlc
trader:words,323,1190,dlc
trader:words,324,1191,dlc
trader:words,325,1192,dlc
trader:words,326,1193,dlc
trader:words,327,1194,dlc
trader:words,328,1195,dlc
trader:words,329,1196,dlc
trader:words,330,1197,dlc
trader:words,331,1198,dlc
trader:words,332,1199,dlc
trader:words,333,1200,dlc
trader:words,334,1201,dlc
trader:words,335,1202,dlc
trader:words,336,1203,never
trader:words,337,1204,never
trader:words,338,1205,never
trader:words,339,1206,never
trader:words,340,1207,dlc
trader:words,341,1208,dlc
trader:words,342,1209,never
trader:words,343,1210,never
trader:words,344,1211,never
trader:words,345,1212,never
trader:words,346,1213,never
trader:words,347,1214,never
trader:words,348,1215,never
trader:words,349,1216,never
trader:words,350,1217,never
trader:words,351,1218,never
trader:words,352,1219,never
trader:words,353,1220,never
trader:words,354,1221,never
trader:words,355,1222,never
trader:words,356,1223,dlc
trader:words,357,1224,dlc
trader:words,358,1225,dlc
trader:words,359,1226,dlc
trader:words,360,1227,dlc
trader:words,361,1228,dlc
trader:words,362,1229,dlc
trader:words,363,1230,dlc
trader:words,364,1231,dlc
trader:words,365,1232,dlc
trader:words,366,1233,dlc
trader:words,367,1234,dlc
trader:words,368,1235,dlc
trader:words,369,1236,dlc
trader:words,370,1237,dlc
trader:words,371,1238,dlc
trader:words,372,1239,dlc
trader:words,373,1240,dlc
trader:words,374,1241,dlc
trader:words,375,1242,dlc
trader:words,376,1243,dlc
trader:words,377,1244,dlc
trader:words,378,1245,dlc
trader:words,379,1246,dlc
trader:words,380,1247,dlc
trader:words,381,1248,dlc
trader:words,382,1249,dlc
trader:words,383,1250,dlc
trader:words,384,1251,dlc
trader:words,385,1252,dlc
trader:words,386,1253,dlc
trader:words,387,1254,dlc
trader:words,388,1255,dlc
trader:words,389,1256,dlc
trader:words,390,1257,never
trader:words,391,1258,never
trader:words,392,1259,dlc
trader:words,393,1260,dlc
trader:words,394,1261,dlc
trader:words,395,1262,dlc
trader:words,396,1263,never
trader:words,397,1264,never
trader:words,398,1265,never
trader:words,399,1266,never
trader:words,400,1267,never
trader:words,401,1268,never
trader:words,402,1269,never
trader:words,403,1270,never
trader:words,404,1271,never
trader:words,405,1272,never
trader:words,406,1273,never
trader:words,407,1274,never
trader:words,408,1275,never
trader:words,409,1276,never
trader:words,410,1277,never
trader:words,411,1278,never
trader:words,412,1279,dlc
trader:words,413,1280,dlc
trader:words,414,1281,dlc
trader:words,415,1282,dlc
trader:words,416,1283,dlc
trader:words,417,1284,dlc
trader:words,418,1285,dlc
trader:words,419,1286,dlc
trader:words,420,1287,dlc
trader:words,421,1288,dlc
trader:words,422,1289,dlc
trader:words,423,1290,dlc
trader:words,424,1291,dlc
trader:words,425,1292,dlc
trader:words,426,1293,dlc
trader:words,427,1294,dlc
trader:words,428,1295,dlc
trader:words,429,1296,dlc
trader:words,430,1297,dlc
trader:words,431,1298,dlc
trader:words,432,1299,dlc
trader:words,433,1300,dlc
trader:words,434,1301,dlc
trader:words,435,1302,dlc
trader:words,436,1303,dlc
trader:words,437,1304,dlc
trader:words,438,1305,dlc
trader:words,439,1306,dlc
trader:words,440,1307,dlc
trader:words,441,1308,dlc
trader:scenes,0,0,progress
trader:scenes,1,1,progress
trader:scenes,2,2,progress
trader:scenes,3,3,progress
trader:scenes,4,4,progress
trader:scenes,5,5,progress
trader:scenes,6,6,progress
trader:scenes,7,7,progress
trader:scenes,8,8,progress
trader:scenes,9,9,progress
trader:scenes,10,10,progress
trader:scenes,11,12,progress
trader:scenes,12,13,progress
trader:scenes,13,15,progress
trader:scenes,14,17,progress
trader:scenes,15,18,progress
trader:scenes,16,19,progress
trader:scenes,17,20,progress
trader:scenes,18,21,progress
trader:scenes,19,22,progress
trader:scenes,20,23,progress
trader:scenes,21,24,progress
trader:scenes,22,25,progress
trader:scenes,23,26,progress
trader:scenes,24,27,progress
trader:scenes,25,28,progress
trader:scenes,26,29,progress
trader:scenes,27,30,progress
trader:scenes,28,31,progress
trader:scenes,29,32,progress
trader:scenes,30,33,progress
trader:scenes,31,34,progress
trader:scenes,32,35,progress
trader:scenes,33,36,progress
trader:scenes,34,37,dlc
trader:scenes,35,38,start
trader:scenes,36,39,dlc
trader:scenes,37,40,progress
trader:scenes,38,41,dlc
trader:scenes,39,42,dlc
trader:scenes,40,43,dlc
trader:scenes,41,44,progress
trader:scenes,42,45,progress
trader:scenes,43,46,progress
trader:scenes,44,49,progress
trader:scenes,45,50,progress
trader:scenes,46,51,progress
trader:scenes,47,52,start
trader:scenes,48,53,start
trader:scenes,49,54,start
trader:scenes,50,55,dlc
trader:scenes,51,56,dlc
trader:scenes,52,57,dlc
trader:scenes,53,58,dlc
trader:scenes,54,59,never
trader:scenes,55,60,never
trader:scenes,56,61,dlc
trader:scenes,57,62,dlc
trader:scenes,58,63,dlc
trader:scenes,59,64,dlc
trader:scenes,60,65,dlc
trader:scenes,61,66,never
trader:scenes,62,67,dlc
trader:scenes,63,68,dlc
trader:scenes,64,69,dlc
trader:scenes,65,70,dlc
trader:scenes,66,71,dlc
trader:scenes,67,72,never
trader:scenes,68,73,dlc
trader:scenes,69,74,dlc
trader:scenes,70,75,dlc
trader:scenes,71,76,dlc
trader:scenes,72,77,dlc
trader:scenes,73,78,dlc
trader:scenes,74,79,never
trader:scenes,75,80,dlc
trader:scenes,76,81,dlc
trader:scenes,77,82,dlc
trader:scenes,78,83,dlc
trader:scenes,79,84,dlc
trader:scenes,80,85,dlc
trader:scenes,81,86,dlc
trader:scenes,82,87,dlc
trader:scenes,83,88,dlc
trader:scenes,84,89,dlc
trader:scenes,85,90,dlc
trader:scenes,86,91,dlc
trader:scenes,87,92,never
trader:scenes,88,93,dlc
trader:scenes,89,94,progress
trader:scenes,90,95,progress
trader:scenes,91,96,progress
trader:scenes,92,97,progress
trader:scenes,93,98,dlc
trader:scenes,94,99,dlc
trader:scenes,95,100,dlc
trader:scenes,96,101,progress
trader:scenes,97,102,progress
trader:scenes,98,103,progress
trader:scenes,99,104,progress
trader:scenes,100,105,progress
trader:scenes,101,106,progress
trader:scenes,102,107,progress
trader:scenes,103,108,progress
trader:scenes,104,109,progress
trader:scenes,105,110,dlc
trader:scenes,106,111,progress
trader:scenes,107,112,progress
trader:scenes,108,113,progress
trader:scenes,109,114,progress
trader:scenes,110,115,dlc
trader:scenes,111,116,dlc
trader:scenes,112,117,dlc
trader:scenes,113,118,dlc
trader:scenes,114,119,dlc
trader:scenes,115,120,dlc
trader:scenes,116,121,dlc
trader:scenes,117,122,dlc
trader:scenes,118,123,never
trader:scenes,119,124,dlc
trader:scenes,120,125,dlc
trader:scenes,121,126,dlc
trader:scenes,122,127,never
trader:scenes,123,128,dlc
trader:scenes,124,129,dlc
trader:scenes,125,130,never
trader:scenes,126,131,never
trader:scenes,127,132,dlc
trader:scenes,128,133,dlc
trader:scenes,129,134,dlc
trader:scenes,130,135,dlc
trader:costumes,0,12,start
trader:costumes,1,2,start
trader:costumes,2,16,start
trader:costumes,3,30,start
trader:costumes,4,26,start
trader:costumes,5,27,start
trader:costumes,6,31,start
trader:costumes,7,34,start
trader:costumes,8,3,dlc
trader:costumes,9,28,dlc
trader:costumes,10,35,dlc
trader:costumes,11,36,dlc
trader:costumes,12,39,dlc
trader:delivery,0,23,progress
trader:delivery,1,41,progress
trader:delivery,2,49,progress
trader:delivery,3,61,progress
trader:delivery,4,74,progress
trader:delivery,5,83,progress
trader:delivery,6,87,progress
trader:delivery,7,92,progress
trader:delivery,8,97,progress
trader:delivery,9,100,progress
trader:delivery,10,120,progress
trader:delivery,11,146,progress
trader:delivery,12,175,progress
gallery,0,,start
gallery,1,,start
gallery,2,,q601
gallery,3,,q601
gallery,4,,q504
gallery,5,,q510
gallery,6,,q508
gallery,7,,start
gallery,8,,q1005
gallery,9,,progress
gallery,10,,progress
gallery,11,,start
gallery,12,,progress
gallery,13,,progress
notes2,0,38,q40801
notes2,1,44,q40201
notes2,2,46,q40101
notes2,3,53,q40501
notes2,4,59,q40301
notes2,5,72,q40701
notes2,6,76,q41201
notes2,7,78,q40601
notes2,8,80,q40401
notes2,9,83,q40901
notes2,10,87,q41101
notes2,11,94,q41001
notes2,12,95,q618
notes2,13,96,q620
notes2,14,97,q633
notes2,15,98,q634
notes2,16,99,q635
notes2,17,100,q1039
notes2,18,101,q1019
notes2,19,102,f126
notes2,20,105,q41611
notes2,21,106,q41511
notes2,22,107,q41711
notes2,23,108,q41811
notes2,24,109,q41411
notes2,25,110,q41311
notes2,26,119,q11319
notes2,27,120,q11454
notes2,28,103,q1005
notes2,29,104,q11432
tips,0,64,view
tips,1,70,view
tips,2,71,view
tips,3,72,view
tips,4,85,view
tips,5,99,view
tips,6,108,view
tips,7,160,view
tips,8,139,view
tips,9,140,view
tips,10,154,view
tips,11,102,view
tips,12,143,view
tips,13,152,view
tips,14,86,view
tips,15,87,view
events,0,1,visit
events,1,2,visit
events,2,3,visit
events,3,4,visit
events,4,5,visit
events,5,6,visit
events,6,100,progress
events,7,101,progress
events,8,102,progress
events,9,103,v4
events,10,104,v4
events,11,105,v4
events,12,106,v4
events,13,107,progress
events,14,108,progress
events,15,109,progress
events,16,110,progress
events,17,212,progress
events,18,7,visit
events,19,8,visit
events,20,111,progress
events,21,112,visit
events,22,113,q716
events,23,114,q901
milestones,0,1,progress
milestones,1,2,progress
milestones,2,3,progress
milestones,3,4,progress
milestones,4,5,progress
milestones,5,0,progress
milestones,6,1,progress
milestones,7,2,progress
milestones,8,3,progress
milestones,9,4,progress
milestones,11,6,progress
milestones,12,7,progress
milestones,13,8,progress
milestones,14,9,progress
milestones,15,10,progress
milestones,16,11,progress
milestones,17,12,progress
milestones,18,13,progress
milestones,19,14,progress
milestones,20,1,progress
milestones,21,2,progress
milestones,22,3,progress
milestones,23,4,progress
milestones,24,323,progress
milestones,25,331,progress
milestones,26,420,progress
milestones,27,421,progress
milestones,28,422,progress
milestones,29,423,progress
milestones,30,424,progress
milestones,31,425,progress
milestones,32,426,progress
milestones,33,428,progress
milestones,34,427,progress
milestones,35,0,progress
milestones,36,1,progress
milestones,37,2,progress
milestones,38,3,progress
milestones,39,4,progress
milestones,40,5,progress
milestones,41,6,progress
milestones,42,0,progress
milestones,43,1,progress
milestones,44,2,progress
milestones,45,3,progress
milestones,46,4,progress
milestones,48,6,progress
milestones,49,7,progress
milestones,50,8,progress
milestones,51,9,progress
milestones,52,10,progress
milestones,53,11,progress
milestones,54,12,progress
milestones,55,13,progress
milestones,56,14,progress
milestones,57,0,progress
milestones,58,1,progress
milestones,59,2,progress
milestones,60,3,progress
milestones,61,4,progress
milestones,62,5,progress
milestones,63,6,progress
milestones,64,7,progress
combos,0,,combine
combos,1,,combine
combos,2,,combine
combos,3,,combine
combos,4,,combine
combos,5,,combine
combos,6,,combine
combos,7,,combine
combos,8,,combine
combos,9,,combine
combos,10,,combine
combos,11,,combine
combos,12,,combine
combos,13,,combine
combos,14,,combine
combos,15,,combine
combos,16,,combine
combos,17,,combine
combos,18,,combine
combos,19,,combine
combos,20,,combine
combos,21,,combine
combos,22,,combine
combos,23,,combine
combos,24,,combine
combos,25,,combine
combos,26,,combine
combos,27,,combine
combos,28,,combine
combos,29,,combine
combos,30,,combine
combos,31,,combine
combos,32,,combine
combos,33,,combine
combos,34,,combine
combos,35,,combine
combos,36,,combine
combos,37,,combine
combos,38,,combine
combos,39,,combine
combos,40,,combine
combos,41,,combine
combos,42,,combine
combos,43,,combine
combos,44,,combine
combos,45,,combine
combos,46,,combine
combos,47,,combine
combos,48,,combine
combos,49,,combine
combos,50,,combine
combos,51,,combine
combos,52,,combine
combos,53,,combine
combos,54,,combine
combos,55,,combine
combos,56,,combine
combos,57,,combine
combos,58,,combine
combos,59,,combine
combos,60,,combine
combos,61,,combine
combos,62,,combine
combos,63,,combine
combos,64,,combine
combos,65,,combine
combos,66,,combine
combos,67,,combine
combos,68,,combine
combos,69,,combine
combos,70,,combine
combos,71,,combine
combos,72,,combine
combos,73,,combine
combos,74,,combine
combos,75,,combine
combos,76,,combine
combos,77,,combine
combos,78,,combine
combos,79,,combine
combos,80,,combine
combos,81,,combine
combos,82,,combine
combos,83,,combine
combos,84,,combine
combos,85,,combine
combos,86,,combine
combos,87,,combine
combos,88,,combine
combos,89,,combine
combos,90,,combine
combos,91,,combine
combos,92,,combine
combos,93,,combine
combos,94,,combine
combos,95,,combine
combos,96,,combine
combos,97,,combine
combos,98,,combine
combos,99,,combine
combos,100,,combine
combos,101,,combine
combos,102,,combine
combos,103,,combine
combos,104,,combine
combos,105,,combine
combos,106,,combine
combos,107,,combine
combos,108,,combine
combos,109,,combine
combos,110,,combine
combos,111,,combine
combos,112,,combine
combos,113,,combine
combos,114,,combine
combos,115,,combine
combos,116,,combine
combos,117,,combine
combos,118,,combine
combos,119,,combine
combos,120,,combine
combos,121,,combine
combos,122,,combine
combos,123,,combine
combos,124,,combine
combos,125,,combine
combos,126,,combine
combos,127,,combine
combos,128,,combine
combos,129,,combine
combos,130,,combine
combos,131,,combine
combos,132,,combine
combos,133,,combine
combos,134,,combine
combos,135,,combine
combos,136,,combine
combos,137,,combine
combos,138,,combine
combos,139,,combine
combos,140,,combine
combos,141,,combine
combos,142,,combine
combos,143,,combine
combos,144,,combine
combos,145,,combine
combos,146,,combine
combos,147,,combine
combos,148,,combine
combos,149,,combine
combos,150,,combine
combos,151,,combine
combos,152,,combine
combos,153,,combine
combos,154,,combine
combos,155,,combine
combos,156,,combine
combos,157,,combine
combos,158,,combine
combos,159,,combine
combos,160,,combine
combos,161,,combine
combos,162,,combine
combos,163,,combine
combos,164,,combine
combos,165,,combine
combos,166,,combine
combos,167,,combine
combos,168,,combine
combos,169,,combine
combos,170,,combine
combos,171,,combine
combos,172,,combine
combos,173,,combine
combos,174,,combine
combos,175,,combine
combos,176,,combine
combos,177,,combine
combos,178,,combine
combos,179,,combine
combos,180,,combine
combos,181,,combine
combos,182,,combine
shop:0,0,272,start
shop:0,1,273,start
shop:0,2,9,v2|h2
shop:0,3,13,v2|h2
shop:0,4,56,start
shop:0,5,24,start
shop:0,6,23,start
shop:0,7,25,v3|h2
shop:0,8,74,v4|h2
shop:0,9,57,start
shop:0,10,58,start
shop:0,11,59,v6|h4
shop:0,12,60,start
shop:0,13,61,start
shop:0,14,62,v6|h4
shop:0,15,259,start
shop:0,16,86,start
shop:0,17,87,start
shop:0,18,88,start
shop:0,19,89,v2|h2
shop:0,20,91,v2|h2
shop:0,21,80,start
shop:0,22,37,start
shop:0,23,265,start
shop:0,24,8,start
shop:0,25,44,start
shop:0,26,276,start
shop:0,27,98,start
shop:0,28,308,start
shop:0,29,94,start
shop:0,30,96,start
shop:0,31,97,v5|h3
shop:0,32,101,start
shop:0,33,102,v3|h2
shop:0,34,103,start
shop:0,35,104,v3|h2
shop:0,36,105,v5|h3
shop:0,37,106,start
shop:0,38,107,v2|h2
shop:0,39,108,v4|h2
shop:0,40,109,start
shop:0,41,112,start
shop:0,42,115,v3|h2
shop:0,43,116,v3|h2
shop:0,44,118,v3|h2
shop:0,45,117,v3|h2
shop:0,46,130,start
shop:0,47,120,start
shop:0,48,122,start
shop:0,49,124,start
shop:0,50,126,v4|h2
shop:0,51,128,v2|h2
shop:0,52,207,start
shop:0,53,208,start
shop:0,54,209,v3|h2
shop:0,55,212,start
shop:0,56,213,start
shop:0,57,214,start
shop:0,58,215,start
shop:0,59,216,v4|h2
shop:0,60,217,v6|h4
shop:0,61,210,v3|h2
shop:0,62,211,v5|h3
shop:0,63,218,start
shop:0,64,40,v6|h4
shop:0,65,42,v6|h4
shop:0,66,1,start
shop:0,67,2,start
shop:0,68,3,v2|h2
shop:0,69,4,v5|h3
shop:0,70,5,v6|h4
shop:0,71,6,v3|h2
shop:0,72,7,v5|h3
shop:1,0,272,start
shop:1,1,273,start
shop:1,2,9,v2|h2
shop:1,3,13,v2|h2
shop:1,4,56,start
shop:1,5,24,start
shop:1,6,23,start
shop:1,7,25,v3|h2
shop:1,8,74,v4|h2
shop:1,9,57,start
shop:1,10,58,start
shop:1,11,59,v6|h4
shop:1,12,60,start
shop:1,13,61,start
shop:1,14,62,v6|h4
shop:1,15,259,start
shop:1,16,86,start
shop:1,17,87,start
shop:1,18,88,start
shop:1,19,89,v2|h2
shop:1,20,91,v2|h2
shop:1,21,80,start
shop:1,22,37,start
shop:1,23,265,start
shop:1,24,8,start
shop:1,25,44,start
shop:1,26,276,start
shop:1,27,98,start
shop:1,28,308,start
shop:1,29,94,start
shop:1,30,96,start
shop:1,31,97,v5|h3
shop:1,32,101,start
shop:1,33,102,v3|h2
shop:1,34,103,start
shop:1,35,104,v3|h2
shop:1,36,105,v5|h3
shop:1,37,106,start
shop:1,38,107,v2|h2
shop:1,39,108,v4|h2
shop:1,40,109,start
shop:1,41,112,start
shop:1,42,115,v3|h2
shop:1,43,116,v3|h2
shop:1,44,118,v3|h2
shop:1,45,117,v3|h2
shop:1,46,130,start
shop:1,47,120,start
shop:1,48,122,start
shop:1,49,124,start
shop:1,50,126,v4|h2
shop:1,51,128,v2|h2
shop:1,52,207,start
shop:1,53,208,start
shop:1,54,209,v3|h2
shop:1,55,212,start
shop:1,56,213,start
shop:1,57,214,start
shop:1,58,215,start
shop:1,59,216,v4|h2
shop:1,60,217,v6|h4
shop:1,61,210,v3|h2
shop:1,62,211,v5|h3
shop:1,63,218,start
shop:1,64,40,v6|h4
shop:1,65,42,v6|h4
shop:1,66,1,start
shop:1,67,2,start
shop:1,68,3,v2|h2
shop:1,69,4,v5|h3
shop:1,70,5,v6|h4
shop:1,71,6,v3|h2
shop:1,72,7,v5|h3
armory:1,0,3,start
armory:1,1,1,start
armory:1,2,2,start
armory:1,3,9,v2|h2
armory:1,4,10,v2|h2
armory:1,5,11,v2|h2
armory:1,6,12,v2|h2
armory:1,7,52,v5|h3
armory:1,8,53,v5|h3
armory:2,0,3,start
armory:2,1,1,start
armory:2,2,2,start
armory:2,3,9,v2|h2
armory:2,4,10,v2|h2
armory:2,5,11,v2|h2
armory:2,6,12,v2|h2
armory:2,7,52,v5|h3
armory:2,8,53,v5|h3
armory:3,0,3,start
armory:3,1,1,start
armory:3,2,2,start
armory:3,3,9,v2|h2
armory:3,4,10,v2|h2
armory:3,5,11,v2|h2
armory:3,6,12,v2|h2
armory:3,7,52,v5|h3
armory:3,8,53,v5|h3
armory:4,0,3,start
armory:4,1,1,start
armory:4,2,2,start
armory:4,3,9,v2|h2
armory:4,4,10,v2|h2
armory:4,5,11,v2|h2
armory:4,6,12,v2|h2
armory:4,7,52,v5|h3
armory:4,8,53,v5|h3
armory:5,0,3,start
armory:5,1,1,start
armory:5,2,2,start
armory:5,3,9,v2|h2
armory:5,4,10,v2|h2
armory:5,5,11,v2|h2
armory:5,6,12,v2|h2
armory:5,7,52,v5|h3
armory:5,8,53,v5|h3
armory:7,0,1,start
armory:7,1,11,v2|h2
armory:7,2,26,v2|h2
armory:7,3,16,v5|h3
armory:7,4,35,v5|h3
armory:8,0,1,start
armory:8,1,11,v2|h2
armory:8,2,29,v2|h2
armory:8,3,13,v5|h3
armory:8,4,33,v5|h3
armory:9,0,1,start
armory:9,1,8,v2|h2
armory:9,2,25,v2|h2
armory:9,3,14,v5|h3
armory:9,4,30,v5|h3
armory:10,0,1,start
armory:10,1,10,v2|h2
armory:10,2,30,v2|h2
armory:10,3,13,v5|h3
armory:10,4,31,v5|h3
armory:11,0,1,start
armory:11,1,15,v2|h2
armory:11,2,31,v2|h2
armory:13,0,1,start
armory:13,1,15,v2|h2
armory:13,2,29,v2|h2
armory:13,3,32,v5|h3
armory:14,0,1,start
armory:14,1,9,v2|h2
armory:14,2,23,v2|h2
armory:14,3,11,v5|h3
armory:14,4,27,v5|h3
armory:15,0,1,start
armory:15,1,11,v2|h2
armory:15,2,24,v2|h2
armory:15,3,12,v5|h3
armory:15,4,26,v5|h3
armory:16,0,1,start
armory:16,1,13,v2|h2
armory:16,2,30,v2|h2
armory:16,3,18,v5|h3
armory:16,4,37,v5|h3
armory:17,0,1,start
armory:17,1,13,v2|h2
armory:17,2,29,v2|h2
armory:18,0,1,start
armory:18,1,9,v2|h2
armory:18,2,26,v2|h2
armory:18,3,10,v5|h3
armory:18,4,29,v5|h3
armory:19,0,1,start
armory:19,1,9,v2|h2
armory:19,2,20,v2|h2
armory:19,3,13,v5|h3
armory:19,4,21,v5|h3
armory:20,0,1,start
armory:20,1,10,v2|h2
armory:20,2,18,v2|h2
armory:20,3,21,v5|h3
armory:21,0,1,start
armory:21,1,8,v2|h2
armory:21,2,20,v2|h2
armory:21,3,11,v5|h3
