class,weapon,parent,level
0,2,1,5
0,3,1,4
0,4,3,4
0,5,3,3
0,6,1,3
0,7,1,3
0,8,1,2
0,9,8,3
0,10,8,2
0,12,11,5
0,13,12,3
0,14,12,2
0,15,14,2
0,16,11,4
0,17,16,3
0,18,16,2
0,19,16,1
0,20,11,3
0,21,20,5
0,22,20,2
0,23,20,2
0,24,11,2
0,25,24,4
0,27,26,5
0,28,27,3
0,29,26,5
0,30,29,3
0,31,26,3
0,32,31,4
0,33,31,3
0,34,33,2
0,35,31,2
0,36,35,1
0,37,36,3
0,38,35,3
0,39,38,1
0,40,39,3
0,41,35,3
0,42,26,2
0,43,42,2
0,44,42,1
0,45,26,2
0,46,45,1
0,47,46,1
0,49,48,2
0,50,48,2
0,51,50,2
0,52,48,1
0,53,48,3
0,54,53,2
0,55,54,3
0,56,53,2
0,62,61,2
0,66,65,2
0,68,67,2
0,70,69,3
0,76,75,3
0,77,75,3
0,79,78,3
0,80,78,3
0,84,83,3
0,122,40,3
0,124,32,2
0,125,43,3
0,126,20,5
0,127,33,1
0,128,127,3
0,129,37,3
0,134,11,5
1,2,1,5
1,3,1,5
1,4,3,3
1,5,1,4
1,6,1,3
1,7,1,3
1,8,7,3
1,9,7,2
1,10,7,2
1,12,11,6
1,13,11,3
1,14,13,3
1,15,14,2
1,16,13,2
1,17,13,1
1,18,11,2
1,19,18,3
1,20,18,2
1,21,20,3
1,22,18,2
1,23,11,2
1,24,23,2
1,25,23,2
1,26,23,1
1,27,23,3
1,28,27,3
1,30,29,4
1,31,30,3
1,32,30,3
1,33,29,3
1,34,33,4
1,35,34,2
1,36,33,3
1,37,33,1
1,38,29,2
1,39,38,1
1,40,38,3
1,41,38,2
1,42,29,2
1,43,42,4
1,44,43,2
1,45,42,3
1,46,45,3
1,47,42,2
1,48,42,1
1,50,49,2
1,51,49,2
1,52,49,3
1,53,52,2
1,59,58,2
1,62,61,3
1,68,67,3
1,69,67,3
1,71,70,3
1,72,70,3
1,76,75,3
1,86,85,3
1,112,4,3
1,114,30,3
1,115,33,5
1,116,13,4
1,117,116,2
1,118,2,2
1,119,52,2
1,120,119,3
1,121,32,3
1,122,29,8
1,123,7,5
2,2,1,5
2,3,1,6
2,4,1,5
2,5,1,4
2,6,5,1
2,7,1,3
2,9,8,6
2,10,8,5
2,11,10,2
2,12,11,2
2,13,8,4
2,14,8,3
2,15,14,4
2,16,14,3
2,17,16,2
2,18,17,2
2,19,14,2
2,20,19,3
2,21,8,2
2,22,21,3
2,23,22,3
2,24,21,1
2,26,25,5
2,27,25,4
2,28,27,2
2,29,28,3
2,30,25,3
2,31,30,3
2,32,31,3
2,33,30,2
2,34,33,3
2,35,33,1
2,36,30,2
2,37,30,1
2,38,25,2
2,39,38,4
2,40,39,2
2,41,38,2
2,42,41,1
2,43,38,1
2,44,25,2
2,46,45,4
2,47,45,3
2,48,45,3
2,49,48,1
2,50,49,3
2,51,45,2
2,52,45,2
2,53,52,2
2,54,53,2
2,55,52,1
2,61,60,2
2,64,63,2
2,66,65,3
2,71,70,3
2,72,70,3
2,74,73,3
2,75,73,3
2,79,78,3
2,85,84,3
2,92,91,2
2,116,29,3
2,118,3,1
2,119,48,2
2,120,118,1
2,121,33,2
2,122,121,3
2,123,22,3
2,124,123,3
2,125,9,1
2,126,34,3
2,127,10,5
3,2,1,5
3,3,1,4
3,4,3,2
3,5,4,3
3,6,1,4
3,7,6,3
3,8,6,3
3,9,1,3
3,11,10,5
3,12,10,4
3,13,10,3
3,14,13,4
3,15,13,3
3,16,13,2
3,17,16,2
3,18,10,2
3,19,18,4
3,20,19,3
3,21,18,3
3,22,21,3
3,23,18,2
3,24,18,2
3,25,10,2
3,26,25,4
3,27,26,1
3,28,25,3
3,29,25,2
3,31,30,3
3,32,31,4
3,33,31,3
3,34,33,3
3,35,31,2
3,36,35,2
3,37,31,1
3,38,37,2
3,39,37,1
3,40,30,2
3,41,40,4
3,42,40,3
3,43,40,1
3,44,43,1
3,45,30,2
3,47,46,4
3,48,47,2
3,49,46,3
3,50,49,2
3,51,49,2
3,52,51,2
3,53,46,3
3,54,53,3
3,55,46,2
3,56,55,3
3,62,61,2
3,65,64,3
3,70,69,3
3,71,69,3
3,73,72,3
3,74,72,3
3,78,77,3
3,111,54,3
3,113,18,5
3,114,113,1
3,115,31,5
3,116,13,4
3,117,40,4
3,118,119,1
3,119,25,3
3,120,45,5
3,121,84,4
4,2,1,6
4,3,1,5
4,4,3,1
4,5,1,3
4,6,5,3
4,7,5,1
4,8,7,1
4,9,1,2
4,10,9,3
4,11,9,1
4,12,11,3
4,13,9,1
4,14,13,4
4,16,15,5
4,17,15,3
4,18,17,1
4,19,17,1
4,20,15,3
4,21,20,1
4,22,21,3
4,23,15,2
4,24,23,3
4,25,15,2
4,26,25,4
4,27,25,3
4,28,25,2
4,29,28,1
4,30,29,3
4,32,31,5
4,33,32,2
4,34,31,3
4,35,34,2
4,36,35,1
4,37,31,2
4,38,37,3
4,39,37,3
4,40,39,2
4,47,46,2
4,52,51,3
4,54,53,2
4,63,62,2
4,93,33,3
4,95,25,4
4,96,16,2
4,97,16,2
4,98,21,2
4,99,2,1
4,100,29,2
4,101,36,3
4,102,12,3
4,108,34,5
6,2,1,6
6,3,2,3
6,4,1,6
6,5,4,1
6,6,5,3
6,7,1,4
6,8,7,7
6,9,1,3
6,10,9,3
6,11,9,2
6,12,1,2
6,13,12,2
6,14,13,3
6,16,15,6
6,17,16,1
6,18,15,5
6,19,18,1
6,20,19,3
6,21,15,3
6,22,15,2
6,23,15,2
6,24,23,1
6,25,24,5
6,26,24,4
6,27,24,4
6,28,24,2
6,30,29,6
6,31,30,1
6,32,29,5
6,33,32,2
6,34,33,2
6,35,32,1
6,36,29,5
6,37,36,4
6,38,29,3
6,39,38,1
6,40,29,2
6,41,40,3
6,42,41,2
6,50,49,3
6,54,53,3
6,56,55,2
6,58,57,2
6,66,65,2
6,68,67,3
6,96,3,3
6,98,32,2
6,99,98,2
6,100,9,2
6,101,32,3
6,102,21,2
6,103,12,4
6,104,18,3
7,2,1,5
7,3,1,5
7,4,1,4
7,5,4,3
7,6,4,2
7,7,1,2
7,8,7,3
7,10,9,4
7,11,9,3
7,12,11,5
7,13,11,2
7,14,11,3
7,15,9,3
7,16,15,3
7,17,9,2
7,18,17,4
7,19,9,2
7,20,19,4
7,21,19,3
7,22,21,3
7,24,23,6
7,25,23,5
7,26,23,5
7,27,23,2
7,28,27,3
7,29,27,3
7,30,29,1
7,31,30,3
7,32,27,2
7,33,32,3
7,34,32,1
7,35,34,3
7,36,27,2
7,37,36,3
7,38,23,2
7,40,39,5
7,41,40,2
7,42,39,2
7,43,42,2
7,44,39,2
7,45,44,4
7,46,45,2
7,47,44,2
7,48,47,3
7,49,44,1
7,50,39,1
7,52,51,3
7,53,51,4
7,54,51,2
7,55,54,3
7,56,54,2
7,57,56,3
7,63,62,2
7,65,64,2
7,67,66,3
7,73,72,3
7,74,72,3
7,78,77,3
7,113,31,3
7,115,4,3
7,116,26,2
7,117,38,4
7,118,117,3
7,119,19,7
7,120,75,5
7,121,28,4
8,2,1,5
8,3,1,6
8,4,1,5
8,5,4,3
8,6,1,3
8,7,1,2
8,8,7,3
8,9,8,3
8,10,7,2
8,12,11,4
8,13,12,4
8,14,13,2
8,15,12,3
8,16,12,2
8,17,16,3
8,18,12,1
8,19,18,3
8,20,11,3
8,21,11,3
8,22,11,2
8,23,11,2
8,25,24,5
8,26,24,4
8,27,26,2
8,28,27,2
8,29,26,1
8,30,29,3
8,31,24,4
8,32,24,3
8,33,32,3
8,34,24,2
8,36,35,3
8,37,36,2
8,38,35,2
8,39,38,3
8,40,35,2
8,46,45,2
8,51,50,2
8,53,52,2
8,55,54,3
8,61,60,3
8,62,60,3
8,66,65,3
8,97,9,3
8,99,35,5
8,100,26,2
8,101,31,3
8,102,101,2
8,103,26,2
8,104,15,1
9,2,1,5
9,3,1,4
9,4,3,2
9,5,3,1
9,6,1,3
9,7,6,4
9,8,6,3
9,9,8,1
9,10,1,3
9,11,10,4
9,12,10,5
9,14,13,6
9,15,14,2
9,16,13,4
9,17,16,3
9,18,13,3
9,19,18,3
9,20,18,2
9,21,20,3
9,22,18,2
9,23,22,1
9,24,23,3
9,25,18,1
9,26,13,3
9,27,13,2
9,28,27,5
9,29,27,2
9,31,30,6
9,32,31,2
9,33,30,5
9,34,30,3
9,35,34,3
9,36,34,2
9,37,30,3
9,38,37,3
9,39,37,2
9,40,37,2
9,41,40,3
9,42,30,2
9,43,42,2
9,45,44,2
9,46,44,2
9,47,44,3
9,48,47,2
9,54,53,2
9,57,56,2
9,59,58,3
9,64,63,3
9,65,63,3
9,68,67,3
9,100,24,3
9,102,1,6
9,103,19,3
9,104,18,3
9,105,37,3
9,106,105,3
9,107,47,2
9,108,107,3
9,109,25,2
9,110,12,3
9,111,21,3
10,2,1,5
10,3,1,5
10,4,1,2
10,5,4,1
10,6,1,2
10,7,6,3
10,8,7,1
10,9,1,2
10,10,9,2
10,11,9,1
10,12,11,3
10,14,13,5
10,15,14,1
10,16,13,4
10,17,13,3
10,18,13,2
10,19,18,1
10,20,19,1
10,21,20,3
10,22,18,1
10,23,22,1
10,24,23,2
10,25,13,2
10,26,25,3
10,27,26,1
10,28,25,1
10,30,29,5
10,31,29,3
10,32,31,2
10,33,32,2
10,34,29,2
10,35,34,3
10,36,34,1
10,37,36,1
10,39,38,3
10,40,38,2
10,47,46,3
10,51,50,3
10,53,52,2
10,63,62,2
10,93,24,3
10,95,29,6
10,96,100,1
10,97,9,4
10,98,14,2
10,99,98,3
10,100,34,3
10,101,3,4
11,2,1,5
11,3,1,6
11,4,1,4
11,5,4,3
11,6,1,3
11,7,1,2
11,8,7,4
11,10,9,3
11,11,10,4
11,12,11,2
11,13,10,3
11,14,13,3
11,15,10,3
11,16,15,3
11,17,10,2
11,18,17,3
11,19,17,2
11,20,17,2
11,21,9,3
11,22,9,2
11,23,22,4
11,24,22,3
11,25,22,2
11,27,26,4
11,28,27,3
11,29,26,3
11,30,29,3
11,31,30,2
11,32,29,2
11,33,32,2
11,34,29,2
11,35,26,3
11,36,35,2
11,37,26,2
11,38,37,3
11,39,37,2
11,40,39,2
11,41,37,2
11,42,41,4
11,43,37,1
11,45,44,2
11,46,44,4
11,47,46,2
11,48,44,2
11,49,48,2
11,50,49,3
11,56,55,2
11,60,59,2
11,62,61,3
11,67,66,3
11,68,66,3
11,71,70,3
11,78,77,2
11,79,77,2
11,81,80,3
11,111,14,3
11,113,26,7
11,114,48,4
11,115,44,4
11,116,41,5
11,117,23,3
11,118,30,4
12,2,1,5
12,3,1,5
12,4,3,3
12,5,1,4
12,6,1,3
12,7,6,1
12,8,1,2
12,10,9,6
12,11,9,4
12,12,11,3
12,13,9,3
12,14,13,4
12,15,13,3
12,16,13,2
12,17,16,3
12,18,9,3
12,19,9,2
12,21,20,4
12,22,21,1
12,23,22,3
12,24,20,3
12,25,24,3
12,26,20,2
12,27,26,3
12,28,26,1
12,29,28,2
12,30,20,2
12,32,31,3
12,33,32,2
12,34,31,3
12,35,31,2
12,36,31,2
12,37,36,4
12,38,36,1
12,40,39,2
12,41,39,2
12,42,39,2
12,43,39,3
12,44,39,2
12,45,44,3
12,46,44,2
12,47,46,3
12,48,44,1
12,54,53,2
12,59,58,3
12,64,63,3
12,65,63,3
12,68,67,3
12,99,23,3
12,101,43,2
12,102,101,3
12,103,107,1
12,104,31,5
12,105,14,1
12,106,105,3
12,107,21,1
12,108,19,5
13,2,1,5
13,3,1,3
13,4,1,3
13,5,1,2
13,6,5,3
13,7,6,3
13,8,5,2
13,9,5,1
13,11,10,3
13,12,10,2
13,13,12,4
13,14,12,2
13,15,10,2
13,16,15,3
13,17,15,3
13,19,18,6
13,20,18,6
13,21,18,4
13,22,21,4
13,23,21,3
13,24,21,2
13,25,24,3
13,26,18,3
13,27,18,2
13,28,27,2
13,29,27,1
13,31,30,4
13,32,31,2
13,38,37,2
13,43,42,2
13,45,44,3
13,71,25,3
13,73,2,4
13,74,22,2
13,78,13,3
13,79,41,5
14,2,1,5
14,3,1,6
14,4,1,5
14,5,4,3
14,6,1,4
14,7,1,3
14,9,8,6
14,10,9,2
14,11,8,3
14,12,11,3
14,13,12,2
14,14,11,2
14,15,8,3
14,16,15,4
14,17,8,2
14,18,17,2
14,19,17,1
14,21,20,5
14,22,20,4
14,23,22,3
14,24,20,4
14,25,20,3
14,26,25,3
14,27,26,2
14,28,20,2
14,29,28,3
14,30,29,3
14,36,35,2
14,40,39,3
14,44,43,3
14,45,43,3
14,71,5,3
14,73,26,2
14,74,18,3
14,75,24,3
14,77,23,3
